n_early,param,value
50,a,0.9925652146339417
50,a,0.9967129826545715
50,a,0.996529221534729
50,a,0.9991636276245117
50,a,0.996523916721344
50,a,1.0009315013885498
50,a,1.0077698230743408
50,a,0.9741949439048767
50,a,0.9967714548110962
50,a,0.9971132874488831
50,a,1.0068120956420898
50,a,1.0008388757705688
50,a,0.991196870803833
50,a,1.0015571117401123
50,a,0.9889073371887207
50,a,1.010094404220581
50,a,0.9991711974143982
50,a,0.9996092319488525
50,a,1.0017527341842651
50,a,1.0004911422729492
50,a,1.002714991569519
50,a,1.002426266670227
50,a,1.001238465309143
50,a,0.9772177338600159
50,a,0.9927572011947632
50,a,0.9728140830993652
50,a,0.9847042560577393
50,a,0.9933498501777649
50,a,0.9968902468681335
50,a,0.997244119644165
50,a,0.988394558429718
50,a,0.9856701493263245
50,a,0.9923573732376099
50,a,0.9978055953979492
50,a,0.9962433576583862
50,a,0.9899535179138184
50,a,0.9954840540885925
50,a,0.981691300868988
50,a,0.992738664150238
50,a,0.9964454770088196
50,a,0.9956429600715637
50,a,0.9863418936729431
50,a,0.9962921738624573
50,a,0.9911317825317383
50,a,0.9970301985740662
50,a,0.9969898462295532
50,a,0.9701104760169983
50,a,0.9956257939338684
50,a,0.9604405164718628
50,a,0.975183367729187
50,a,0.9910417795181274
50,a,0.9978716373443604
50,a,1.0160003900527954
50,a,0.9683258533477783
50,a,0.9795129299163818
50,a,0.9906003475189209
50,a,1.0134259462356567
50,a,1.0036848783493042
50,a,0.9866006374359131
50,a,0.9952587485313416
50,a,0.9730685353279114
50,a,1.0006872415542603
50,a,1.009727954864502
50,a,0.9978589415550232
50,a,0.9939478039741516
50,a,0.9981600046157837
50,a,1.0020743608474731
50,a,0.9982731342315674
50,a,0.9957132935523987
50,a,0.9957996010780334
50,a,1.0001879930496216
50,a,0.9952161908149719
50,a,1.005406141281128
50,a,1.0026395320892334
50,a,0.9998648762702942
50,a,1.0016828775405884
50,a,0.9955292344093323
50,a,1.0118776559829712
50,a,0.9980013966560364
50,a,1.0049365758895874
50,a,1.0029915571212769
50,a,0.9996251463890076
50,a,1.001084804534912
50,a,0.9993875622749329
50,a,0.9989138245582581
50,a,1.0071614980697632
50,a,1.0059155225753784
50,a,1.0035418272018433
50,a,0.9952132105827332
50,a,0.9889841675758362
50,a,1.0058794021606445
50,a,1.0049877166748047
50,a,0.9256962537765503
50,a,0.9194523096084595
50,a,0.8982045650482178
50,a,0.9072531461715698
50,a,0.9026661515235901
50,a,0.8868650794029236
50,a,0.9140498042106628
50,a,0.9519783854484558
50,a,0.9121230840682983
50,a,0.923914909362793
50,a,0.9027122855186462
50,a,0.9171229004859924
50,a,0.8929904103279114
50,a,0.9223578572273254
50,a,0.8883557915687561
50,a,0.9075493812561035
50,a,0.9164831042289734
50,a,0.9088752269744873
50,a,0.9176938533782959
50,a,0.8921690583229065
50,a,0.8765010237693787
50,a,0.9164389967918396
50,a,0.9056763052940369
50,a,0.9706548452377319
50,a,0.9781421422958374
50,a,0.9739691615104675
50,a,0.9945059418678284
50,a,0.9885814189910889
50,a,0.9789648056030273
50,a,0.9762797951698303
50,a,0.9698182940483093
50,a,1.004436731338501
50,a,0.9726998209953308
50,a,0.9953137636184692
50,a,1.0008206367492676
50,a,0.9777523279190063
50,a,0.9698399901390076
50,a,0.9749417901039124
50,a,0.9722590446472168
50,a,0.9991623163223267
50,a,0.9916138052940369
50,a,0.9673414826393127
50,a,0.8993686437606812
50,a,0.9831610918045044
50,a,0.992670476436615
50,a,0.9988155961036682
50,a,0.8898099660873413
50,a,0.9925941228866577
50,a,0.9987536072731018
50,a,1.000302791595459
50,a,0.9973674416542053
50,a,1.0025465488433838
50,a,0.99214768409729
50,a,0.997045636177063
50,a,1.002573013305664
50,a,0.9694328904151917
50,a,0.9917022585868835
50,a,1.0010775327682495
50,a,0.9937474131584167
50,a,0.9821603894233704
50,a,0.998538076877594
50,a,0.9954382181167603
50,a,0.9924119710922241
50,a,0.9697144627571106
50,a,0.9836879968643188
50,a,0.9932782053947449
50,a,0.9817227125167847
50,a,0.9646874070167542
50,a,0.9853864312171936
50,a,0.8528009057044983
50,a,0.8965009450912476
50,a,0.8919943571090698
50,a,0.8959863781929016
50,a,0.8908606171607971
50,a,0.8846498727798462
50,a,0.9006543159484863
50,a,0.8995215892791748
50,a,0.9056153893470764
50,a,0.9205368161201477
50,a,0.8735421299934387
50,a,0.9015101790428162
50,a,0.9335038065910339
50,a,0.8772914409637451
50,a,0.8943160772323608
50,a,0.9092743992805481
50,a,0.8898552060127258
50,a,0.8833500146865845
50,a,0.9281614422798157
50,a,0.9100272059440613
50,a,0.9171315431594849
50,a,0.899247944355011
50,a,0.877944827079773
50,a,0.9070796966552734
50,a,0.9701694846153259
50,a,0.9797473549842834
50,a,0.9837762117385864
50,a,0.9671630859375
50,a,0.9783134460449219
50,a,0.9765332937240601
50,a,0.9600179195404053
50,a,0.9826440811157227
50,a,0.9658514857292175
50,a,0.9907143712043762
50,a,0.9835466146469116
50,a,0.971632182598114
50,a,0.8777123689651489
50,a,0.9678048491477966
50,a,0.956055223941803
50,a,0.9536187648773193
50,a,0.8638150691986084
50,a,0.9617254137992859
50,a,0.9727749824523926
50,a,0.9501232504844666
50,a,0.8488792181015015
50,a,0.8739273548126221
50,a,0.9984626770019531
50,a,0.9919528961181641
50,a,0.9955713748931885
50,a,0.9965792894363403
50,a,0.9964057207107544
50,a,1.0026800632476807
50,a,0.9930587410926819
50,a,0.9965173006057739
50,a,0.9810628294944763
50,a,0.9942739605903625
50,a,1.0057997703552246
50,a,0.9926502108573914
50,a,0.9962215423583984
50,a,0.9989656805992126
50,a,0.9971797466278076
50,a,1.0048918724060059
50,a,1.0035839080810547
50,a,0.9885625839233398
50,a,1.0023128986358643
50,a,1.0038354396820068
50,a,0.9947813749313354
50,a,0.9775997996330261
50,a,1.004570484161377
50,a,0.9151942133903503
50,a,0.8791773915290833
50,a,0.9098917245864868
50,a,0.9114453792572021
50,a,0.9162401556968689
50,a,0.8821384310722351
50,a,0.8732770681381226
50,a,0.9218022227287292
50,a,0.9467149376869202
50,a,0.9139047861099243
50,a,0.9090155363082886
50,a,0.9455448985099792
50,a,0.9142104983329773
50,a,0.9131456613540649
50,a,0.9073561429977417
50,a,0.9066253304481506
50,a,0.8911280035972595
50,a,0.9270585179328918
50,a,0.8836334347724915
50,a,0.8955739140510559
50,a,0.8871191143989563
50,a,0.9162673354148865
50,a,0.9036158919334412
50,a,0.9764081239700317
50,a,0.9613892436027527
50,a,0.9762442111968994
50,a,0.9760776162147522
50,a,0.9639551639556885
50,a,0.9772037863731384
50,a,0.9029016494750977
50,a,0.9771252274513245
50,a,0.994580864906311
50,a,0.9694125652313232
50,a,0.9966515302658081
50,a,0.9734218716621399
50,a,0.9791818261146545
50,a,0.9837663769721985
50,a,0.8931832313537598
50,a,0.9804095029830933
50,a,0.9717071056365967
50,a,0.975098729133606
50,a,0.9695429801940918
50,a,0.9752084612846375
50,a,0.9603592753410339
50,a,0.9645023941993713
50,a,0.9820423126220703
50,a,0.9985533356666565
50,a,0.9974374771118164
50,a,0.9958739876747131
50,a,0.9995957612991333
50,a,0.998635470867157
50,a,0.9886017441749573
50,a,1.0018579959869385
50,a,1.0003533363342285
50,a,0.9870866537094116
50,a,0.9963113069534302
50,a,0.9975643754005432
50,a,0.9976093769073486
50,a,0.9968064427375793
50,a,1.000659465789795
50,a,0.99899822473526
50,a,0.9934781193733215
50,a,0.9952462315559387
50,a,0.9962095022201538
50,a,1.0055361986160278
50,a,1.0028414726257324
50,a,0.9944390058517456
50,a,0.9822137355804443
50,a,0.9966762661933899
50,a,0.9047636389732361
50,a,0.9126201868057251
50,a,0.881250262260437
50,a,0.9156534075737
50,a,0.923337459564209
50,a,0.9124014973640442
50,a,0.9100061655044556
50,a,0.9104618430137634
50,a,0.916240394115448
50,a,0.8858150839805603
50,a,0.9333662986755371
50,a,0.9296624064445496
50,a,0.9173426628112793
50,a,0.8948306441307068
50,a,0.9120767712593079
50,a,0.9248310327529907
50,a,0.9162341356277466
50,a,0.8978877067565918
50,a,0.8948606252670288
50,a,0.8937376141548157
50,a,0.92177814245224
50,a,0.9141258597373962
50,a,0.9135181903839111
50,a,0.9649633765220642
50,a,0.9655102491378784
50,a,0.9669383764266968
50,a,0.9818159341812134
50,a,0.9745341539382935
50,a,0.9671489000320435
50,a,0.9888709783554077
50,a,0.9840797185897827
50,a,0.9637041091918945
50,a,0.9866265058517456
50,a,0.9723638296127319
50,a,0.9804596900939941
50,a,0.9698002338409424
50,a,0.9812082052230835
50,a,0.9761732220649719
50,a,0.9727632999420166
50,a,0.9795243740081787
50,a,0.9814327955245972
50,a,0.993779718875885
50,a,0.985404908657074
50,a,0.968874454498291
50,a,0.960327684879303
50,a,0.9759560823440552
50,b,0.004847328178584576
50,b,0.0050501748919487
50,b,0.004404634702950716
50,b,0.005123183596879244
50,b,0.004941373132169247
50,b,0.005029269959777594
50,b,0.005036526825278997
50,b,0.00497067254036665
50,b,0.004963245242834091
50,b,0.004945707973092794
50,b,0.005015081260353327
50,b,0.0049996087327599525
50,b,0.0049752891063690186
50,b,0.005073923617601395
50,b,0.005080976523458958
50,b,0.005138656590133905
50,b,0.004905281122773886
50,b,0.00509012583643198
50,b,0.0049728769809007645
50,b,0.00501202093437314
50,b,0.005024449434131384
50,b,0.0050527011044323444
50,b,0.00504457438364625
50,b,0.004955223761498928
50,b,0.004969610832631588
50,b,0.0037845508195459843
50,b,0.005088912323117256
50,b,0.0049193259328603745
50,b,0.00500778341665864
50,b,0.005036065820604563
50,b,0.005666579585522413
50,b,0.004827649798244238
50,b,0.004975887015461922
50,b,0.004985548555850983
50,b,0.004993421491235495
50,b,0.00492564681917429
50,b,0.00507578207179904
50,b,0.004899266175925732
50,b,0.004903997294604778
50,b,0.004999201279133558
50,b,0.00502357492223382
50,b,0.004934344906359911
50,b,0.005022537894546986
50,b,0.005098024848848581
50,b,0.00509583530947566
50,b,0.005026990082114935
50,b,0.004803168121725321
50,b,0.0052636596374213696
50,b,0.004204058088362217
50,b,0.005112043581902981
50,b,0.004831154830753803
50,b,0.004993373993784189
50,b,0.0051451437175273895
50,b,0.004351880867034197
50,b,0.0046823215670883656
50,b,0.00484806764870882
50,b,0.005123032256960869
50,b,0.005196681246161461
50,b,0.004926170688122511
50,b,0.004998404998332262
50,b,0.004657377488911152
50,b,0.004608911462128162
50,b,0.005068755708634853
50,b,0.004883212968707085
50,b,0.004920766688883305
50,b,0.0049902647733688354
50,b,0.004872081335633993
50,b,0.005014633759856224
50,b,0.005018149968236685
50,b,0.005002985708415508
50,b,0.004994707182049751
50,b,0.004843696486204863
50,b,0.004999039229005575
50,b,0.005023596808314323
50,b,0.004925127606838942
50,b,0.00503051420673728
50,b,0.005030653439462185
50,b,0.005104762967675924
50,b,0.004932938143610954
50,b,0.005008005071431398
50,b,0.005039414390921593
50,b,0.004898418672382832
50,b,0.005227797664701939
50,b,0.004978416953235865
50,b,0.005051502026617527
50,b,0.005087703932076693
50,b,0.005011492408812046
50,b,0.00440859142690897
50,b,0.0050239963456988335
50,b,0.004794237203896046
50,b,0.00505500752478838
50,b,0.00502804946154356
50,b,0.002588205737993121
50,b,0.0026409453712403774
50,b,0.0029616770334541798
50,b,0.0026806110981851816
50,b,0.002716989489272237
50,b,0.0030478080734610558
50,b,0.0026507824659347534
50,b,0.0030506637413054705
50,b,0.0023738346062600613
50,b,0.0029844006057828665
50,b,0.002677939599379897
50,b,0.002765834331512451
50,b,0.0034455114509910345
50,b,0.002586360089480877
50,b,0.0028331719804555178
50,b,0.003064564196392894
50,b,0.0027035954408347607
50,b,0.002585975220426917
50,b,0.0038150777108967304
50,b,0.002639773301780224
50,b,0.0026213969103991985
50,b,0.0027305150870233774
50,b,0.0026582074351608753
50,b,0.0046517266891896725
50,b,0.004451795481145382
50,b,0.004729507025331259
50,b,0.00526076927781105
50,b,0.005104412790387869
50,b,0.004991855006664991
50,b,0.004727969411760569
50,b,0.004397847689688206
50,b,0.004922146443277597
50,b,0.004754497203975916
50,b,0.005251083057373762
50,b,0.0049003856256604195
50,b,0.004935020115226507
50,b,0.003936787601560354
50,b,0.004705231171101332
50,b,0.00488124368712306
50,b,0.004875374957919121
50,b,0.005059283226728439
50,b,0.0033723937813192606
50,b,0.004156920593231916
50,b,0.004669231362640858
50,b,0.0050260452553629875
50,b,0.004637273959815502
50,b,0.0034250880125910044
50,b,0.005040003452450037
50,b,0.004945468157529831
50,b,0.005043032579123974
50,b,0.004985301289707422
50,b,0.004940398037433624
50,b,0.004849547985941172
50,b,0.005038208328187466
50,b,0.005107921082526445
50,b,0.0042893970385193825
50,b,0.004762152675539255
50,b,0.004992356989532709
50,b,0.004945529159158468
50,b,0.00507027143612504
50,b,0.005034250672906637
50,b,0.0047102575190365314
50,b,0.005000405013561249
50,b,0.004908172879368067
50,b,0.004899424966424704
50,b,0.005052932538092136
50,b,0.005131865851581097
50,b,0.004391869064420462
50,b,0.004597966559231281
50,b,0.004136033356189728
50,b,0.0033072379883378744
50,b,0.0028016979340463877
50,b,0.0030725370161235332
50,b,0.002906177192926407
50,b,0.0031364753376692533
50,b,0.0026064810808748007
50,b,0.002986528677865863
50,b,0.0028603780083358288
50,b,0.0031277246307581663
50,b,0.0029166534077376127
50,b,0.0027632308192551136
50,b,0.002955781063064933
50,b,0.0026947546284645796
50,b,0.0029322688933461905
50,b,0.002431086963042617
50,b,0.0032050800509750843
50,b,0.0026902123354375362
50,b,0.0024803837295621634
50,b,0.0033189682289958
50,b,0.0025691406335681677
50,b,0.002203123876824975
50,b,0.002617879305034876
50,b,0.00413501774892211
50,b,0.0049201725050807
50,b,0.00467425724491477
50,b,0.004851615522056818
50,b,0.004602757748216391
50,b,0.005057018715888262
50,b,0.004212433937937021
50,b,0.004500450566411018
50,b,0.004558760207146406
50,b,0.0037166483234614134
50,b,0.005118255969136953
50,b,0.004895023535937071
50,b,0.004761367104947567
50,b,0.003680640133097768
50,b,0.004603343550115824
50,b,0.003578749019652605
50,b,0.0046523637138307095
50,b,0.0037517508026212454
50,b,0.004194194916635752
50,b,0.004988937173038721
50,b,0.00427993992343545
50,b,0.0032286501955240965
50,b,0.004186759702861309
50,b,0.00511598214507103
50,b,0.0048250798135995865
50,b,0.005066008307039738
50,b,0.0050564976409077644
50,b,0.004966206382960081
50,b,0.004929075017571449
50,b,0.005054759327322245
50,b,0.005047887563705444
50,b,0.00456545315682888
50,b,0.004963258747011423
50,b,0.005052279680967331
50,b,0.004843474365770817
50,b,0.005080702248960733
50,b,0.0050424193032085896
50,b,0.005140984430909157
50,b,0.005039803683757782
50,b,0.005062922369688749
50,b,0.004987050779163837
50,b,0.005131565500050783
50,b,0.00504595972597599
50,b,0.004950542468577623
50,b,0.004618586972355843
50,b,0.00512171583250165
50,b,0.0030704676173627377
50,b,0.002651864429935813
50,b,0.0030242742504924536
50,b,0.0027929183561354876
50,b,0.0028384781908243895
50,b,0.0028457504231482744
50,b,0.0026926223654299974
50,b,0.0028264170978218317
50,b,0.0027327227871865034
50,b,0.002663237974047661
50,b,0.0026050645392388105
50,b,0.0028236177749931812
50,b,0.003064157906919718
50,b,0.002683753613382578
50,b,0.002112351357936859
50,b,0.0027766262646764517
50,b,0.0031785278115421534
50,b,0.0031396071426570415
50,b,0.0029741337057203054
50,b,0.0030030165798962116
50,b,0.002842211164534092
50,b,0.002517489017918706
50,b,0.0030947888735681772
50,b,0.004703273065388203
50,b,0.00392611138522625
50,b,0.004880147520452738
50,b,0.0046162051148712635
50,b,0.00459605548530817
50,b,0.004879246931523085
50,b,0.004217893350869417
50,b,0.0045730420388281345
50,b,0.005114501807838678
50,b,0.0045114923268556595
50,b,0.005077488720417023
50,b,0.00460079126060009
50,b,0.004820546600967646
50,b,0.004562670364975929
50,b,0.00371423177421093
50,b,0.004990619607269764
50,b,0.0050336821004748344
50,b,0.004661107435822487
50,b,0.005099926143884659
50,b,0.0047141448594629765
50,b,0.004381266422569752
50,b,0.0049089170061051846
50,b,0.004964179825037718
50,b,0.004960036836564541
50,b,0.005054575856775045
50,b,0.005010790191590786
50,b,0.004924277774989605
50,b,0.005054732784628868
50,b,0.005048322957009077
50,b,0.005009067710489035
50,b,0.004976226482540369
50,b,0.005006620194762945
50,b,0.004942150786519051
50,b,0.0049744704738259315
50,b,0.004880209919065237
50,b,0.005069149658083916
50,b,0.004977477248758078
50,b,0.005099950823932886
50,b,0.004870095755904913
50,b,0.004822710063308477
50,b,0.004968591965734959
50,b,0.0050180950202047825
50,b,0.0050406064838171005
50,b,0.004955722019076347
50,b,0.005016800947487354
50,b,0.004997635260224342
50,b,0.0029143497813493013
50,b,0.0029863121453672647
50,b,0.0029309378005564213
50,b,0.0024521236773580313
50,b,0.002683332422748208
50,b,0.002405027858912945
50,b,0.002678735414519906
50,b,0.0024110928643494844
50,b,0.002412704285234213
50,b,0.0025970113929361105
50,b,0.0026645539328455925
50,b,0.002569952979683876
50,b,0.0027558256406337023
50,b,0.0027125156484544277
50,b,0.0028132011648267508
50,b,0.0030076168477535248
50,b,0.0024927635677158833
50,b,0.0026327387895435095
50,b,0.0028347570914775133
50,b,0.002859074156731367
50,b,0.0029092789627611637
50,b,0.0023959153331816196
50,b,0.0027942184824496508
50,b,0.0044080279767513275
50,b,0.004702798090875149
50,b,0.00458772387355566
50,b,0.004897036124020815
50,b,0.0044903624802827835
50,b,0.00436106463894248
50,b,0.005216472782194614
50,b,0.004907140973955393
50,b,0.004338223021477461
50,b,0.004867423325777054
50,b,0.004522681701928377
50,b,0.0048955888487398624
50,b,0.0045648617669939995
50,b,0.0047377184964716434
50,b,0.004705893341451883
50,b,0.005084682255983353
50,b,0.005041738972067833
50,b,0.005025405436754227
50,b,0.005025213584303856
50,b,0.00464670779183507
50,b,0.0047813705168664455
50,b,0.004400924779474735
50,b,0.004880556836724281
50,c,0.1285274475812912
50,c,0.1536708027124405
50,c,0.12534423172473907
50,c,0.13219264149665833
50,c,0.13372454047203064
50,c,0.13153526186943054
50,c,0.1492665410041809
50,c,0.1547752171754837
50,c,0.1368270218372345
50,c,0.13485203683376312
50,c,0.14853227138519287
50,c,0.14748722314834595
50,c,0.13255217671394348
50,c,0.13200350105762482
50,c,0.15481047332286835
50,c,0.14816707372665405
50,c,0.14255081117153168
50,c,0.13155746459960938
50,c,0.1358942985534668
50,c,0.12990090250968933
50,c,0.14313113689422607
50,c,0.13895545899868011
50,c,0.1328233927488327
50,c,0.16668477654457092
50,c,0.17994065582752228
50,c,0.18110473453998566
50,c,0.16868259012699127
50,c,0.17183689773082733
50,c,0.17657563090324402
50,c,0.163263738155365
50,c,0.19259372353553772
50,c,0.1812679022550583
50,c,0.1705590933561325
50,c,0.1675395518541336
50,c,0.1893407255411148
50,c,0.19197142124176025
50,c,0.17542500793933868
50,c,0.18943311274051666
50,c,0.1642650067806244
50,c,0.159491166472435
50,c,0.17098726332187653
50,c,0.1429283618927002
50,c,0.17581933736801147
50,c,0.14392034709453583
50,c,0.18371528387069702
50,c,0.1815992295742035
50,c,0.1382731944322586
50,c,0.14661405980587006
50,c,0.14112256467342377
50,c,0.13256098330020905
50,c,0.16464917361736298
50,c,0.15437360107898712
50,c,0.15704958140850067
50,c,0.12962083518505096
50,c,0.1392718404531479
50,c,0.15991394221782684
50,c,0.1581697165966034
50,c,0.14635947346687317
50,c,0.13973255455493927
50,c,0.15088090300559998
50,c,0.12817519903182983
50,c,0.15509530901908875
50,c,0.16748814284801483
50,c,0.14838069677352905
50,c,0.1523546576499939
50,c,0.15195317566394806
50,c,0.15939709544181824
50,c,0.14919324219226837
50,c,0.15387263894081116
50,c,0.1520068645477295
50,c,0.13924595713615417
50,c,0.13766711950302124
50,c,0.14653587341308594
50,c,0.1468643844127655
50,c,0.14039745926856995
50,c,0.14155922830104828
50,c,0.12771423161029816
50,c,0.15045396983623505
50,c,0.13041827082633972
50,c,0.14808309078216553
50,c,0.14396527409553528
50,c,0.1350771188735962
50,c,0.1543247103691101
50,c,0.1368987113237381
50,c,0.1325046271085739
50,c,0.14443174004554749
50,c,0.14622636139392853
50,c,0.12850771844387054
50,c,0.11844010651111603
50,c,0.15691009163856506
50,c,0.14660757780075073
50,c,0.14928972721099854
50,c,0.15030716359615326
50,c,0.1497553586959839
50,c,0.11866689473390579
50,c,0.1670668125152588
50,c,0.1675187647342682
50,c,0.12085611373186111
50,c,0.16140197217464447
50,c,0.1555924415588379
50,c,0.13398176431655884
50,c,0.17068418860435486
50,c,0.1665002554655075
50,c,0.12506918609142303
50,c,0.12478171288967133
50,c,0.1294568032026291
50,c,0.1555846631526947
50,c,0.16745994985103607
50,c,0.13087689876556396
50,c,0.16348376870155334
50,c,0.10537578165531158
50,c,0.1597125232219696
50,c,0.16139322519302368
50,c,0.1601012796163559
50,c,0.13175185024738312
50,c,0.14434821903705597
50,c,0.15824837982654572
50,c,0.15501870214939117
50,c,0.14682675898075104
50,c,0.14560504257678986
50,c,0.1478675752878189
50,c,0.15348823368549347
50,c,0.1437353789806366
50,c,0.157578706741333
50,c,0.14452475309371948
50,c,0.1472359597682953
50,c,0.1583319753408432
50,c,0.12941314280033112
50,c,0.14839884638786316
50,c,0.1517394632101059
50,c,0.14140023291110992
50,c,0.15375033020973206
50,c,0.15167978405952454
50,c,0.1434086561203003
50,c,0.12954960763454437
50,c,0.14785875380039215
50,c,0.13856291770935059
50,c,0.16110332310199738
50,c,0.12678410112857819
50,c,0.1261114627122879
50,c,0.13717590272426605
50,c,0.13691523671150208
50,c,0.12789081037044525
50,c,0.13327759504318237
50,c,0.13259372115135193
50,c,0.12918290495872498
50,c,0.1383700966835022
50,c,0.13765612244606018
50,c,0.14561395347118378
50,c,0.1382361501455307
50,c,0.13370193541049957
50,c,0.12338390201330185
50,c,0.12677939236164093
50,c,0.1513052135705948
50,c,0.1266464740037918
50,c,0.12508484721183777
50,c,0.1490486115217209
50,c,0.12572631239891052
50,c,0.14707645773887634
50,c,0.13898399472236633
50,c,0.1261715590953827
50,c,0.1314334273338318
50,c,0.16926755011081696
50,c,0.1646547168493271
50,c,0.1167413592338562
50,c,0.15372733771800995
50,c,0.11393173784017563
50,c,0.15488092601299286
50,c,0.12029164284467697
50,c,0.12127573043107986
50,c,0.11313505470752716
50,c,0.17575472593307495
50,c,0.16485023498535156
50,c,0.17180627584457397
50,c,0.1556653082370758
50,c,0.15887226164340973
50,c,0.11860868334770203
50,c,0.167948916554451
50,c,0.14001721143722534
50,c,0.14273571968078613
50,c,0.16636985540390015
50,c,0.14920048415660858
50,c,0.15831318497657776
50,c,0.1387632042169571
50,c,0.0841166079044342
50,c,0.13309240341186523
50,c,0.14573204517364502
50,c,0.15329022705554962
50,c,0.14948545396327972
50,c,0.13605287671089172
50,c,0.1589021533727646
50,c,0.14331714808940887
50,c,0.15497632324695587
50,c,0.13938158750534058
50,c,0.138050839304924
50,c,0.1502441018819809
50,c,0.1361444890499115
50,c,0.10497485846281052
50,c,0.14814050495624542
50,c,0.14381231367588043
50,c,0.1303652971982956
50,c,0.1240590512752533
50,c,0.14197632670402527
50,c,0.13337448239326477
50,c,0.13432171940803528
50,c,0.11349166929721832
50,c,0.1004737913608551
50,c,0.12803100049495697
50,c,0.1325087994337082
50,c,0.1327713131904602
50,c,0.1300537884235382
50,c,0.1239529475569725
50,c,0.13859279453754425
50,c,0.13136842846870422
50,c,0.12915632128715515
50,c,0.14116346836090088
50,c,0.12817318737506866
50,c,0.14027240872383118
50,c,0.12464255094528198
50,c,0.12884846329689026
50,c,0.13598662614822388
50,c,0.1270328015089035
50,c,0.1328769028186798
50,c,0.13252386450767517
50,c,0.12627315521240234
50,c,0.1383247822523117
50,c,0.13320723176002502
50,c,0.13016143441200256
50,c,0.13955339789390564
50,c,0.13304322957992554
50,c,0.15156444907188416
50,c,0.1478717178106308
50,c,0.16584078967571259
50,c,0.15842586755752563
50,c,0.15551261603832245
50,c,0.12037587910890579
50,c,0.1349186897277832
50,c,0.15999732911586761
50,c,0.15140384435653687
50,c,0.16668781638145447
50,c,0.13266140222549438
50,c,0.15029816329479218
50,c,0.161734476685524
50,c,0.14860522747039795
50,c,0.15161269903182983
50,c,0.12802165746688843
50,c,0.1309652030467987
50,c,0.17048059403896332
50,c,0.14920565485954285
50,c,0.11557754874229431
50,c,0.15071463584899902
50,c,0.13695845007896423
50,c,0.13446460664272308
50,c,0.14140915870666504
50,c,0.15571147203445435
50,c,0.1347566843032837
50,c,0.14805808663368225
50,c,0.1479194462299347
50,c,0.15113933384418488
50,c,0.13022908568382263
50,c,0.1473258137702942
50,c,0.13349054753780365
50,c,0.15098117291927338
50,c,0.15386758744716644
50,c,0.146450012922287
50,c,0.13868144154548645
50,c,0.15280406177043915
50,c,0.1307627558708191
50,c,0.14607860147953033
50,c,0.13421067595481873
50,c,0.13473950326442719
50,c,0.1293608695268631
50,c,0.1478794515132904
50,c,0.14860472083091736
50,c,0.13485932350158691
50,c,0.13729774951934814
50,c,0.1320813149213791
50,c,0.12860657274723053
50,c,0.1322201043367386
50,c,0.14072741568088531
50,c,0.1320149451494217
50,c,0.1485796570777893
50,c,0.14701104164123535
50,c,0.14287027716636658
50,c,0.14649628102779388
50,c,0.1459897756576538
50,c,0.13114751875400543
50,c,0.1401192545890808
50,c,0.13106942176818848
50,c,0.13862521946430206
50,c,0.13267940282821655
50,c,0.13111381232738495
50,c,0.14155788719654083
50,c,0.14195649325847626
50,c,0.14276817440986633
50,c,0.13842684030532837
50,c,0.13000032305717468
50,c,0.14988742768764496
50,c,0.13751038908958435
50,c,0.12082218378782272
50,c,0.15786713361740112
50,c,0.15677960216999054
50,c,0.16646337509155273
50,c,0.15131576359272003
50,c,0.14847873151302338
50,c,0.1590621918439865
50,c,0.1659589260816574
50,c,0.14985229074954987
50,c,0.1662112921476364
50,c,0.15804320573806763
50,c,0.16929157078266144
50,c,0.1649162918329239
50,c,0.12849412858486176
50,c,0.15868587791919708
50,c,0.16598615050315857
50,c,0.17494487762451172
50,c,0.1690850406885147
50,c,0.13364943861961365
50,c,0.11609040200710297
50,c,0.17018191516399384
50,c,0.15190641582012177
50,c,0.1688215285539627
50,c,0.14621467888355255
50,c,0.14131805300712585
50,c,0.1446147859096527
50,c,0.15029975771903992
50,c,0.15194937586784363
50,c,0.14881770312786102
50,c,0.12869594991207123
50,c,0.14899680018424988
50,c,0.14720147848129272
50,c,0.14645527303218842
50,c,0.1500241756439209
50,c,0.14202412962913513
50,c,0.1469457894563675
50,c,0.1558050960302353
50,c,0.14650943875312805
50,c,0.13448689877986908
50,c,0.1439853310585022
50,c,0.14738444983959198
50,c,0.14538004994392395
50,c,0.157328799366951
50,c,0.1409042626619339
50,c,0.14402678608894348
50,c,0.1396809220314026
50,d,0.015055318363010883
50,d,0.015204215422272682
50,d,0.013581533916294575
50,d,0.015098144300282001
50,d,0.015055978670716286
50,d,0.015127914026379585
50,d,0.014925590716302395
50,d,0.015145281329751015
50,d,0.014454132877290249
50,d,0.014914954081177711
50,d,0.014908739365637302
50,d,0.015000371262431145
50,d,0.015315348282456398
50,d,0.015232851728796959
50,d,0.015248890966176987
50,d,0.014000623486936092
50,d,0.014825520105659962
50,d,0.014806834049522877
50,d,0.015085263177752495
50,d,0.01496144663542509
50,d,0.014417787082493305
50,d,0.015043951570987701
50,d,0.015331299044191837
50,d,0.014191857539117336
50,d,0.014905440621078014
50,d,0.01349605992436409
50,d,0.015512138605117798
50,d,0.015012456104159355
50,d,0.014971979893743992
50,d,0.015154954046010971
50,d,0.016394423320889473
50,d,0.014738716185092926
50,d,0.015000227838754654
50,d,0.01513621211051941
50,d,0.01496801059693098
50,d,0.014763720333576202
50,d,0.015203876420855522
50,d,0.015377117320895195
50,d,0.01497679203748703
50,d,0.015298561193048954
50,d,0.014882042072713375
50,d,0.014924835413694382
50,d,0.014932175166904926
50,d,0.015214136801660061
50,d,0.015304667875170708
50,d,0.015179007314145565
50,d,0.014981943182647228
50,d,0.015510214492678642
50,d,0.014453043229877949
50,d,0.015232742764055729
50,d,0.014167273417115211
50,d,0.01485612615942955
50,d,0.015610731206834316
50,d,0.013582299463450909
50,d,0.014069234021008015
50,d,0.014285634271800518
50,d,0.015276094898581505
50,d,0.015607694163918495
50,d,0.01417858712375164
50,d,0.014764755964279175
50,d,0.013295899145305157
50,d,0.014391439035534859
50,d,0.015362708829343319
50,d,0.01472425926476717
50,d,0.015067119151353836
50,d,0.015028507448732853
50,d,0.014905696734786034
50,d,0.015102140605449677
50,d,0.014723177999258041
50,d,0.01501296553760767
50,d,0.014815399423241615
50,d,0.014712046831846237
50,d,0.015067549422383308
50,d,0.014981414191424847
50,d,0.014878655783832073
50,d,0.01500297524034977
50,d,0.014265832491219044
50,d,0.014780260622501373
50,d,0.015044339001178741
50,d,0.01508420705795288
50,d,0.015010081231594086
50,d,0.01522715762257576
50,d,0.015045048668980598
50,d,0.014863495714962482
50,d,0.01528475247323513
50,d,0.014809848740696907
50,d,0.015015055425465107
50,d,0.013360240496695042
50,d,0.015233839862048626
50,d,0.014727980829775333
50,d,0.014494521543383598
50,d,0.014678175561130047
50,d,0.00668330630287528
50,d,0.008172856643795967
50,d,0.008223410695791245
50,d,0.007435756269842386
50,d,0.007639847230166197
50,d,0.008142709732055664
50,d,0.00786507222801447
50,d,0.009276763536036015
50,d,0.0070627895183861256
50,d,0.00875842571258545
50,d,0.0074235983192920685
50,d,0.007970520295202732
50,d,0.008545955643057823
50,d,0.007638178300112486
50,d,0.00849904678761959
50,d,0.008779189549386501
50,d,0.007747722789645195
50,d,0.0074429577216506
50,d,0.011785715818405151
50,d,0.008418146520853043
50,d,0.006963795982301235
50,d,0.007463144138455391
50,d,0.007559266407042742
50,d,0.013775818049907684
50,d,0.013103729113936424
50,d,0.013423804193735123
50,d,0.015981804579496384
50,d,0.015444553457200527
50,d,0.014438198879361153
50,d,0.013810945674777031
50,d,0.013258134946227074
50,d,0.014715990982949734
50,d,0.013993995264172554
50,d,0.01607956364750862
50,d,0.014113292098045349
50,d,0.015082523226737976
50,d,0.011551544070243835
50,d,0.013721776194870472
50,d,0.014069663360714912
50,d,0.014364529401063919
50,d,0.015408494509756565
50,d,0.008601579815149307
50,d,0.011234790086746216
50,d,0.014658981934189796
50,d,0.015381399542093277
50,d,0.01413888018578291
50,d,0.013680917210876942
50,d,0.01456921361386776
50,d,0.014883913099765778
50,d,0.01520325243473053
50,d,0.014698157086968422
50,d,0.015358240343630314
50,d,0.014829090796411037
50,d,0.015242412686347961
50,d,0.015018642880022526
50,d,0.012964139692485332
50,d,0.014728627167642117
50,d,0.01525107305496931
50,d,0.015259728766977787
50,d,0.014079567976295948
50,d,0.014882884919643402
50,d,0.015777913853526115
50,d,0.014409986324608326
50,d,0.014888386242091656
50,d,0.015066255815327168
50,d,0.014819357544183731
50,d,0.01513632107526064
50,d,0.015810856595635414
50,d,0.015192425809800625
50,d,0.01139308512210846
50,d,0.008639595471322536
50,d,0.00793292187154293
50,d,0.008240108378231525
50,d,0.008341948501765728
50,d,0.008729007095098495
50,d,0.00849838275462389
50,d,0.008388041518628597
50,d,0.008003436960279942
50,d,0.009333851747214794
50,d,0.007620447315275669
50,d,0.007720222231000662
50,d,0.008040844462811947
50,d,0.008667287416756153
50,d,0.008516267873346806
50,d,0.008129876106977463
50,d,0.008827553130686283
50,d,0.009479744359850883
50,d,0.007146758958697319
50,d,0.00868339091539383
50,d,0.007028508465737104
50,d,0.007764498237520456
50,d,0.00918499007821083
50,d,0.011064093559980392
50,d,0.0148632125928998
50,d,0.01397309172898531
50,d,0.014080441556870937
50,d,0.013247429393231869
50,d,0.014892562292516232
50,d,0.012570548802614212
50,d,0.013466181233525276
50,d,0.013462412171065807
50,d,0.01262007374316454
50,d,0.015381444245576859
50,d,0.014294573105871677
50,d,0.013846059329807758
50,d,0.009693168103694916
50,d,0.013194858096539974
50,d,0.008233427070081234
50,d,0.014240936376154423
50,d,0.01045589055866003
50,d,0.011837244033813477
50,d,0.014939653687179089
50,d,0.011563300155103207
50,d,0.007812995463609695
50,d,0.009112691506743431
50,d,0.015157684683799744
50,d,0.014400335028767586
50,d,0.01507687196135521
50,d,0.015313567593693733
50,d,0.015126832760870457
50,d,0.014904438517987728
50,d,0.015624509193003178
50,d,0.015289802104234695
50,d,0.014327343553304672
50,d,0.01540052518248558
50,d,0.015328302048146725
50,d,0.014206880703568459
50,d,0.015177502296864986
50,d,0.015020541846752167
50,d,0.014638390392065048
50,d,0.01520599890500307
50,d,0.015149368904531002
50,d,0.0150077473372221
50,d,0.015500619076192379
50,d,0.015248599462211132
50,d,0.014573680236935616
50,d,0.013590733520686626
50,d,0.015282681211829185
50,d,0.008958232589066029
50,d,0.00844408106058836
50,d,0.008430550806224346
50,d,0.008740448392927647
50,d,0.00880234595388174
50,d,0.008005627430975437
50,d,0.008598770946264267
50,d,0.00887631718069315
50,d,0.008982460014522076
50,d,0.008779989555478096
50,d,0.007779982872307301
50,d,0.009178029373288155
50,d,0.00889392476528883
50,d,0.00826235394924879
50,d,0.008567800745368004
50,d,0.007964487187564373
50,d,0.008183295838534832
50,d,0.00942086149007082
50,d,0.008128426037728786
50,d,0.00832289271056652
50,d,0.00851681549102068
50,d,0.008029426448047161
50,d,0.008346532471477985
50,d,0.013761214911937714
50,d,0.011866999790072441
50,d,0.014599700458347797
50,d,0.013116288930177689
50,d,0.012951336801052094
50,d,0.014055849052965641
50,d,0.012296210043132305
50,d,0.013182569295167923
50,d,0.016184108331799507
50,d,0.012540435418486595
50,d,0.01469535380601883
50,d,0.013759837485849857
50,d,0.014224458485841751
50,d,0.013392112217843533
50,d,0.01157274842262268
50,d,0.014445106498897076
50,d,0.014988644979894161
50,d,0.014275760389864445
50,d,0.015314735472202301
50,d,0.013803335838019848
50,d,0.01239845436066389
50,d,0.012323222123086452
50,d,0.014866684563457966
50,d,0.015200003981590271
50,d,0.015091076493263245
50,d,0.014505231752991676
50,d,0.015273858793079853
50,d,0.015160792507231236
50,d,0.014702804386615753
50,d,0.015169695019721985
50,d,0.014994293451309204
50,d,0.01453243289142847
50,d,0.01467434037476778
50,d,0.015045523643493652
50,d,0.015023879706859589
50,d,0.015257866121828556
50,d,0.014988739043474197
50,d,0.0152717474848032
50,d,0.014359311200678349
50,d,0.015209857374429703
50,d,0.015288395807147026
50,d,0.015116493217647076
50,d,0.01478774007409811
50,d,0.015044855885207653
50,d,0.014920375309884548
50,d,0.015125405043363571
50,d,0.008433694019913673
50,d,0.008695369586348534
50,d,0.008308593183755875
50,d,0.007454813923686743
50,d,0.008657836355268955
50,d,0.007036096416413784
50,d,0.00771362753584981
50,d,0.007354617118835449
50,d,0.007111239247024059
50,d,0.007349183317273855
50,d,0.008604870177805424
50,d,0.007640761323273182
50,d,0.008699786849319935
50,d,0.00798469502478838
50,d,0.00855992455035448
50,d,0.00867052748799324
50,d,0.00731522124260664
50,d,0.007542998064309359
50,d,0.008052673190832138
50,d,0.00836750864982605
50,d,0.008669407106935978
50,d,0.006816948764026165
50,d,0.007996544241905212
50,d,0.013068940490484238
50,d,0.013541137799620628
50,d,0.013119866140186787
50,d,0.014302961528301239
50,d,0.012841245159506798
50,d,0.012447318993508816
50,d,0.016175413504242897
50,d,0.014677139930427074
50,d,0.012480143457651138
50,d,0.015184523537755013
50,d,0.013126862235367298
50,d,0.01471015252172947
50,d,0.0129668228328228
50,d,0.01356600783765316
50,d,0.013503707014024258
50,d,0.015407436527311802
50,d,0.01490310300141573
50,d,0.014466826803982258
50,d,0.014959755353629589
50,d,0.013308826833963394
50,d,0.014056854881346226
50,d,0.012409348040819168
50,d,0.014400622807443142
50,s,3.545531988143921
50,s,3.531170129776001
50,s,3.345698833465576
50,s,3.5407984256744385
50,s,3.4832115173339844
50,s,3.5067296028137207
50,s,3.5004398822784424
50,s,3.1818413734436035
50,s,3.470414161682129
50,s,3.494706153869629
50,s,3.5067877769470215
50,s,3.492906093597412
50,s,3.4861950874328613
50,s,3.5179083347320557
50,s,3.4712207317352295
50,s,3.5654563903808594
50,s,3.460646629333496
50,s,3.5216917991638184
50,s,3.4969916343688965
50,s,3.4963326454162598
50,s,3.499685764312744
50,s,3.526597499847412
50,s,3.507138967514038
50,s,3.4477906227111816
50,s,3.5004985332489014
50,s,3.22434663772583
50,s,3.5227108001708984
50,s,3.501356601715088
50,s,3.4935030937194824
50,s,3.508129358291626
50,s,3.6203532218933105
50,s,3.4684958457946777
50,s,3.5057570934295654
50,s,3.502873420715332
50,s,3.5054354667663574
50,s,3.482236862182617
50,s,3.5168328285217285
50,s,3.4937782287597656
50,s,3.472344398498535
50,s,3.514988422393799
50,s,3.461937189102173
50,s,3.4991369247436523
50,s,3.494138717651367
50,s,3.499210834503174
50,s,3.5288310050964355
50,s,3.5184006690979004
50,s,3.3780908584594727
50,s,3.3960046768188477
50,s,3.3765969276428223
50,s,3.4833102226257324
50,s,3.462860584259033
50,s,3.45583438873291
50,s,3.391693115234375
50,s,3.506591796875
50,s,3.460946559906006
50,s,3.4628772735595703
50,s,3.378849983215332
50,s,3.471421718597412
50,s,3.431962728500366
50,s,3.473174571990967
50,s,3.3829822540283203
50,s,3.336125373840332
50,s,3.4583234786987305
50,s,3.3919029235839844
50,s,3.4703421592712402
50,s,3.4637868404388428
50,s,3.435593605041504
50,s,3.4728500843048096
50,s,3.477327585220337
50,s,3.5075831413269043
50,s,3.5153050422668457
50,s,3.4388856887817383
50,s,3.5090153217315674
50,s,3.511711835861206
50,s,3.4920403957366943
50,s,3.5172133445739746
50,s,3.5006473064422607
50,s,3.502338409423828
50,s,3.496969223022461
50,s,3.5049567222595215
50,s,3.4762563705444336
50,s,3.520170211791992
50,s,3.568603277206421
50,s,3.4875376224517822
50,s,3.5075809955596924
50,s,3.5085575580596924
50,s,3.514474630355835
50,s,3.468336582183838
50,s,3.391105890274048
50,s,3.4038844108581543
50,s,3.5412211418151855
50,s,3.4941062927246094
50,s,2.6457250118255615
50,s,2.7049384117126465
50,s,2.7305281162261963
50,s,2.656575918197632
50,s,2.667952299118042
50,s,2.709331512451172
50,s,2.7146055698394775
50,s,2.4948692321777344
50,s,2.5791757106781006
50,s,2.6132562160491943
50,s,2.660064697265625
50,s,2.5919811725616455
50,s,2.5603606700897217
50,s,2.4811418056488037
50,s,2.7709474563598633
50,s,2.687450647354126
50,s,2.5794246196746826
50,s,2.6736717224121094
50,s,2.727870464324951
50,s,2.543147325515747
50,s,2.672863245010376
50,s,2.5557861328125
50,s,2.64438533782959
50,s,3.2419166564941406
50,s,3.2105464935302734
50,s,3.338141918182373
50,s,3.3095686435699463
50,s,3.2819864749908447
50,s,3.3160758018493652
50,s,3.2574005126953125
50,s,3.1927578449249268
50,s,3.183440923690796
50,s,3.2864696979522705
50,s,3.307612180709839
50,s,3.1678385734558105
50,s,3.284573554992676
50,s,3.0990185737609863
50,s,3.3218607902526855
50,s,3.3317692279815674
50,s,3.1985135078430176
50,s,3.2838134765625
50,s,3.0330874919891357
50,s,3.2995004653930664
50,s,3.363222599029541
50,s,3.261276960372925
50,s,3.1925415992736816
50,s,2.9783036708831787
50,s,3.448328733444214
50,s,3.510187864303589
50,s,3.5015687942504883
50,s,3.472146511077881
50,s,3.5518877506256104
50,s,3.486787796020508
50,s,3.489624500274658
50,s,3.492797374725342
50,s,3.3807621002197266
50,s,3.4254817962646484
50,s,3.5115015506744385
50,s,3.5208890438079834
50,s,3.4944963455200195
50,s,3.4914379119873047
50,s,3.5654349327087402
50,s,3.445267677307129
50,s,3.4190104007720947
50,s,3.4440531730651855
50,s,3.4846086502075195
50,s,3.487391471862793
50,s,3.3595190048217773
50,s,3.428478240966797
50,s,3.0690596103668213
50,s,2.611599922180176
50,s,2.7158749103546143
50,s,2.6790995597839355
50,s,2.811312198638916
50,s,2.6482741832733154
50,s,2.7582130432128906
50,s,2.6493353843688965
50,s,2.6441872119903564
50,s,2.458705186843872
50,s,2.663508892059326
50,s,2.710730791091919
50,s,2.5041191577911377
50,s,2.604290723800659
50,s,2.805487871170044
50,s,2.534130096435547
50,s,2.621396541595459
50,s,2.4260001182556152
50,s,2.526695489883423
50,s,2.519442319869995
50,s,2.6304221153259277
50,s,2.373410940170288
50,s,2.576246500015259
50,s,2.7579591274261475
50,s,3.362717628479004
50,s,3.251246929168701
50,s,3.28804874420166
50,s,3.361534595489502
50,s,3.216402530670166
50,s,3.122826099395752
50,s,3.3136744499206543
50,s,3.27677845954895
50,s,3.010181427001953
50,s,3.293290138244629
50,s,3.288875102996826
50,s,3.152886390686035
50,s,3.1335525512695312
50,s,3.336308479309082
50,s,2.918795585632324
50,s,3.327312469482422
50,s,2.992314338684082
50,s,3.116283893585205
50,s,3.297555923461914
50,s,3.1639273166656494
50,s,2.654877185821533
50,s,2.714907646179199
50,s,3.5196967124938965
50,s,3.486152172088623
50,s,3.5177834033966064
50,s,3.5169618129730225
50,s,3.484776258468628
50,s,3.4807655811309814
50,s,3.498875141143799
50,s,3.523937463760376
50,s,3.3229761123657227
50,s,3.4981555938720703
50,s,3.48178768157959
50,s,3.4269967079162598
50,s,3.5105252265930176
50,s,3.517972230911255
50,s,3.491568088531494
50,s,3.476425886154175
50,s,3.4974241256713867
50,s,3.511949062347412
50,s,3.494493246078491
50,s,3.511744976043701
50,s,3.4913570880889893
50,s,3.3622937202453613
50,s,3.5075812339782715
50,s,2.5579140186309814
50,s,2.7531139850616455
50,s,2.555683135986328
50,s,2.656771659851074
50,s,2.6626760959625244
50,s,2.7140486240386963
50,s,2.4690704345703125
50,s,2.590179443359375
50,s,2.35361385345459
50,s,2.703294038772583
50,s,2.6025726795196533
50,s,2.4525749683380127
50,s,2.5371828079223633
50,s,2.6479573249816895
50,s,2.374335765838623
50,s,2.5931615829467773
50,s,2.5870301723480225
50,s,2.424798011779785
50,s,2.500777006149292
50,s,2.6324305534362793
50,s,2.7772226333618164
50,s,2.3672587871551514
50,s,2.5406956672668457
50,s,3.232177734375
50,s,3.1454524993896484
50,s,3.2797322273254395
50,s,3.2211380004882812
50,s,3.3077945709228516
50,s,3.278353691101074
50,s,3.189887523651123
50,s,3.1946706771850586
50,s,3.3336267471313477
50,s,3.24708890914917
50,s,3.25264310836792
50,s,3.2673637866973877
50,s,3.2547333240509033
50,s,3.204127788543701
50,s,3.059450149536133
50,s,3.338146686553955
50,s,3.3375511169433594
50,s,3.16154408454895
50,s,3.273751735687256
50,s,3.252046585083008
50,s,3.278069019317627
50,s,3.3474535942077637
50,s,3.280207633972168
50,s,3.4761722087860107
50,s,3.4970011711120605
50,s,3.477593421936035
50,s,3.4795689582824707
50,s,3.510141611099243
50,s,3.482550859451294
50,s,3.5064711570739746
50,s,3.4920196533203125
50,s,3.4913153648376465
50,s,3.477586269378662
50,s,3.4896767139434814
50,s,3.4776346683502197
50,s,3.5175833702087402
50,s,3.4744696617126465
50,s,3.5175838470458984
50,s,3.427372455596924
50,s,3.4475324153900146
50,s,3.4743003845214844
50,s,3.5103611946105957
50,s,3.4766783714294434
50,s,3.4795894622802734
50,s,3.458096981048584
50,s,3.513113021850586
50,s,2.633474111557007
50,s,2.6022350788116455
50,s,2.75104022026062
50,s,2.6349520683288574
50,s,2.6062002182006836
50,s,2.6678833961486816
50,s,2.3754658699035645
50,s,2.632707118988037
50,s,2.659191370010376
50,s,2.6445412635803223
50,s,2.5487544536590576
50,s,2.509336471557617
50,s,2.6205577850341797
50,s,2.705693006515503
50,s,2.6227915287017822
50,s,2.4183847904205322
50,s,2.597249984741211
50,s,2.675924777984619
50,s,2.5991909503936768
50,s,2.688242197036743
50,s,2.517580270767212
50,s,2.6845946311950684
50,s,2.5830118656158447
50,s,3.284301280975342
50,s,3.2967753410339355
50,s,3.305379629135132
50,s,3.282244920730591
50,s,3.1897659301757812
50,s,3.2153677940368652
50,s,3.1526613235473633
50,s,3.257512331008911
50,s,3.201047420501709
50,s,3.2795915603637695
50,s,3.2126405239105225
50,s,3.2513911724090576
50,s,3.2082679271698
50,s,3.2903027534484863
50,s,3.22587251663208
50,s,3.320730447769165
50,s,3.3157644271850586
50,s,3.324021816253662
50,s,3.154399871826172
50,s,3.2130534648895264
50,s,3.269561290740967
50,s,3.2223281860351562
50,s,3.264084577560425
100,a,0.9520810842514038
100,a,0.9654061794281006
100,a,0.9723994135856628
100,a,0.963304340839386
100,a,0.9796724319458008
100,a,0.9809631109237671
100,a,0.9890099763870239
100,a,0.9706636071205139
100,a,0.9787375926971436
100,a,0.9903034567832947
100,a,0.9764519333839417
100,a,0.9661625623703003
100,a,0.9830137491226196
100,a,0.9443024396896362
100,a,0.989108145236969
100,a,0.988420307636261
100,a,0.9796415567398071
100,a,0.9933561682701111
100,a,0.9822032451629639
100,a,0.9925159811973572
100,a,0.9789080619812012
100,a,0.9790992140769958
100,a,0.962045431137085
100,a,0.9738204479217529
100,a,0.9526729583740234
100,a,0.9553846120834351
100,a,0.9794529676437378
100,a,0.9804539680480957
100,a,0.9594903588294983
100,a,0.9702534675598145
100,a,0.9784334301948547
100,a,0.973429799079895
100,a,0.9797672629356384
100,a,0.9827582836151123
100,a,0.978421151638031
100,a,0.9729858636856079
100,a,0.9774293899536133
100,a,0.9838348627090454
100,a,0.9784347414970398
100,a,0.9713917970657349
100,a,0.9783661365509033
100,a,0.9737403392791748
100,a,0.9807590842247009
100,a,0.9812669157981873
100,a,0.9566918015480042
100,a,0.9796267747879028
100,a,1.0016932487487793
100,a,0.9764173626899719
100,a,0.99778151512146
100,a,0.9967048764228821
100,a,0.9949254989624023
100,a,0.9851821660995483
100,a,0.9965601563453674
100,a,0.9959768652915955
100,a,0.9957226514816284
100,a,0.9841440916061401
100,a,0.9964372515678406
100,a,0.9462934732437134
100,a,0.9978638887405396
100,a,1.0119214057922363
100,a,0.99466872215271
100,a,0.9960596561431885
100,a,0.9940196871757507
100,a,1.0020508766174316
100,a,0.9942821860313416
100,a,0.9999890327453613
100,a,0.955139696598053
100,a,0.9712119102478027
100,a,0.9824599027633667
100,a,0.9695369601249695
100,a,0.9719882607460022
100,a,0.9849398732185364
100,a,0.9681500792503357
100,a,0.9645307064056396
100,a,0.9913568496704102
100,a,0.961371660232544
100,a,0.9716680645942688
100,a,0.9865931868553162
100,a,0.9667416214942932
100,a,0.9604853391647339
100,a,0.9724069833755493
100,a,0.9670512676239014
100,a,0.9880477786064148
100,a,0.9754104614257812
100,a,0.9271687269210815
100,a,0.9529514312744141
100,a,0.9631974697113037
100,a,0.9721572399139404
100,a,0.9845758676528931
100,a,0.9658856987953186
100,a,0.9717032313346863
100,a,0.9570587873458862
100,a,0.9670715928077698
100,a,0.9666737914085388
100,a,0.9470704197883606
100,a,0.9689561724662781
100,a,0.9675706028938293
100,a,0.9675425291061401
100,a,0.9701021313667297
100,a,0.9675856828689575
100,a,0.9666354656219482
100,a,0.9353493452072144
100,a,0.9556970596313477
100,a,0.9613626003265381
100,a,0.9687670469284058
100,a,0.9612463712692261
100,a,0.9703158736228943
100,a,0.9296888709068298
100,a,0.938855767250061
100,a,0.9596894383430481
100,a,0.965451717376709
100,a,0.9691081643104553
100,a,0.9813101887702942
100,a,0.9978898167610168
100,a,0.9912086725234985
100,a,0.9910584688186646
100,a,0.9941167235374451
100,a,0.9822258949279785
100,a,0.9916582107543945
100,a,0.9857965111732483
100,a,1.0053422451019287
100,a,0.9828202724456787
100,a,0.9942730069160461
100,a,1.0061196088790894
100,a,0.9644064903259277
100,a,0.9669519066810608
100,a,0.9807548522949219
100,a,0.9851683974266052
100,a,0.9994326233863831
100,a,1.0002892017364502
100,a,0.9593692421913147
100,a,0.9960704445838928
100,a,0.9787592887878418
100,a,0.9934667348861694
100,a,1.0095452070236206
100,a,0.9917805790901184
100,a,0.9958062171936035
100,a,1.0052833557128906
100,a,0.9950990080833435
100,a,1.0034717321395874
100,a,0.9954288601875305
100,a,1.0021783113479614
100,a,1.0055698156356812
100,a,0.9921716451644897
100,a,0.9931442737579346
100,a,0.9977425932884216
100,a,0.9976378679275513
100,a,0.9874082803726196
100,a,0.9953457117080688
100,a,0.9815784692764282
100,a,0.9919281601905823
100,a,0.9828859567642212
100,a,0.9917033910751343
100,a,0.9936984777450562
100,a,0.9819519519805908
100,a,0.9731384515762329
100,a,0.9779136776924133
100,a,0.977310061454773
100,a,0.9723291993141174
100,a,0.9725683927536011
100,a,0.9573014974594116
100,a,0.9794089794158936
100,a,0.9596765041351318
100,a,0.9709548354148865
100,a,0.9465379118919373
100,a,0.972296416759491
100,a,0.9799120426177979
100,a,0.9779005646705627
100,a,0.9508552551269531
100,a,0.9766260385513306
100,a,0.9585326910018921
100,a,0.9752053618431091
100,a,0.9585908055305481
100,a,0.9734764099121094
100,a,0.976500928401947
100,a,0.969117283821106
100,a,0.923084020614624
100,a,0.9649842381477356
100,a,0.9855778217315674
100,a,1.0007364749908447
100,a,0.9862236976623535
100,a,0.9755069613456726
100,a,0.992186427116394
100,a,0.9844380021095276
100,a,0.9966545104980469
100,a,0.9814854860305786
100,a,0.9801615476608276
100,a,0.988761305809021
100,a,0.9837533831596375
100,a,0.9587778449058533
100,a,0.9768220782279968
100,a,0.9708092212677002
100,a,0.964605987071991
100,a,0.9493945837020874
100,a,0.9774776697158813
100,a,0.9694573879241943
100,a,0.9714780449867249
100,a,0.9219185709953308
100,a,0.9998116493225098
100,a,0.9923127889633179
100,a,1.0009803771972656
100,a,1.001183032989502
100,a,1.0024652481079102
100,a,0.9983620047569275
100,a,0.9927108287811279
100,a,0.999477744102478
100,a,0.9947171211242676
100,a,1.0013617277145386
100,a,1.0038764476776123
100,a,1.0014326572418213
100,a,0.9984591007232666
100,a,1.000509262084961
100,a,0.9746205806732178
100,a,1.001634955406189
100,a,1.0010048151016235
100,a,0.996210515499115
100,a,1.0056918859481812
100,a,1.000631332397461
100,a,1.0006194114685059
100,a,0.9743173122406006
100,a,0.9993429780006409
100,a,0.9305087924003601
100,a,0.9219655394554138
100,a,0.9313701391220093
100,a,0.9363018870353699
100,a,0.9333432912826538
100,a,0.9112868309020996
100,a,0.8973032832145691
100,a,0.9356811046600342
100,a,0.9364895224571228
100,a,0.9358916282653809
100,a,0.9208114743232727
100,a,0.9393996000289917
100,a,0.9302100539207458
100,a,0.9335054159164429
100,a,0.8870677947998047
100,a,0.9224535226821899
100,a,0.9087846279144287
100,a,0.9432021379470825
100,a,0.9190982580184937
100,a,0.9161486625671387
100,a,0.9214668273925781
100,a,0.908454179763794
100,a,0.9146407842636108
100,a,0.9720990657806396
100,a,0.9844995141029358
100,a,0.9541431665420532
100,a,0.9915781021118164
100,a,0.9824426174163818
100,a,0.9847001433372498
100,a,0.9430232048034668
100,a,0.982731282711029
100,a,0.9756821393966675
100,a,0.9795657396316528
100,a,0.9771023988723755
100,a,0.9767172336578369
100,a,0.9661045074462891
100,a,0.994006872177124
100,a,0.9569488763809204
100,a,0.9894291758537292
100,a,0.9410519003868103
100,a,0.9524116516113281
100,a,0.9557539820671082
100,a,0.9813057780265808
100,a,0.9689182639122009
100,a,0.9348951578140259
100,a,0.9520387053489685
100,a,1.0057651996612549
100,a,1.000055193901062
100,a,0.9954870939254761
100,a,0.9985470771789551
100,a,1.002219796180725
100,a,0.990304708480835
100,a,0.9988114833831787
100,a,0.9994705319404602
100,a,0.9900420904159546
100,a,0.9978001117706299
100,a,0.9999867081642151
100,a,0.9962828755378723
100,a,0.9991865158081055
100,a,1.0020933151245117
100,a,1.0009475946426392
100,a,0.9961104989051819
100,a,0.9986388683319092
100,a,1.0057231187820435
100,a,1.0023008584976196
100,a,0.9953358173370361
100,a,0.9855741262435913
100,a,0.9983595013618469
100,a,0.9552638530731201
100,a,0.9614740014076233
100,a,0.9610474705696106
100,a,0.9654669165611267
100,a,0.9643689393997192
100,a,0.9631651639938354
100,a,0.9499297142028809
100,a,0.965799868106842
100,a,0.9636781811714172
100,a,0.961514949798584
100,a,0.9642457365989685
100,a,0.9614532589912415
100,a,0.9634903073310852
100,a,0.9597795009613037
100,a,0.9656244516372681
100,a,0.9639886617660522
100,a,0.9662503600120544
100,a,0.9537018537521362
100,a,0.9581736922264099
100,a,0.963703453540802
100,a,0.9630042910575867
100,a,0.9642167687416077
100,a,0.9872194528579712
100,a,0.9723641276359558
100,a,0.962471604347229
100,a,0.9906508922576904
100,a,0.9887720346450806
100,a,0.9760645627975464
100,a,0.9508726000785828
100,a,0.9921517968177795
100,a,0.9745787382125854
100,a,0.9701590538024902
100,a,0.9877685308456421
100,a,0.9795382022857666
100,a,0.971035361289978
100,a,0.9951500296592712
100,a,0.9922678470611572
100,a,0.9873359799385071
100,a,0.9779396653175354
100,a,0.968653678894043
100,a,0.9969194531440735
100,a,0.9614096879959106
100,a,0.971014142036438
100,a,0.9674012064933777
100,b,0.005419455002993345
100,b,0.005218879319727421
100,b,0.0048420061357319355
100,b,0.004899824969470501
100,b,0.004964430816471577
100,b,0.0050711133517324924
100,b,0.005220521707087755
100,b,0.004766414407640696
100,b,0.0049221510998904705
100,b,0.005225061904639006
100,b,0.005093726329505444
100,b,0.004951442591845989
100,b,0.005107782781124115
100,b,0.005314260255545378
100,b,0.00502288481220603
100,b,0.004900726489722729
100,b,0.0051053352653980255
100,b,0.0050631738267838955
100,b,0.005055286921560764
100,b,0.004993240814656019
100,b,0.00512782484292984
100,b,0.005041714757680893
100,b,0.0038516458589583635
100,b,0.005277268588542938
100,b,0.005595252849161625
100,b,0.005021886900067329
100,b,0.004877697676420212
100,b,0.005036856047809124
100,b,0.005068741273134947
100,b,0.004740950185805559
100,b,0.005010166205465794
100,b,0.005065334495157003
100,b,0.00523140886798501
100,b,0.0051575652323663235
100,b,0.005015877075493336
100,b,0.005184234585613012
100,b,0.005024703685194254
100,b,0.004958515986800194
100,b,0.005183154251426458
100,b,0.005067332647740841
100,b,0.00501409824937582
100,b,0.005187520757317543
100,b,0.0051806215196847916
100,b,0.004889541305601597
100,b,0.004681808408349752
100,b,0.004969245754182339
100,b,0.005197704304009676
100,b,0.0049205077812075615
100,b,0.004805298522114754
100,b,0.004904118832200766
100,b,0.004862533416599035
100,b,0.004763056989759207
100,b,0.0048852721229195595
100,b,0.004899752326309681
100,b,0.0051948921754956245
100,b,0.005052758846431971
100,b,0.005028413608670235
100,b,0.004733717069029808
100,b,0.004868316929787397
100,b,0.004931428469717503
100,b,0.004979119636118412
100,b,0.005023426376283169
100,b,0.004892601165920496
100,b,0.005025405436754227
100,b,0.005036124028265476
100,b,0.004987678956240416
100,b,0.005051255691796541
100,b,0.004884349647909403
100,b,0.004999015014618635
100,b,0.005165187641978264
100,b,0.005161128472536802
100,b,0.005050075706094503
100,b,0.005070522893220186
100,b,0.004952171817421913
100,b,0.005059254355728626
100,b,0.004897283390164375
100,b,0.0051573957316577435
100,b,0.005004543345421553
100,b,0.004860039334744215
100,b,0.005360971670597792
100,b,0.005068753380328417
100,b,0.00503971241414547
100,b,0.005108215846121311
100,b,0.004977441392838955
100,b,0.004599540960043669
100,b,0.005280316341668367
100,b,0.005107395350933075
100,b,0.005177290178835392
100,b,0.00482438039034605
100,b,0.0048631709069013596
100,b,0.004888100549578667
100,b,0.004880610387772322
100,b,0.005196492653340101
100,b,0.005167101509869099
100,b,0.00512358732521534
100,b,0.005042911972850561
100,b,0.004918167367577553
100,b,0.004897049628198147
100,b,0.004955433774739504
100,b,0.005220046266913414
100,b,0.004954567179083824
100,b,0.004680290352553129
100,b,0.005113826133310795
100,b,0.005112763494253159
100,b,0.005035280715674162
100,b,0.005052664782851934
100,b,0.0050493148155510426
100,b,0.003958167042583227
100,b,0.005018920172005892
100,b,0.0052079856395721436
100,b,0.004971376620233059
100,b,0.005108023528009653
100,b,0.005159897264093161
100,b,0.004888998344540596
100,b,0.004907066002488136
100,b,0.005228426307439804
100,b,0.005280920770019293
100,b,0.005247690714895725
100,b,0.0050128670409321785
100,b,0.004744075704365969
100,b,0.00526400376111269
100,b,0.004913439508527517
100,b,0.0052909934893250465
100,b,0.005110686179250479
100,b,0.004882190842181444
100,b,0.004258635453879833
100,b,0.00476706912741065
100,b,0.005003627389669418
100,b,0.004964830819517374
100,b,0.0053020804189145565
100,b,0.004757758229970932
100,b,0.005468748509883881
100,b,0.004782626871019602
100,b,0.005148530472069979
100,b,0.004988471046090126
100,b,0.004967184737324715
100,b,0.005039568524807692
100,b,0.005027217324823141
100,b,0.005000981967896223
100,b,0.005009994842112064
100,b,0.004937369842082262
100,b,0.005036959424614906
100,b,0.0050626713782548904
100,b,0.004688577260822058
100,b,0.004812063183635473
100,b,0.005064764991402626
100,b,0.004934502765536308
100,b,0.005097232758998871
100,b,0.005070116836577654
100,b,0.004655028693377972
100,b,0.004898329731076956
100,b,0.005212519317865372
100,b,0.004978142213076353
100,b,0.0049440315924584866
100,b,0.005001831334084272
100,b,0.004393280483782291
100,b,0.005071838386356831
100,b,0.0051751104183495045
100,b,0.005269983783364296
100,b,0.00484539195895195
100,b,0.005080115981400013
100,b,0.004429925233125687
100,b,0.004976136609911919
100,b,0.005150259006768465
100,b,0.004804634489119053
100,b,0.004549934528768063
100,b,0.0052618528716266155
100,b,0.005224321503192186
100,b,0.0049664718098938465
100,b,0.005098073277622461
100,b,0.004901421256363392
100,b,0.004916870500892401
100,b,0.005433619022369385
100,b,0.0052087558433413506
100,b,0.0050924173556268215
100,b,0.005106725730001926
100,b,0.0042834412306547165
100,b,0.004522707778960466
100,b,0.0049991062842309475
100,b,0.005053602159023285
100,b,0.004848868120461702
100,b,0.00529093760997057
100,b,0.0043844678439199924
100,b,0.0051052626222372055
100,b,0.004885593429207802
100,b,0.004740855190902948
100,b,0.004723737481981516
100,b,0.00522261019796133
100,b,0.005047223065048456
100,b,0.0049772802740335464
100,b,0.00479629123583436
100,b,0.004520657006651163
100,b,0.004468673374503851
100,b,0.004858941305428743
100,b,0.0049172197468578815
100,b,0.004838885273784399
100,b,0.005100979469716549
100,b,0.0034814963582903147
100,b,0.005031147971749306
100,b,0.004767801612615585
100,b,0.0050406428053975105
100,b,0.00501132570207119
100,b,0.00508650578558445
100,b,0.004835983272641897
100,b,0.00468864431604743
100,b,0.005026618018746376
100,b,0.004668911453336477
100,b,0.0050398255698382854
100,b,0.0050151594914495945
100,b,0.0050226980820298195
100,b,0.004973005037754774
100,b,0.0050034914165735245
100,b,0.00502471998333931
100,b,0.005036402028053999
100,b,0.005081436596810818
100,b,0.004898675251752138
100,b,0.00517518725246191
100,b,0.004969657864421606
100,b,0.004995562601834536
100,b,0.004588288255035877
100,b,0.005075561814010143
100,b,0.004140617325901985
100,b,0.004741841461509466
100,b,0.0037455768324434757
100,b,0.004672588314861059
100,b,0.004505025688558817
100,b,0.004479568917304277
100,b,0.002663009101524949
100,b,0.004530348349362612
100,b,0.0031357277184724808
100,b,0.004510784521698952
100,b,0.003564924467355013
100,b,0.0038458965718746185
100,b,0.003990218974649906
100,b,0.00478820176795125
100,b,0.0038158760871738195
100,b,0.004244177136570215
100,b,0.0033029657788574696
100,b,0.003406500443816185
100,b,0.0029120687395334244
100,b,0.0043129026889801025
100,b,0.004648884292691946
100,b,0.002560806693509221
100,b,0.003506341716274619
100,b,0.004790133330971003
100,b,0.004506519064307213
100,b,0.0045125121250748634
100,b,0.004906694404780865
100,b,0.004813403356820345
100,b,0.005182427354156971
100,b,0.004090436734259129
100,b,0.004852082580327988
100,b,0.004700574092566967
100,b,0.004767392296344042
100,b,0.004537095781415701
100,b,0.0044589294120669365
100,b,0.004793583415448666
100,b,0.004821491427719593
100,b,0.003928060177713633
100,b,0.005125412251800299
100,b,0.00450670812278986
100,b,0.0044136750511825085
100,b,0.004489900078624487
100,b,0.004994173534214497
100,b,0.004582845605909824
100,b,0.00477820448577404
100,b,0.004699872341006994
100,b,0.005077854264527559
100,b,0.005064334720373154
100,b,0.004983017221093178
100,b,0.004897610284388065
100,b,0.005125862080603838
100,b,0.004981732461601496
100,b,0.004809755366295576
100,b,0.004905100911855698
100,b,0.004999992903321981
100,b,0.0050359866581857204
100,b,0.004984728526324034
100,b,0.004941495601087809
100,b,0.005066177807748318
100,b,0.004929897375404835
100,b,0.005041688214987516
100,b,0.004889951553195715
100,b,0.004994598217308521
100,b,0.005195457022637129
100,b,0.004982981830835342
100,b,0.004921515006572008
100,b,0.004984930623322725
100,b,0.0050206538289785385
100,b,0.005036075599491596
100,b,0.0050021628849208355
100,b,0.005011822562664747
100,b,0.00486366730183363
100,b,0.004885446280241013
100,b,0.004871719051152468
100,b,0.004003508947789669
100,b,0.00485304556787014
100,b,0.004837081301957369
100,b,0.005080804694443941
100,b,0.004772168584167957
100,b,0.004762684460729361
100,b,0.005077297333627939
100,b,0.0051048267632722855
100,b,0.004860576707869768
100,b,0.004758925177156925
100,b,0.005067040212452412
100,b,0.005039823241531849
100,b,0.005086816381663084
100,b,0.004887627437710762
100,b,0.004686940927058458
100,b,0.005036010406911373
100,b,0.00475424574688077
100,b,0.004806439857929945
100,b,0.004605113063007593
100,b,0.005104719195514917
100,b,0.004717106465250254
100,b,0.0047267163172364235
100,b,0.00448480574414134
100,b,0.005107986740767956
100,b,0.0047066048718988895
100,b,0.004793062806129456
100,b,0.004760445561259985
100,b,0.004849890246987343
100,b,0.004743499215692282
100,b,0.005148314405232668
100,b,0.0049200039356946945
100,b,0.00499715143814683
100,b,0.005114630796015263
100,b,0.004825652576982975
100,b,0.005045851226896048
100,b,0.00465277349576354
100,b,0.004740357864648104
100,b,0.0047569009475409985
100,c,0.12758377194404602
100,c,0.1472282111644745
100,c,0.11254437267780304
100,c,0.11627393960952759
100,c,0.13043980300426483
100,c,0.1290692538022995
100,c,0.1518246829509735
100,c,0.12357968091964722
100,c,0.1345924586057663
100,c,0.14432013034820557
100,c,0.13711073994636536
100,c,0.12987020611763
100,c,0.12771068513393402
100,c,0.13895630836486816
100,c,0.14684315025806427
100,c,0.13844047486782074
100,c,0.1274399757385254
100,c,0.13063596189022064
100,c,0.12653346359729767
100,c,0.1358933299779892
100,c,0.13275478780269623
100,c,0.129302516579628
100,c,0.1932355761528015
100,c,0.18238669633865356
100,c,0.16303586959838867
100,c,0.15109655261039734
100,c,0.17385047674179077
100,c,0.18076567351818085
100,c,0.16395749151706696
100,c,0.18350178003311157
100,c,0.17732174694538116
100,c,0.16731220483779907
100,c,0.18992255628108978
100,c,0.19475191831588745
100,c,0.17967785894870758
100,c,0.19753557443618774
100,c,0.16605034470558167
100,c,0.1577983796596527
100,c,0.18038946390151978
100,c,0.14837881922721863
100,c,0.17848919332027435
100,c,0.14674986898899078
100,c,0.18733979761600494
100,c,0.1848471760749817
100,c,0.12535801529884338
100,c,0.1432502567768097
100,c,0.10684989392757416
100,c,0.12711459398269653
100,c,0.15701545774936676
100,c,0.14361964166164398
100,c,0.15987202525138855
100,c,0.16084641218185425
100,c,0.15359611809253693
100,c,0.14861086010932922
100,c,0.1567540019750595
100,c,0.1486816704273224
100,c,0.14573776721954346
100,c,0.13707181811332703
100,c,0.15396709740161896
100,c,0.16576442122459412
100,c,0.14409829676151276
100,c,0.15490223467350006
100,c,0.14207836985588074
100,c,0.16163980960845947
100,c,0.14955438673496246
100,c,0.14876088500022888
100,c,0.14722241461277008
100,c,0.13798445463180542
100,c,0.13071751594543457
100,c,0.13951881229877472
100,c,0.14068560302257538
100,c,0.13152657449245453
100,c,0.13705112040042877
100,c,0.12526163458824158
100,c,0.1478739082813263
100,c,0.12626007199287415
100,c,0.14102746546268463
100,c,0.14171114563941956
100,c,0.12053704261779785
100,c,0.1524597406387329
100,c,0.12789256870746613
100,c,0.1258954405784607
100,c,0.1390322893857956
100,c,0.14480014145374298
100,c,0.1380896121263504
100,c,0.1153014525771141
100,c,0.14675922691822052
100,c,0.14373499155044556
100,c,0.14490003883838654
100,c,0.1717524230480194
100,c,0.17157664895057678
100,c,0.14254386723041534
100,c,0.18845973908901215
100,c,0.18830746412277222
100,c,0.14708159863948822
100,c,0.18329349160194397
100,c,0.17849776148796082
100,c,0.16201965510845184
100,c,0.18961793184280396
100,c,0.18907153606414795
100,c,0.15426304936408997
100,c,0.14133815467357635
100,c,0.16254225373268127
100,c,0.178167924284935
100,c,0.18715403974056244
100,c,0.15624402463436127
100,c,0.18536318838596344
100,c,0.15958178043365479
100,c,0.1718963384628296
100,c,0.18354380130767822
100,c,0.18590357899665833
100,c,0.1618388146162033
100,c,0.14941297471523285
100,c,0.1545167863368988
100,c,0.1590922325849533
100,c,0.15032845735549927
100,c,0.15327319502830505
100,c,0.14677289128303528
100,c,0.14692237973213196
100,c,0.13936422765254974
100,c,0.16081376373767853
100,c,0.14825081825256348
100,c,0.15245899558067322
100,c,0.1544356644153595
100,c,0.13586415350437164
100,c,0.14865897595882416
100,c,0.1549852341413498
100,c,0.1497453898191452
100,c,0.1460614651441574
100,c,0.14787547290325165
100,c,0.11502151191234589
100,c,0.11108708381652832
100,c,0.15545205771923065
100,c,0.1419164091348648
100,c,0.16769710183143616
100,c,0.1248336136341095
100,c,0.13907092809677124
100,c,0.1386408656835556
100,c,0.13271786272525787
100,c,0.1299605816602707
100,c,0.13446958363056183
100,c,0.13051281869411469
100,c,0.13520891964435577
100,c,0.13489583134651184
100,c,0.13443994522094727
100,c,0.14169242978096008
100,c,0.13918793201446533
100,c,0.11596294492483139
100,c,0.1318160742521286
100,c,0.1528351902961731
100,c,0.12290635704994202
100,c,0.12219084054231644
100,c,0.14901764690876007
100,c,0.12509030103683472
100,c,0.1510748565196991
100,c,0.12245439738035202
100,c,0.18233107030391693
100,c,0.1802213340997696
100,c,0.15267717838287354
100,c,0.17096877098083496
100,c,0.14410404860973358
100,c,0.16872011125087738
100,c,0.15333229303359985
100,c,0.15341638028621674
100,c,0.15353474020957947
100,c,0.17762720584869385
100,c,0.18594248592853546
100,c,0.1906895637512207
100,c,0.16762247681617737
100,c,0.17924661934375763
100,c,0.15300489962100983
100,c,0.17917709052562714
100,c,0.15537916123867035
100,c,0.17069098353385925
100,c,0.183775395154953
100,c,0.17446015775203705
100,c,0.13419905304908752
100,c,0.15393957495689392
100,c,0.15219037234783173
100,c,0.15276172757148743
100,c,0.14503715932369232
100,c,0.145933598279953
100,c,0.15580794215202332
100,c,0.13699328899383545
100,c,0.15164990723133087
100,c,0.13877533376216888
100,c,0.1588517278432846
100,c,0.1499822437763214
100,c,0.14155492186546326
100,c,0.11880634725093842
100,c,0.1482604593038559
100,c,0.15142124891281128
100,c,0.15416587889194489
100,c,0.1290009468793869
100,c,0.14817212522029877
100,c,0.1492280215024948
100,c,0.13963258266448975
100,c,0.1261669099330902
100,c,0.14821995794773102
100,c,0.153747096657753
100,c,0.14561770856380463
100,c,0.15707065165042877
100,c,0.1443997323513031
100,c,0.1452055275440216
100,c,0.12525153160095215
100,c,0.14843839406967163
100,c,0.14243702590465546
100,c,0.1513875126838684
100,c,0.1553010195493698
100,c,0.13733254373073578
100,c,0.14225813746452332
100,c,0.15162856876850128
100,c,0.1271030455827713
100,c,0.14219649136066437
100,c,0.13378030061721802
100,c,0.14017178118228912
100,c,0.13732923567295074
100,c,0.1405947357416153
100,c,0.14981289207935333
100,c,0.13669145107269287
100,c,0.13571056723594666
100,c,0.17248846590518951
100,c,0.15983065962791443
100,c,0.17731612920761108
100,c,0.17504724860191345
100,c,0.16870532929897308
100,c,0.1290276050567627
100,c,0.13229870796203613
100,c,0.17645950615406036
100,c,0.16531503200531006
100,c,0.18074622750282288
100,c,0.13554704189300537
100,c,0.1624937206506729
100,c,0.17644138634204865
100,c,0.16159270703792572
100,c,0.11614321172237396
100,c,0.14221422374248505
100,c,0.1380828619003296
100,c,0.18338492512702942
100,c,0.15315338969230652
100,c,0.12563613057136536
100,c,0.1636178344488144
100,c,0.13996346294879913
100,c,0.14703287184238434
100,c,0.14436815679073334
100,c,0.1465356945991516
100,c,0.1466246098279953
100,c,0.14150771498680115
100,c,0.14281697571277618
100,c,0.14178119599819183
100,c,0.125880166888237
100,c,0.1438390016555786
100,c,0.14601072669029236
100,c,0.14526481926441193
100,c,0.15086936950683594
100,c,0.1481533944606781
100,c,0.14821334183216095
100,c,0.1445125937461853
100,c,0.11391769349575043
100,c,0.1416163295507431
100,c,0.13916043937206268
100,c,0.1507612019777298
100,c,0.14220981299877167
100,c,0.14544424414634705
100,c,0.14329303801059723
100,c,0.14275053143501282
100,c,0.1424582153558731
100,c,0.13871614634990692
100,c,0.13285329937934875
100,c,0.13325601816177368
100,c,0.14708371460437775
100,c,0.13547727465629578
100,c,0.15099665522575378
100,c,0.1340576559305191
100,c,0.14891621470451355
100,c,0.14923402667045593
100,c,0.1460835486650467
100,c,0.143015056848526
100,c,0.14616742730140686
100,c,0.1398637294769287
100,c,0.13937067985534668
100,c,0.13702033460140228
100,c,0.146233469247818
100,c,0.14513128995895386
100,c,0.13848876953125
100,c,0.13705337047576904
100,c,0.13166886568069458
100,c,0.15182243287563324
100,c,0.14147764444351196
100,c,0.1526709944009781
100,c,0.18135355412960052
100,c,0.1791786551475525
100,c,0.18691864609718323
100,c,0.17257370054721832
100,c,0.17062482237815857
100,c,0.1657516062259674
100,c,0.185440793633461
100,c,0.17065109312534332
100,c,0.18194811046123505
100,c,0.18407198786735535
100,c,0.19152498245239258
100,c,0.18703630566596985
100,c,0.15340852737426758
100,c,0.1807515025138855
100,c,0.19211573898792267
100,c,0.19042637944221497
100,c,0.15807196497917175
100,c,0.1389303058385849
100,c,0.18922936916351318
100,c,0.16967536509037018
100,c,0.19085603952407837
100,c,0.14507298171520233
100,c,0.14308714866638184
100,c,0.15127401053905487
100,c,0.1416683942079544
100,c,0.1436513513326645
100,c,0.1452847570180893
100,c,0.1328505575656891
100,c,0.1421307772397995
100,c,0.14369997382164001
100,c,0.15107333660125732
100,c,0.14236827194690704
100,c,0.1344245821237564
100,c,0.14407415688037872
100,c,0.1518046259880066
100,c,0.1446176916360855
100,c,0.13957932591438293
100,c,0.14781223237514496
100,c,0.14662563800811768
100,c,0.15958808362483978
100,c,0.14748086035251617
100,c,0.14442095160484314
100,c,0.14355696737766266
100,d,0.016667714342474937
100,d,0.01599051058292389
100,d,0.015185740776360035
100,d,0.014782107435166836
100,d,0.014727827161550522
100,d,0.015260477550327778
100,d,0.015578189864754677
100,d,0.014199859462678432
100,d,0.014926537871360779
100,d,0.015195220708847046
100,d,0.015000422485172749
100,d,0.01460259035229683
100,d,0.015395392663776875
100,d,0.01646789163351059
100,d,0.014169231988489628
100,d,0.01410079374909401
100,d,0.015087723731994629
100,d,0.015161617659032345
100,d,0.015094206668436527
100,d,0.014261079020798206
100,d,0.0153180081397295
100,d,0.015212745405733585
100,d,0.013827386312186718
100,d,0.01621856354176998
100,d,0.015738720074295998
100,d,0.015184625051915646
100,d,0.015111425891518593
100,d,0.015209241770207882
100,d,0.015900349244475365
100,d,0.01449599489569664
100,d,0.01531982608139515
100,d,0.015550478361546993
100,d,0.015768233686685562
100,d,0.014833842404186726
100,d,0.01561619434505701
100,d,0.01431355718523264
100,d,0.014699319377541542
100,d,0.014712026342749596
100,d,0.015666158869862556
100,d,0.015361631289124489
100,d,0.015348277054727077
100,d,0.015490561723709106
100,d,0.016192933544516563
100,d,0.01494325790554285
100,d,0.012152045033872128
100,d,0.016249358654022217
100,d,0.0160902701318264
100,d,0.01496126875281334
100,d,0.013677538372576237
100,d,0.014628732576966286
100,d,0.01533319242298603
100,d,0.014545445330440998
100,d,0.014281201176345348
100,d,0.015095782466232777
100,d,0.015680896118283272
100,d,0.014962438493967056
100,d,0.014876209199428558
100,d,0.015415485017001629
100,d,0.014783382415771484
100,d,0.014336219988763332
100,d,0.014855368062853813
100,d,0.015306375920772552
100,d,0.01476329192519188
100,d,0.014948959462344646
100,d,0.015163237228989601
100,d,0.014603309333324432
100,d,0.015250512398779392
100,d,0.014832223765552044
100,d,0.013939258642494678
100,d,0.015685616061091423
100,d,0.01547674834728241
100,d,0.015519529581069946
100,d,0.015207406133413315
100,d,0.013997859321534634
100,d,0.01518210582435131
100,d,0.015366136096417904
100,d,0.015748629346489906
100,d,0.015297678299248219
100,d,0.015455766580998898
100,d,0.015818240121006966
100,d,0.014924374409019947
100,d,0.015675775706768036
100,d,0.015416520647704601
100,d,0.01540866494178772
100,d,0.012102768756449223
100,d,0.017264671623706818
100,d,0.015446365810930729
100,d,0.01482181716710329
100,d,0.0147432005032897
100,d,0.014527729712426662
100,d,0.01471017487347126
100,d,0.014590528793632984
100,d,0.015695296227931976
100,d,0.015553310513496399
100,d,0.015791717916727066
100,d,0.015285407193005085
100,d,0.014898007735610008
100,d,0.014250895008444786
100,d,0.014836459420621395
100,d,0.0157723780721426
100,d,0.014631656929850578
100,d,0.01424324605613947
100,d,0.01611691527068615
100,d,0.015667233616113663
100,d,0.015640512108802795
100,d,0.014974543824791908
100,d,0.015280596911907196
100,d,0.010087354108691216
100,d,0.01544676348567009
100,d,0.01512171234935522
100,d,0.014691941440105438
100,d,0.014655067585408688
100,d,0.015619874000549316
100,d,0.014250154606997967
100,d,0.01436825655400753
100,d,0.01586192660033703
100,d,0.016223754733800888
100,d,0.015798768028616905
100,d,0.0150938481092453
100,d,0.01462070643901825
100,d,0.015715457499027252
100,d,0.014321667142212391
100,d,0.016125941649079323
100,d,0.014934481121599674
100,d,0.014471248723566532
100,d,0.01371083501726389
100,d,0.01414449792355299
100,d,0.01436272170394659
100,d,0.01514662429690361
100,d,0.016549965366721153
100,d,0.015420129522681236
100,d,0.017664527520537376
100,d,0.015594563446938992
100,d,0.016094285994768143
100,d,0.015089587308466434
100,d,0.01487461943179369
100,d,0.014790885150432587
100,d,0.015238124877214432
100,d,0.014452429488301277
100,d,0.01571631245315075
100,d,0.01490236446261406
100,d,0.015513175167143345
100,d,0.015126320533454418
100,d,0.013711325824260712
100,d,0.014911092817783356
100,d,0.015386511571705341
100,d,0.014911996200680733
100,d,0.014590063132345676
100,d,0.015065941028296947
100,d,0.015012377873063087
100,d,0.014808413572609425
100,d,0.015230810269713402
100,d,0.015611058101058006
100,d,0.014928771182894707
100,d,0.015025017783045769
100,d,0.012477310374379158
100,d,0.01496121846139431
100,d,0.01582341454923153
100,d,0.01571623794734478
100,d,0.014596415683627129
100,d,0.01580917462706566
100,d,0.014161262661218643
100,d,0.015362262725830078
100,d,0.015439722687005997
100,d,0.015051701106131077
100,d,0.013798926025629044
100,d,0.01613997481763363
100,d,0.015878377482295036
100,d,0.015270858071744442
100,d,0.015707477927207947
100,d,0.015497365035116673
100,d,0.014617910608649254
100,d,0.015037511475384235
100,d,0.015792615711688995
100,d,0.015266556292772293
100,d,0.01574360579252243
100,d,0.012399695813655853
100,d,0.013376430608332157
100,d,0.015336667187511921
100,d,0.015347559936344624
100,d,0.013987557962536812
100,d,0.015660518780350685
100,d,0.012946953065693378
100,d,0.015985684469342232
100,d,0.015166303142905235
100,d,0.014881146140396595
100,d,0.015048887580633163
100,d,0.015647875145077705
100,d,0.01568392477929592
100,d,0.014923220500349998
100,d,0.013826338574290276
100,d,0.011668861843645573
100,d,0.013626313768327236
100,d,0.013580342754721642
100,d,0.014373299665749073
100,d,0.014179026708006859
100,d,0.01451051700860262
100,d,0.010604996234178543
100,d,0.015025734901428223
100,d,0.014269024133682251
100,d,0.0150162223726511
100,d,0.015063929371535778
100,d,0.015052009373903275
100,d,0.014758314937353134
100,d,0.014354505576193333
100,d,0.015049505047500134
100,d,0.015248614363372326
100,d,0.015199810266494751
100,d,0.015087075531482697
100,d,0.014721410349011421
100,d,0.014943856745958328
100,d,0.015024237334728241
100,d,0.01395813561975956
100,d,0.015270057134330273
100,d,0.015010695904493332
100,d,0.014790898188948631
100,d,0.014706984162330627
100,d,0.01538944710046053
100,d,0.014670939184725285
100,d,0.014920304529368877
100,d,0.014946585521101952
100,d,0.011108598671853542
100,d,0.014666253700852394
100,d,0.0099815484136343
100,d,0.013440744951367378
100,d,0.01342579536139965
100,d,0.01294664479792118
100,d,0.006865483243018389
100,d,0.01305052638053894
100,d,0.009634600020945072
100,d,0.01372198574244976
100,d,0.010646852664649487
100,d,0.01104116253554821
100,d,0.01100842747837305
100,d,0.01370947528630495
100,d,0.010893022641539574
100,d,0.011976179666817188
100,d,0.008639826439321041
100,d,0.009105793200433254
100,d,0.007764061912894249
100,d,0.012230424210429192
100,d,0.013732518069446087
100,d,0.008134055882692337
100,d,0.009181683883070946
100,d,0.013742789626121521
100,d,0.013931823894381523
100,d,0.012756675481796265
100,d,0.014837960712611675
100,d,0.013988099060952663
100,d,0.015755388885736465
100,d,0.013444957323372364
100,d,0.013982943259179592
100,d,0.014683572575449944
100,d,0.013557781465351582
100,d,0.012196552939713001
100,d,0.013517958112061024
100,d,0.013283313252031803
100,d,0.014599333517253399
100,d,0.013214434497058392
100,d,0.01538381353020668
100,d,0.01304396241903305
100,d,0.012300156988203526
100,d,0.013612844981253147
100,d,0.015015714801847935
100,d,0.013595491647720337
100,d,0.010704845190048218
100,d,0.013367664068937302
100,d,0.015234005637466908
100,d,0.01517501287162304
100,d,0.015103379264473915
100,d,0.015137800946831703
100,d,0.015059254132211208
100,d,0.01459700707346201
100,d,0.014144687913358212
100,d,0.014922978356480598
100,d,0.014488295651972294
100,d,0.014974401332437992
100,d,0.01501837745308876
100,d,0.01472459640353918
100,d,0.015063670463860035
100,d,0.014919456094503403
100,d,0.015277552418410778
100,d,0.0149927269667387
100,d,0.01545801479369402
100,d,0.014906392432749271
100,d,0.014642774127423763
100,d,0.015003998763859272
100,d,0.014794151298701763
100,d,0.015081983059644699
100,d,0.014822189696133137
100,d,0.015167458914220333
100,d,0.015073392540216446
100,d,0.014396264217793941
100,d,0.014546145685017109
100,d,0.01418348215520382
100,d,0.013272721320390701
100,d,0.014443514868617058
100,d,0.014168921858072281
100,d,0.014840655960142612
100,d,0.01365277823060751
100,d,0.013977610506117344
100,d,0.015324977226555347
100,d,0.015137872658669949
100,d,0.014601246453821659
100,d,0.0140286386013031
100,d,0.015230542980134487
100,d,0.015549181960523129
100,d,0.014918148517608643
100,d,0.014390307478606701
100,d,0.013882889412343502
100,d,0.014947384595870972
100,d,0.014605746604502201
100,d,0.013911901041865349
100,d,0.013075747527182102
100,d,0.015701450407505035
100,d,0.014174969866871834
100,d,0.013560076244175434
100,d,0.013480065390467644
100,d,0.016004173085093498
100,d,0.013583090156316757
100,d,0.014440926723182201
100,d,0.014687220565974712
100,d,0.01534231286495924
100,d,0.013920122757554054
100,d,0.015154656022787094
100,d,0.01474610436707735
100,d,0.015724489465355873
100,d,0.014906415715813637
100,d,0.014056405052542686
100,d,0.014474257826805115
100,d,0.01306875329464674
100,d,0.013179101049900055
100,d,0.01402867678552866
100,s,3.160418748855591
100,s,3.456820011138916
100,s,3.3132598400115967
100,s,3.3497414588928223
100,s,3.4364662170410156
100,s,3.4348220825195312
100,s,3.337244987487793
100,s,3.3851661682128906
100,s,3.4091591835021973
100,s,3.4594907760620117
100,s,3.4059877395629883
100,s,3.3572235107421875
100,s,3.407841920852661
100,s,3.3703501224517822
100,s,3.4136624336242676
100,s,3.3938889503479004
100,s,3.4305028915405273
100,s,3.4047727584838867
100,s,3.420531749725342
100,s,3.4094655513763428
100,s,3.409280776977539
100,s,3.390685558319092
100,s,3.3733577728271484
100,s,3.458547592163086
100,s,3.4713642597198486
100,s,3.3774642944335938
100,s,3.4337217807769775
100,s,3.4259867668151855
100,s,3.3819613456726074
100,s,3.4086263179779053
100,s,3.431581974029541
100,s,3.407388687133789
100,s,3.4922165870666504
100,s,3.4891748428344727
100,s,3.4631500244140625
100,s,3.3982739448547363
100,s,3.413149356842041
100,s,3.477165699005127
100,s,3.4501936435699463
100,s,3.4877548217773438
100,s,3.433514356613159
100,s,3.477830410003662
100,s,3.508871555328369
100,s,3.4402878284454346
100,s,3.0643749237060547
100,s,3.3402106761932373
100,s,3.4539546966552734
100,s,3.3846993446350098
100,s,3.400644540786743
100,s,3.397456169128418
100,s,3.464552640914917
100,s,3.4798171520233154
100,s,3.4059810638427734
100,s,3.279226303100586
100,s,3.4668283462524414
100,s,3.4384851455688477
100,s,3.4758834838867188
100,s,3.1280694007873535
100,s,3.3698697090148926
100,s,3.4098098278045654
100,s,3.4019551277160645
100,s,3.493741273880005
100,s,3.4204766750335693
100,s,3.4774489402770996
100,s,3.4996769428253174
100,s,3.47052001953125
100,s,3.3586974143981934
100,s,3.3877110481262207
100,s,3.3303377628326416
100,s,3.3746590614318848
100,s,3.356152296066284
100,s,3.3821308612823486
100,s,3.3768386840820312
100,s,3.3571863174438477
100,s,3.308485984802246
100,s,3.3669395446777344
100,s,3.35528302192688
100,s,3.346728801727295
100,s,3.3882195949554443
100,s,3.3828248977661133
100,s,3.38460111618042
100,s,3.3568851947784424
100,s,3.385887861251831
100,s,3.3272290229797363
100,s,2.913147449493408
100,s,3.2340943813323975
100,s,3.3141021728515625
100,s,3.3290505409240723
100,s,3.306201457977295
100,s,3.4219021797180176
100,s,3.3752942085266113
100,s,3.417086601257324
100,s,3.4269256591796875
100,s,3.431939125061035
100,s,3.3937718868255615
100,s,3.3865647315979004
100,s,3.3365485668182373
100,s,3.413825750350952
100,s,3.3898282051086426
100,s,3.438000440597534
100,s,3.366537570953369
100,s,3.2543606758117676
100,s,3.400759220123291
100,s,3.3998966217041016
100,s,3.4382641315460205
100,s,3.330615997314453
100,s,3.4157938957214355
100,s,2.758422613143921
100,s,3.341076612472534
100,s,3.365563154220581
100,s,3.3576226234436035
100,s,3.4329354763031006
100,s,3.391757011413574
100,s,3.323662281036377
100,s,3.4609994888305664
100,s,3.407078742980957
100,s,3.4322712421417236
100,s,3.437450647354126
100,s,3.3727598190307617
100,s,3.314716339111328
100,s,3.3966054916381836
100,s,3.3674097061157227
100,s,3.4376771450042725
100,s,3.2840523719787598
100,s,3.3190205097198486
100,s,3.276456832885742
100,s,3.4145302772521973
100,s,3.4526164531707764
100,s,3.2877352237701416
100,s,3.4140830039978027
100,s,3.3354692459106445
100,s,3.5497307777404785
100,s,3.4169280529022217
100,s,3.4130423069000244
100,s,3.4387922286987305
100,s,3.4994091987609863
100,s,3.508725166320801
100,s,3.4984798431396484
100,s,3.4515891075134277
100,s,3.5058388710021973
100,s,3.5109548568725586
100,s,3.4885544776916504
100,s,3.502497673034668
100,s,3.378347873687744
100,s,3.4643466472625732
100,s,3.501070976257324
100,s,3.4999265670776367
100,s,3.445146083831787
100,s,3.4989171028137207
100,s,3.4871115684509277
100,s,3.4806225299835205
100,s,3.4154810905456543
100,s,3.520228624343872
100,s,3.4926199913024902
100,s,3.490175724029541
100,s,3.4093785285949707
100,s,3.461862087249756
100,s,3.4339849948883057
100,s,3.457735538482666
100,s,3.4238104820251465
100,s,3.41123628616333
100,s,3.3793420791625977
100,s,3.4136507511138916
100,s,3.4589316844940186
100,s,3.342926025390625
100,s,3.3233447074890137
100,s,3.4785547256469727
100,s,3.4853062629699707
100,s,3.32602596282959
100,s,3.4554567337036133
100,s,3.3332409858703613
100,s,3.4591331481933594
100,s,3.3811588287353516
100,s,3.492680072784424
100,s,3.4720685482025146
100,s,3.42344069480896
100,s,2.9978995323181152
100,s,3.398855209350586
100,s,3.388857841491699
100,s,3.4123549461364746
100,s,3.4395647048950195
100,s,3.39852237701416
100,s,3.288008451461792
100,s,3.4554333686828613
100,s,3.442936897277832
100,s,3.2889673709869385
100,s,3.3652029037475586
100,s,3.4115073680877686
100,s,3.332925796508789
100,s,3.4128174781799316
100,s,3.4084250926971436
100,s,3.262638568878174
100,s,3.443436622619629
100,s,3.159830331802368
100,s,3.2715401649475098
100,s,3.3751943111419678
100,s,3.317042827606201
100,s,3.0586180686950684
100,s,3.5115087032318115
100,s,3.4582982063293457
100,s,3.5185537338256836
100,s,3.496865749359131
100,s,3.502216339111328
100,s,3.4962856769561768
100,s,3.425553560256958
100,s,3.5091733932495117
100,s,3.355369806289673
100,s,3.5014395713806152
100,s,3.495147466659546
100,s,3.471773386001587
100,s,3.487025499343872
100,s,3.5201282501220703
100,s,3.478731632232666
100,s,3.5081591606140137
100,s,3.5388522148132324
100,s,3.4889473915100098
100,s,3.5069754123687744
100,s,3.52105712890625
100,s,3.486672878265381
100,s,3.4524731636047363
100,s,3.5261077880859375
100,s,3.0185818672180176
100,s,3.122030258178711
100,s,2.9861326217651367
100,s,3.145423650741577
100,s,3.1173582077026367
100,s,3.0792078971862793
100,s,2.747683525085449
100,s,3.1177377700805664
100,s,2.938725471496582
100,s,3.162376880645752
100,s,2.978684186935425
100,s,2.939870834350586
100,s,3.030261516571045
100,s,3.143480062484741
100,s,3.0723156929016113
100,s,3.053420305252075
100,s,2.8549444675445557
100,s,2.8702285289764404
100,s,2.8885703086853027
100,s,3.0426197052001953
100,s,3.127974510192871
100,s,2.8137595653533936
100,s,2.883780002593994
100,s,3.2479686737060547
100,s,3.2789387702941895
100,s,3.238840103149414
100,s,3.319338083267212
100,s,3.3594751358032227
100,s,3.3416709899902344
100,s,3.1770834922790527
100,s,3.264770269393921
100,s,3.325446128845215
100,s,3.287057638168335
100,s,3.3081750869750977
100,s,3.304426670074463
100,s,3.275717258453369
100,s,3.3068323135375977
100,s,2.8162691593170166
100,s,3.344639778137207
100,s,3.194352388381958
100,s,3.1177117824554443
100,s,3.2147436141967773
100,s,3.3749096393585205
100,s,3.343496799468994
100,s,3.175201177597046
100,s,3.2015886306762695
100,s,3.5217602252960205
100,s,3.4987497329711914
100,s,3.501255512237549
100,s,3.479114532470703
100,s,3.5397794246673584
100,s,3.47908878326416
100,s,3.484964370727539
100,s,3.4767346382141113
100,s,3.4957804679870605
100,s,3.4893550872802734
100,s,3.496582269668579
100,s,3.4865708351135254
100,s,3.514355421066284
100,s,3.476844310760498
100,s,3.485809326171875
100,s,3.452651023864746
100,s,3.4775755405426025
100,s,3.5534253120422363
100,s,3.469597578048706
100,s,3.503521203994751
100,s,3.472703456878662
100,s,3.5095434188842773
100,s,3.3311047554016113
100,s,3.3761227130889893
100,s,3.3557229042053223
100,s,3.348313570022583
100,s,3.3010425567626953
100,s,3.3646421432495117
100,s,3.1312978267669678
100,s,3.3587284088134766
100,s,3.359978675842285
100,s,3.372000217437744
100,s,3.286742687225342
100,s,3.2992465496063232
100,s,3.3851478099823
100,s,3.4098737239837646
100,s,3.3423824310302734
100,s,3.3370373249053955
100,s,3.4124767780303955
100,s,3.31274676322937
100,s,3.4012181758880615
100,s,3.3334426879882812
100,s,3.3533215522766113
100,s,3.382861614227295
100,s,3.306103467941284
100,s,3.3490753173828125
100,s,3.3059816360473633
100,s,3.303563117980957
100,s,3.269019603729248
100,s,3.2998416423797607
100,s,2.9560248851776123
100,s,3.3060214519500732
100,s,3.2813377380371094
100,s,3.294314384460449
100,s,3.268803119659424
100,s,3.2358012199401855
100,s,3.2923507690429688
100,s,3.3964476585388184
100,s,3.366755247116089
100,s,3.337090015411377
100,s,3.3451285362243652
100,s,3.1249217987060547
100,s,3.3992862701416016
100,s,3.2425119876861572
100,s,3.2929859161376953
100,s,3.2620131969451904
150,a,1.001569390296936
150,a,0.9831514358520508
150,a,0.9942685961723328
150,a,0.9787763357162476
150,a,0.997172474861145
150,a,0.9991773366928101
150,a,1.0017753839492798
150,a,0.9957608580589294
150,a,0.9948437809944153
150,a,1.005852460861206
150,a,1.0008859634399414
150,a,0.9957466125488281
150,a,1.000593662261963
150,a,0.9665353298187256
150,a,1.0010020732879639
150,a,1.0113970041275024
150,a,0.9999051690101624
150,a,1.0105206966400146
150,a,0.9978715181350708
150,a,1.004220962524414
150,a,1.0004220008850098
150,a,1.0020831823349
150,a,1.008096694946289
150,a,0.9994078874588013
150,a,1.0000864267349243
150,a,0.9868144392967224
150,a,0.9988211393356323
150,a,1.000784993171692
150,a,0.9913532137870789
150,a,0.9957597255706787
150,a,1.0016045570373535
150,a,1.0035414695739746
150,a,1.0040990114212036
150,a,0.9999984502792358
150,a,1.0005474090576172
150,a,0.9878352284431458
150,a,0.9982196092605591
150,a,1.0029484033584595
150,a,1.0014684200286865
150,a,1.0002632141113281
150,a,1.0005475282669067
150,a,1.002837896347046
150,a,1.0012569427490234
150,a,0.9993157386779785
150,a,1.004401683807373
150,a,0.9751944541931152
150,a,0.9997831583023071
150,a,0.9836450815200806
150,a,0.9986007213592529
150,a,0.994314432144165
150,a,0.981465756893158
150,a,0.9892309904098511
150,a,0.9941989183425903
150,a,0.9936819672584534
150,a,0.9939261674880981
150,a,0.9864799976348877
150,a,0.9956884384155273
150,a,0.9563928842544556
150,a,0.9912881851196289
150,a,1.023210048675537
150,a,0.9951446056365967
150,a,1.0110058784484863
150,a,0.9920555353164673
150,a,1.0134046077728271
150,a,0.9979957342147827
150,a,1.0017247200012207
150,a,1.00157630443573
150,a,0.9976765513420105
150,a,1.0144364833831787
150,a,1.0002477169036865
150,a,0.9995654225349426
150,a,0.9971895813941956
150,a,0.993080198764801
150,a,0.9887211918830872
150,a,1.0127068758010864
150,a,0.9959303140640259
150,a,0.9993199110031128
150,a,1.0047054290771484
150,a,0.9854569435119629
150,a,0.986577570438385
150,a,0.996228814125061
150,a,0.9998188614845276
150,a,1.0062360763549805
150,a,0.9987505078315735
150,a,0.9666445255279541
150,a,0.9949067234992981
150,a,0.9872408509254456
150,a,1.0015511512756348
150,a,1.0053170919418335
150,a,0.9793440103530884
150,a,0.9833195805549622
150,a,0.9864130020141602
150,a,0.9877251386642456
150,a,0.9878987669944763
150,a,0.9719297885894775
150,a,0.9867807030677795
150,a,0.9853047728538513
150,a,0.9808982014656067
150,a,0.9887322187423706
150,a,0.9876822233200073
150,a,0.978135347366333
150,a,0.954636812210083
150,a,0.9722524881362915
150,a,0.9829295873641968
150,a,0.9893752932548523
150,a,0.9770693778991699
150,a,0.9863884449005127
150,a,0.9535303115844727
150,a,0.9673186540603638
150,a,0.9777314066886902
150,a,0.9817265868186951
150,a,0.9835079312324524
150,a,1.0052506923675537
150,a,1.008270025253296
150,a,1.025439977645874
150,a,0.9957069754600525
150,a,0.99574875831604
150,a,0.9935411214828491
150,a,0.9920371770858765
150,a,0.9906264543533325
150,a,1.007544755935669
150,a,0.9929724931716919
150,a,0.9956875443458557
150,a,1.0002384185791016
150,a,0.9893895387649536
150,a,0.9774396419525146
150,a,0.9934898018836975
150,a,0.998236358165741
150,a,0.9983230233192444
150,a,0.9947278499603271
150,a,0.9692035913467407
150,a,0.998346745967865
150,a,0.9813829064369202
150,a,1.0022834539413452
150,a,1.0132726430892944
150,a,0.9969834089279175
150,a,0.9967096447944641
150,a,1.0050097703933716
150,a,0.9977834224700928
150,a,1.0011125802993774
150,a,0.992582380771637
150,a,1.002379298210144
150,a,1.0043425559997559
150,a,0.9987961053848267
150,a,0.9962608218193054
150,a,1.0006892681121826
150,a,1.001903772354126
150,a,0.9853489398956299
150,a,0.9976521730422974
150,a,0.9830945134162903
150,a,0.9994506239891052
150,a,0.9823671579360962
150,a,0.9963859915733337
150,a,0.9792166352272034
150,a,0.9643280506134033
150,a,0.9933785200119019
150,a,0.9947348833084106
150,a,0.9859384298324585
150,a,0.9904806017875671
150,a,0.9798777103424072
150,a,0.9902452230453491
150,a,0.9831100702285767
150,a,0.9827163219451904
150,a,0.9721710085868835
150,a,0.9877161979675293
150,a,0.997370719909668
150,a,0.9918647408485413
150,a,0.9756227135658264
150,a,0.9932719469070435
150,a,0.9775124192237854
150,a,0.9945523142814636
150,a,0.9734677076339722
150,a,0.9813094139099121
150,a,0.9824620485305786
150,a,0.9610252380371094
150,a,0.9936482906341553
150,a,0.9974583387374878
150,a,1.0025653839111328
150,a,0.9911356568336487
150,a,1.005245327949524
150,a,0.9980021715164185
150,a,0.989166259765625
150,a,0.9979420304298401
150,a,0.9930013418197632
150,a,0.9976956248283386
150,a,0.9986835718154907
150,a,0.9951831102371216
150,a,0.9770957231521606
150,a,0.9930556416511536
150,a,0.9970158338546753
150,a,0.9960698485374451
150,a,0.9940558075904846
150,a,0.9979844093322754
150,a,0.9766040444374084
150,a,0.957528829574585
150,a,1.00249445438385
150,a,0.9935165047645569
150,a,1.0002529621124268
150,a,1.0039020776748657
150,a,1.003202199935913
150,a,0.9513903260231018
150,a,1.0013240575790405
150,a,0.9869829416275024
150,a,1.0004252195358276
150,a,1.0123263597488403
150,a,1.0011876821517944
150,a,1.0030463933944702
150,a,0.9975971579551697
150,a,1.0062861442565918
150,a,0.998351514339447
150,a,0.9972072243690491
150,a,1.000588297843933
150,a,1.0012112855911255
150,a,0.9992330074310303
150,a,0.9935327768325806
150,a,1.0007468461990356
150,a,0.95734703540802
150,a,0.9479657411575317
150,a,0.9584301114082336
150,a,0.9557245373725891
150,a,0.9378818869590759
150,a,0.9202086329460144
150,a,0.9603815674781799
150,a,0.949176013469696
150,a,0.962444543838501
150,a,0.9224685430526733
150,a,0.946906566619873
150,a,0.9588190913200378
150,a,0.9227107167243958
150,a,0.9430994391441345
150,a,0.9315097332000732
150,a,0.9658021330833435
150,a,0.9396578669548035
150,a,0.932788074016571
150,a,0.9492507576942444
150,a,0.9322941899299622
150,a,0.9385278224945068
150,a,0.9895155429840088
150,a,0.9832656383514404
150,a,0.9921466112136841
150,a,0.9962801337242126
150,a,0.9964188933372498
150,a,0.992586076259613
150,a,0.9937763810157776
150,a,0.9858370423316956
150,a,0.9904962778091431
150,a,0.9732959866523743
150,a,0.9934399127960205
150,a,0.9911521077156067
150,a,0.9945959448814392
150,a,0.9929159283638
150,a,0.9863285422325134
150,a,0.979340136051178
150,a,0.9888125061988831
150,a,0.9900566339492798
150,a,0.9836809039115906
150,a,0.9488003253936768
150,a,0.9883300065994263
150,a,1.0036284923553467
150,a,1.001870036125183
150,a,0.9965915679931641
150,a,0.9973700642585754
150,a,0.9969903230667114
150,a,0.9820685982704163
150,a,0.9923226237297058
150,a,0.9963686466217041
150,a,0.9844502210617065
150,a,0.9954294562339783
150,a,0.9957627654075623
150,a,0.9996131062507629
150,a,0.9983215928077698
150,a,0.9983336925506592
150,a,0.9982682466506958
150,a,1.0003776550292969
150,a,1.0109184980392456
150,a,0.997835099697113
150,a,0.9778946042060852
150,a,0.9976819753646851
150,a,0.9521748423576355
150,a,0.9650505185127258
150,a,0.963456928730011
150,a,0.9646247625350952
150,a,0.96390300989151
150,a,0.9609415531158447
150,a,0.9397290945053101
150,a,0.9654787182807922
150,a,0.9616522192955017
150,a,0.9601157307624817
150,a,0.9619028568267822
150,a,0.9580187201499939
150,a,0.9660512208938599
150,a,0.965995728969574
150,a,0.969135046005249
150,a,0.9537193179130554
150,a,0.9679327607154846
150,a,0.9665672183036804
150,a,0.9604721069335938
150,a,0.9667156934738159
150,a,0.9991521239280701
150,a,0.9975315928459167
150,a,0.9921834468841553
150,a,0.9953418970108032
150,a,0.9981669783592224
150,a,0.9942549467086792
150,a,0.9998846650123596
150,a,0.9953671097755432
150,a,0.9995527267456055
150,a,0.9902979135513306
150,a,0.9969227910041809
150,a,1.0001736879348755
150,a,1.0015395879745483
150,a,1.0007785558700562
150,a,0.9969126582145691
150,a,1.0050588846206665
150,a,1.022221326828003
150,a,0.9939533472061157
150,a,0.9956089854240417
150,a,0.9955871105194092
150,b,0.005279294680804014
150,b,0.004950353875756264
150,b,0.004760290961712599
150,b,0.004565723240375519
150,b,0.005013488698750734
150,b,0.00503939064219594
150,b,0.005045908968895674
150,b,0.004922263789921999
150,b,0.004993814509361982
150,b,0.005093923304229975
150,b,0.005085734650492668
150,b,0.005044318735599518
150,b,0.005090545862913132
150,b,0.004671376198530197
150,b,0.004841828253120184
150,b,0.004920449573546648
150,b,0.0050392416305840015
150,b,0.0050765518099069595
150,b,0.005023141857236624
150,b,0.004851321689784527
150,b,0.00508008012548089
150,b,0.005076597444713116
150,b,0.0051924302242696285
150,b,0.0049362326972186565
150,b,0.005083111580461264
150,b,0.004694309085607529
150,b,0.00501505471765995
150,b,0.005045528989285231
150,b,0.004703663755208254
150,b,0.004848978947848082
150,b,0.005064185243099928
150,b,0.004920247942209244
150,b,0.005105184391140938
150,b,0.005036402028053999
150,b,0.005052624735981226
150,b,0.004394202493131161
150,b,0.00485107209533453
150,b,0.004919405560940504
150,b,0.005042500793933868
150,b,0.004937079735100269
150,b,0.005014208145439625
150,b,0.0049894084222614765
150,b,0.005026917904615402
150,b,0.004987010732293129
150,b,0.005277454387396574
150,b,0.0046591125428676605
150,b,0.005096328444778919
150,b,0.004832832608371973
150,b,0.004950304515659809
150,b,0.004994535818696022
150,b,0.004437157418578863
150,b,0.004863516427576542
150,b,0.005002809222787619
150,b,0.004791547544300556
150,b,0.005092005245387554
150,b,0.005066187120974064
150,b,0.005087543744593859
150,b,0.004164872691035271
150,b,0.004976897966116667
150,b,0.005047071725130081
150,b,0.005025937221944332
150,b,0.005122475326061249
150,b,0.004917606711387634
150,b,0.005294682923704386
150,b,0.005098277702927589
150,b,0.005051723215728998
150,b,0.005242560990154743
150,b,0.004928764421492815
150,b,0.004941076040267944
150,b,0.005061781033873558
150,b,0.00504380464553833
150,b,0.004812413826584816
150,b,0.0050149401649832726
150,b,0.004836592357605696
150,b,0.004943442530930042
150,b,0.004986501764506102
150,b,0.005033314693719149
150,b,0.005064120050519705
150,b,0.004602660890668631
150,b,0.005116150248795748
150,b,0.0049264454282820225
150,b,0.005099897272884846
150,b,0.00511002354323864
150,b,0.004951355047523975
150,b,0.004512854386121035
150,b,0.005058392882347107
150,b,0.00493595702573657
150,b,0.00496099004521966
150,b,0.0048054796643555164
150,b,0.004951966926455498
150,b,0.004935799166560173
150,b,0.004903758410364389
150,b,0.00510222977027297
150,b,0.005129840224981308
150,b,0.005108427722007036
150,b,0.005065670236945152
150,b,0.004820161033421755
150,b,0.004889979492872953
150,b,0.004952764604240656
150,b,0.0051055108197033405
150,b,0.004810652229934931
150,b,0.004778947681188583
150,b,0.0049152858555316925
150,b,0.005010742228478193
150,b,0.0050202226266264915
150,b,0.004827435594052076
150,b,0.005031563341617584
150,b,0.004524819552898407
150,b,0.005029099527746439
150,b,0.0048120152205228806
150,b,0.0049941763281822205
150,b,0.005000729579478502
150,b,0.00507655693218112
150,b,0.005043188575655222
150,b,0.005141471978276968
150,b,0.005035653244704008
150,b,0.0051184785552322865
150,b,0.005182886961847544
150,b,0.004933168645948172
150,b,0.00491852592676878
150,b,0.00536604318767786
150,b,0.0049129026010632515
150,b,0.00508658355101943
150,b,0.0049444446340203285
150,b,0.004964333493262529
150,b,0.004309779964387417
150,b,0.004854563623666763
150,b,0.005007560830563307
150,b,0.004779658745974302
150,b,0.00510263629257679
150,b,0.0049107130616903305
150,b,0.005090028513222933
150,b,0.004643622320145369
150,b,0.005145852919667959
150,b,0.005187634844332933
150,b,0.005020085722208023
150,b,0.004997156094759703
150,b,0.005076331552118063
150,b,0.0049737426452338696
150,b,0.005057601723819971
150,b,0.004960299469530582
150,b,0.00505334697663784
150,b,0.005052922759205103
150,b,0.0048302337527275085
150,b,0.004910876974463463
150,b,0.005038256291300058
150,b,0.004921651445329189
150,b,0.004988473374396563
150,b,0.004995967261493206
150,b,0.004756608512252569
150,b,0.005013993009924889
150,b,0.005029200576245785
150,b,0.005123491864651442
150,b,0.004863085225224495
150,b,0.004858229774981737
150,b,0.005080658942461014
150,b,0.004976959433406591
150,b,0.005047805607318878
150,b,0.005044544581323862
150,b,0.004944635555148125
150,b,0.004654950927942991
150,b,0.004998867865651846
150,b,0.004995128605514765
150,b,0.004562665708363056
150,b,0.004694487899541855
150,b,0.0050503769889473915
150,b,0.005018554162234068
150,b,0.004816743545234203
150,b,0.0049737547524273396
150,b,0.004912401549518108
150,b,0.005091781262308359
150,b,0.005170177668333054
150,b,0.0050819264724850655
150,b,0.0048088813200592995
150,b,0.004771754611283541
150,b,0.004954807925969362
150,b,0.004875230137258768
150,b,0.005060132127255201
150,b,0.004876065067946911
150,b,0.0051285270601511
150,b,0.004688072018325329
150,b,0.005041628144681454
150,b,0.004975239280611277
150,b,0.0047990912571549416
150,b,0.004913028795272112
150,b,0.005089528858661652
150,b,0.005004417151212692
150,b,0.004847790580242872
150,b,0.004840604495257139
150,b,0.004726745188236237
150,b,0.005012920126318932
150,b,0.004815821070224047
150,b,0.004873085301369429
150,b,0.004929761402308941
150,b,0.004497294779866934
150,b,0.005056287627667189
150,b,0.004881038796156645
150,b,0.005043412558734417
150,b,0.005105254705995321
150,b,0.004999715834856033
150,b,0.004911797121167183
150,b,0.005026740487664938
150,b,0.004546210635453463
150,b,0.005018906202167273
150,b,0.004958081059157848
150,b,0.0050118463113904
150,b,0.005043366923928261
150,b,0.004400769714266062
150,b,0.0051318584010005
150,b,0.004894021898508072
150,b,0.004942447878420353
150,b,0.005128742195665836
150,b,0.004958790726959705
150,b,0.004953189752995968
150,b,0.0048172976821660995
150,b,0.004935156553983688
150,b,0.004836405161768198
150,b,0.004785879980772734
150,b,0.004995798226445913
150,b,0.004960150457918644
150,b,0.004811218939721584
150,b,0.003989888355135918
150,b,0.0049226414412260056
150,b,0.004237916320562363
150,b,0.004788363352417946
150,b,0.003845344530418515
150,b,0.004634380340576172
150,b,0.004766523838043213
150,b,0.006356125697493553
150,b,0.0049327523447573185
150,b,0.004390453454107046
150,b,0.004427982494235039
150,b,0.004272391088306904
150,b,0.004903754219412804
150,b,0.004766678437590599
150,b,0.003924598917365074
150,b,0.004395602270960808
150,b,0.004988424014300108
150,b,0.004704684019088745
150,b,0.005041498225182295
150,b,0.005068622995167971
150,b,0.005107302684336901
150,b,0.004761430434882641
150,b,0.004999878350645304
150,b,0.004781237803399563
150,b,0.004893100820481777
150,b,0.004742904100567102
150,b,0.004627100192010403
150,b,0.005014470778405666
150,b,0.006049852818250656
150,b,0.0052058822475373745
150,b,0.004901927895843983
150,b,0.004911305382847786
150,b,0.0051423232071101665
150,b,0.0052575645968317986
150,b,0.0048110876232385635
150,b,0.005151138175278902
150,b,0.004950868897140026
150,b,0.0050767576321959496
150,b,0.005074112210422754
150,b,0.0049612196162343025
150,b,0.004937042016535997
150,b,0.004986456595361233
150,b,0.00491636898368597
150,b,0.004791817162185907
150,b,0.004935474134981632
150,b,0.004940968006849289
150,b,0.005055258050560951
150,b,0.004893772304058075
150,b,0.004999594762921333
150,b,0.005044944118708372
150,b,0.004981428384780884
150,b,0.005073355045169592
150,b,0.005022841971367598
150,b,0.004892281722277403
150,b,0.0049562230706214905
150,b,0.004908275790512562
150,b,0.005014552269130945
150,b,0.005098817870020866
150,b,0.0050752735696733
150,b,0.004848354961723089
150,b,0.005069212522357702
150,b,0.005086101125925779
150,b,0.005017283838242292
150,b,0.0041947029531002045
150,b,0.005094620864838362
150,b,0.004963448271155357
150,b,0.005062948912382126
150,b,0.005062089301645756
150,b,0.0052855489775538445
150,b,0.005156324245035648
150,b,0.005042981822043657
150,b,0.005039231851696968
150,b,0.004645460285246372
150,b,0.00496202427893877
150,b,0.004815269727259874
150,b,0.004751501604914665
150,b,0.005013264250010252
150,b,0.004922481719404459
150,b,0.005055147223174572
150,b,0.00483799958601594
150,b,0.005044040270149708
150,b,0.004996536299586296
150,b,0.0053190975449979305
150,b,0.004748971201479435
150,b,0.005061821546405554
150,b,0.005329732783138752
150,b,0.004944019950926304
150,b,0.005007599014788866
150,b,0.005124847404658794
150,b,0.005099916830658913
150,b,0.005046159029006958
150,b,0.0050927866250276566
150,b,0.004906193353235722
150,b,0.004884367808699608
150,b,0.004949117079377174
150,b,0.005356420762836933
150,b,0.004997964482754469
150,c,0.10709712654352188
150,c,0.14418072998523712
150,c,0.11888833343982697
150,c,0.1152951717376709
150,c,0.13620635867118835
150,c,0.1305283159017563
150,c,0.14894121885299683
150,c,0.12457748502492905
150,c,0.14055180549621582
150,c,0.1412728875875473
150,c,0.1384141594171524
150,c,0.12989121675491333
150,c,0.12973840534687042
150,c,0.13363316655158997
150,c,0.1534450352191925
150,c,0.1472724974155426
150,c,0.1281258761882782
150,c,0.13950568437576294
150,c,0.13293412327766418
150,c,0.15086932480335236
150,c,0.1376572698354721
150,c,0.1339201182126999
150,c,0.1471991240978241
150,c,0.1889454424381256
150,c,0.17622312903404236
150,c,0.13971765339374542
150,c,0.19174818694591522
150,c,0.19810736179351807
150,c,0.15806031227111816
150,c,0.18450462818145752
150,c,0.19495150446891785
150,c,0.16611932218074799
150,c,0.19307616353034973
150,c,0.20538648962974548
150,c,0.19529080390930176
150,c,0.15314631164073944
150,c,0.18236708641052246
150,c,0.17689713835716248
150,c,0.1963975727558136
150,c,0.16158929467201233
150,c,0.19922056794166565
150,c,0.16963331401348114
150,c,0.2018209993839264
150,c,0.20121479034423828
150,c,0.11435586214065552
150,c,0.14409399032592773
150,c,0.11801670491695404
150,c,0.12139241397380829
150,c,0.15068554878234863
150,c,0.1507931649684906
150,c,0.16069699823856354
150,c,0.15808039903640747
150,c,0.1562151312828064
150,c,0.14580993354320526
150,c,0.15710127353668213
150,c,0.15164700150489807
150,c,0.1515432745218277
150,c,0.13096857070922852
150,c,0.15020771324634552
150,c,0.14673934876918793
150,c,0.15029802918434143
150,c,0.14270678162574768
150,c,0.14954589307308197
150,c,0.15370389819145203
150,c,0.15494787693023682
150,c,0.14794883131980896
150,c,0.1553274244070053
150,c,0.14477068185806274
150,c,0.1484280228614807
150,c,0.13900019228458405
150,c,0.14026175439357758
150,c,0.1322835236787796
150,c,0.13568882644176483
150,c,0.12507060170173645
150,c,0.15260742604732513
150,c,0.12768234312534332
150,c,0.14093413949012756
150,c,0.14607954025268555
150,c,0.11981368064880371
150,c,0.1573684811592102
150,c,0.1282823383808136
150,c,0.1268823742866516
150,c,0.13980066776275635
150,c,0.14451348781585693
150,c,0.13435998558998108
150,c,0.11625395715236664
150,c,0.14495837688446045
150,c,0.14880873262882233
150,c,0.15356220304965973
150,c,0.17745757102966309
150,c,0.18175667524337769
150,c,0.16559068858623505
150,c,0.1839393973350525
150,c,0.1864355504512787
150,c,0.14388184249401093
150,c,0.18453414738178253
150,c,0.1856600046157837
150,c,0.17166097462177277
150,c,0.19281195104122162
150,c,0.18571750819683075
150,c,0.1669299304485321
150,c,0.13528363406658173
150,c,0.17375290393829346
150,c,0.17453381419181824
150,c,0.18775954842567444
150,c,0.160995215177536
150,c,0.1855490803718567
150,c,0.17355962097644806
150,c,0.17631766200065613
150,c,0.17862927913665771
150,c,0.1900700032711029
150,c,0.17263217270374298
150,c,0.13616997003555298
150,c,0.1460084170103073
150,c,0.15188436210155487
150,c,0.15445324778556824
150,c,0.15784716606140137
150,c,0.147400364279747
150,c,0.15393103659152985
150,c,0.14784154295921326
150,c,0.15181834995746613
150,c,0.15355822443962097
150,c,0.15724925696849823
150,c,0.14692269265651703
150,c,0.1320073902606964
150,c,0.1455686241388321
150,c,0.1601126343011856
150,c,0.1558687686920166
150,c,0.14678524434566498
150,c,0.15391871333122253
150,c,0.11933954060077667
150,c,0.12383085489273071
150,c,0.16004154086112976
150,c,0.1484433114528656
150,c,0.15340480208396912
150,c,0.12345004826784134
150,c,0.13649505376815796
150,c,0.13999612629413605
150,c,0.13022500276565552
150,c,0.12829118967056274
150,c,0.13908995687961578
150,c,0.1280289888381958
150,c,0.13714130222797394
150,c,0.1303037852048874
150,c,0.13668414950370789
150,c,0.1413116753101349
150,c,0.1402946263551712
150,c,0.11904639005661011
150,c,0.12911398708820343
150,c,0.15830929577350616
150,c,0.123633474111557
150,c,0.11040795594453812
150,c,0.1540953367948532
150,c,0.1531965434551239
150,c,0.11973553150892258
150,c,0.17915070056915283
150,c,0.17503467202186584
150,c,0.15740810334682465
150,c,0.16663502156734467
150,c,0.14041762053966522
150,c,0.176362082362175
150,c,0.14884242415428162
150,c,0.1552884876728058
150,c,0.16124558448791504
150,c,0.1748000681400299
150,c,0.18621975183486938
150,c,0.19734640419483185
150,c,0.1810891181230545
150,c,0.17298392951488495
150,c,0.16542725265026093
150,c,0.17932724952697754
150,c,0.1411113440990448
150,c,0.18318314850330353
150,c,0.18372397124767303
150,c,0.15495628118515015
150,c,0.15327641367912292
150,c,0.15414614975452423
150,c,0.14968150854110718
150,c,0.1507423222064972
150,c,0.14728252589702606
150,c,0.14405237138271332
150,c,0.14163489639759064
150,c,0.1446639448404312
150,c,0.147694930434227
150,c,0.156780406832695
150,c,0.1555708795785904
150,c,0.15003934502601624
150,c,0.12755811214447021
150,c,0.15347561240196228
150,c,0.14155948162078857
150,c,0.15462295711040497
150,c,0.1281425952911377
150,c,0.13246364891529083
150,c,0.14174994826316833
150,c,0.12942856550216675
150,c,0.13617399334907532
150,c,0.13780991733074188
150,c,0.14289161562919617
150,c,0.1365622878074646
150,c,0.13914526998996735
150,c,0.14959830045700073
150,c,0.1368788629770279
150,c,0.14415863156318665
150,c,0.13682161271572113
150,c,0.14190608263015747
150,c,0.13472986221313477
150,c,0.1326005905866623
150,c,0.10903006792068481
150,c,0.1380670666694641
150,c,0.1252560168504715
150,c,0.12994973361492157
150,c,0.1291317343711853
150,c,0.13620641827583313
150,c,0.1334352046251297
150,c,0.14466047286987305
150,c,0.1262408047914505
150,c,0.18016573786735535
150,c,0.17112299799919128
150,c,0.1852547973394394
150,c,0.17918194830417633
150,c,0.14416727423667908
150,c,0.19186438620090485
150,c,0.18522000312805176
150,c,0.17733919620513916
150,c,0.1873055249452591
150,c,0.13614538311958313
150,c,0.17341330647468567
150,c,0.18316027522087097
150,c,0.1441337913274765
150,c,0.1589563935995102
150,c,0.1411857157945633
150,c,0.1909482628107071
150,c,0.16667234897613525
150,c,0.14081145823001862
150,c,0.1675352305173874
150,c,0.18296952545642853
150,c,0.14823879301548004
150,c,0.15187905728816986
150,c,0.15314072370529175
150,c,0.1514216512441635
150,c,0.14822226762771606
150,c,0.14888986945152283
150,c,0.12918011844158173
150,c,0.15300767123699188
150,c,0.15000921487808228
150,c,0.15341369807720184
150,c,0.15620839595794678
150,c,0.14609842002391815
150,c,0.15413565933704376
150,c,0.11143392324447632
150,c,0.1478004902601242
150,c,0.1306234747171402
150,c,0.15049239993095398
150,c,0.1334017664194107
150,c,0.14461903274059296
150,c,0.15088239312171936
150,c,0.1455952674150467
150,c,0.13415803015232086
150,c,0.13579204678535461
150,c,0.12766458094120026
150,c,0.12857061624526978
150,c,0.14497430622577667
150,c,0.13899099826812744
150,c,0.15323469042778015
150,c,0.12678776681423187
150,c,0.1452966183423996
150,c,0.15237478911876678
150,c,0.14528025686740875
150,c,0.14454451203346252
150,c,0.14021256566047668
150,c,0.14151029288768768
150,c,0.14410565793514252
150,c,0.13910505175590515
150,c,0.13327637314796448
150,c,0.1457262486219406
150,c,0.1260398030281067
150,c,0.15465424954891205
150,c,0.13549481332302094
150,c,0.15511885285377502
150,c,0.17836329340934753
150,c,0.16976621747016907
150,c,0.18560193479061127
150,c,0.18168911337852478
150,c,0.17793811857700348
150,c,0.15839824080467224
150,c,0.1849471479654312
150,c,0.1766078621149063
150,c,0.17126479744911194
150,c,0.18843048810958862
150,c,0.1601601243019104
150,c,0.18741393089294434
150,c,0.18858881294727325
150,c,0.1842142790555954
150,c,0.1525418758392334
150,c,0.15310126543045044
150,c,0.18405476212501526
150,c,0.1759437769651413
150,c,0.18552766740322113
150,c,0.14498570561408997
150,c,0.15007717907428741
150,c,0.15613728761672974
150,c,0.14896276593208313
150,c,0.14726191759109497
150,c,0.14644338190555573
150,c,0.13046035170555115
150,c,0.15008403360843658
150,c,0.1424243003129959
150,c,0.1610492765903473
150,c,0.14298024773597717
150,c,0.14958760142326355
150,c,0.1463771015405655
150,c,0.14440639317035675
150,c,0.1557491272687912
150,c,0.145118847489357
150,c,0.1494477242231369
150,c,0.1507095992565155
150,c,0.1425018608570099
150,c,0.1506085991859436
150,d,0.015727737918496132
150,d,0.015382506884634495
150,d,0.014985057525336742
150,d,0.01434541679918766
150,d,0.014950314536690712
150,d,0.015196172520518303
150,d,0.014782148413360119
150,d,0.014530853368341923
150,d,0.015112224966287613
150,d,0.014946101233363152
150,d,0.014795096591114998
150,d,0.014823357574641705
150,d,0.015225785784423351
150,d,0.015007791109383106
150,d,0.014753418043255806
150,d,0.014945938251912594
150,d,0.01506983581930399
150,d,0.015172913670539856
150,d,0.01510831993073225
150,d,0.014964877627789974
150,d,0.01517441961914301
150,d,0.01521478220820427
150,d,0.01560619194060564
150,d,0.014630749821662903
150,d,0.014895615167915821
150,d,0.014495366252958775
150,d,0.015108313411474228
150,d,0.015210583806037903
150,d,0.014223740436136723
150,d,0.01471481192857027
150,d,0.015283212997019291
150,d,0.015135915949940681
150,d,0.015214725397527218
150,d,0.014800889417529106
150,d,0.015280291438102722
150,d,0.01308856625109911
150,d,0.014745603315532207
150,d,0.014633051119744778
150,d,0.015171502716839314
150,d,0.014957046136260033
150,d,0.01500423438847065
150,d,0.014643654227256775
150,d,0.01513766311109066
150,d,0.015090768225491047
150,d,0.016434960067272186
150,d,0.015118964947760105
150,d,0.015991058200597763
150,d,0.014726661145687103
150,d,0.014498027041554451
150,d,0.014641986228525639
150,d,0.013805375434458256
150,d,0.014707333408296108
150,d,0.014935779385268688
150,d,0.01416199840605259
150,d,0.015370526351034641
150,d,0.01512795127928257
150,d,0.014881493523716927
150,d,0.01345837488770485
150,d,0.01511978730559349
150,d,0.015120984055101871
150,d,0.014807749539613724
150,d,0.01619001291692257
150,d,0.014775784686207771
150,d,0.015957368537783623
150,d,0.015450107865035534
150,d,0.015041649341583252
150,d,0.015308026224374771
150,d,0.014948447234928608
150,d,0.015055052936077118
150,d,0.014943679794669151
150,d,0.014968461357057095
150,d,0.01494294498115778
150,d,0.015121177770197392
150,d,0.014234968461096287
150,d,0.015589813701808453
150,d,0.014962880872189999
150,d,0.015028960071504116
150,d,0.015186847187578678
150,d,0.015113133937120438
150,d,0.014900580048561096
150,d,0.014820007607340813
150,d,0.015256484039127827
150,d,0.015018247999250889
150,d,0.015169166028499603
150,d,0.012990408577024937
150,d,0.01569409854710102
150,d,0.014637350104749203
150,d,0.01487811654806137
150,d,0.01517125777900219
150,d,0.014852598309516907
150,d,0.01471114344894886
150,d,0.014251689426600933
150,d,0.014982079155743122
150,d,0.015091500245034695
150,d,0.015222599729895592
150,d,0.015425263904035091
150,d,0.014454248361289501
150,d,0.014182333834469318
150,d,0.014497044496238232
150,d,0.01504590269178152
150,d,0.014324904419481754
150,d,0.014530728571116924
150,d,0.016320262104272842
150,d,0.015391099266707897
150,d,0.015286237001419067
150,d,0.014374135993421078
150,d,0.01498095691204071
150,d,0.012398011051118374
150,d,0.015019687823951244
150,d,0.01404920220375061
150,d,0.014779851771891117
150,d,0.014218064025044441
150,d,0.014714033342897892
150,d,0.014972108416259289
150,d,0.015386938117444515
150,d,0.01502902340143919
150,d,0.015299363061785698
150,d,0.015371516346931458
150,d,0.014756281860172749
150,d,0.014644436538219452
150,d,0.015431670472025871
150,d,0.014540322124958038
150,d,0.015209748409688473
150,d,0.014349686913192272
150,d,0.014783523976802826
150,d,0.013980063609778881
150,d,0.014410749077796936
150,d,0.014669960364699364
150,d,0.014214416034519672
150,d,0.015213287435472012
150,d,0.015826847404241562
150,d,0.015520327724516392
150,d,0.014920487999916077
150,d,0.015909813344478607
150,d,0.015427506528794765
150,d,0.015081617049872875
150,d,0.01478959433734417
150,d,0.015157562680542469
150,d,0.014707951806485653
150,d,0.015095566399395466
150,d,0.014394314028322697
150,d,0.01532441470772028
150,d,0.0149927269667387
150,d,0.013859118334949017
150,d,0.014844810590147972
150,d,0.015183373354375362
150,d,0.015118814073503017
150,d,0.015240960754454136
150,d,0.015017696656286716
150,d,0.014849857427179813
150,d,0.015141098760068417
150,d,0.014063109643757343
150,d,0.01583702303469181
150,d,0.015370475128293037
150,d,0.014248550869524479
150,d,0.015186681412160397
150,d,0.01502241101115942
150,d,0.014881621114909649
150,d,0.01515356544405222
150,d,0.014746715314686298
150,d,0.014717071317136288
150,d,0.0149920042604208
150,d,0.014741345308721066
150,d,0.014189503155648708
150,d,0.014091182500123978
150,d,0.01535202469676733
150,d,0.01454246323555708
150,d,0.014264622703194618
150,d,0.015257052145898342
150,d,0.015108011662960052
150,d,0.015479257330298424
150,d,0.015077504329383373
150,d,0.014274616725742817
150,d,0.014544793404638767
150,d,0.011626827530562878
150,d,0.014735686592757702
150,d,0.014959877356886864
150,d,0.015233135782182217
150,d,0.014376972801983356
150,d,0.015434378758072853
150,d,0.01397334598004818
150,d,0.015424946323037148
150,d,0.015288732014596462
150,d,0.0145115340128541
150,d,0.015372571535408497
150,d,0.01527134608477354
150,d,0.015400384552776814
150,d,0.014677684754133224
150,d,0.014327282086014748
150,d,0.013100342825055122
150,d,0.01518426276743412
150,d,0.01464022696018219
150,d,0.01450579147785902
150,d,0.015624015592038631
150,d,0.013282585889101028
150,d,0.01514647901058197
150,d,0.014497598633170128
150,d,0.015333272516727448
150,d,0.015004957094788551
150,d,0.015183770097792149
150,d,0.012197517789900303
150,d,0.015307982452213764
150,d,0.0143996337428689
150,d,0.015368307009339333
150,d,0.015089989639818668
150,d,0.013973591849207878
150,d,0.01524390373378992
150,d,0.017362095415592194
150,d,0.01525289099663496
150,d,0.01466402132064104
150,d,0.014565997757017612
150,d,0.014801312237977982
150,d,0.015480291098356247
150,d,0.014752320013940334
150,d,0.015137842856347561
150,d,0.014919215813279152
150,d,0.013924086466431618
150,d,0.014479869976639748
150,d,0.014792521484196186
150,d,0.015120363794267178
150,d,0.013815173879265785
150,d,0.005808371119201183
150,d,0.014904431998729706
150,d,0.013455289416015148
150,d,0.014682254754006863
150,d,0.012242496944963932
150,d,0.013928715139627457
150,d,0.014047695323824883
150,d,0.01802767626941204
150,d,0.01464049145579338
150,d,0.01221422292292118
150,d,0.012264792807400227
150,d,0.01148073561489582
150,d,0.014373978599905968
150,d,0.01406705379486084
150,d,0.010418529622256756
150,d,0.012585657648742199
150,d,0.014805838465690613
150,d,0.014129278250038624
150,d,0.014986800961196423
150,d,0.015067369677126408
150,d,0.015399372205138206
150,d,0.016760755330324173
150,d,0.014530402608215809
150,d,0.015198656357824802
150,d,0.014016088098287582
150,d,0.01245427131652832
150,d,0.015283146873116493
150,d,0.014627156779170036
150,d,0.016625074669718742
150,d,0.0156188840046525
150,d,0.014975501224398613
150,d,0.014239232055842876
150,d,0.01576654240489006
150,d,0.015978269279003143
150,d,0.014221698977053165
150,d,0.012630736455321312
150,d,0.014929027296602726
150,d,0.015183213166892529
150,d,0.015305375680327415
150,d,0.014851417392492294
150,d,0.015180418267846107
150,d,0.0151943014934659
150,d,0.01438966765999794
150,d,0.014351630583405495
150,d,0.015114805661141872
150,d,0.014311379753053188
150,d,0.014942560344934464
150,d,0.015068167820572853
150,d,0.015079337172210217
150,d,0.015146219171583652
150,d,0.014974093995988369
150,d,0.015146284364163876
150,d,0.014686870388686657
150,d,0.015021615661680698
150,d,0.014974972233176231
150,d,0.014237514697015285
150,d,0.01511172205209732
150,d,0.01517030131071806
150,d,0.015025383792817593
150,d,0.014848131686449051
150,d,0.015180498361587524
150,d,0.015244776383042336
150,d,0.015040810219943523
150,d,0.013686424121260643
150,d,0.015326950699090958
150,d,0.015039683319628239
150,d,0.014357666485011578
150,d,0.014890586957335472
150,d,0.01599465124309063
150,d,0.015362379141151905
150,d,0.014886448159813881
150,d,0.01526059489697218
150,d,0.014420385472476482
150,d,0.01526380330324173
150,d,0.014066356234252453
150,d,0.014816628769040108
150,d,0.014645503833889961
150,d,0.014979791827499866
150,d,0.014916455373167992
150,d,0.014455738477408886
150,d,0.015248505398631096
150,d,0.014942247420549393
150,d,0.01581578701734543
150,d,0.014394355937838554
150,d,0.015326234512031078
150,d,0.015708399936556816
150,d,0.015049333684146404
150,d,0.015339717268943787
150,d,0.015235655941069126
150,d,0.015481870621442795
150,d,0.01575477421283722
150,d,0.015221698209643364
150,d,0.014688368886709213
150,d,0.014674556441605091
150,d,0.014534125104546547
150,d,0.015436263754963875
150,d,0.015156783163547516
150,s,3.53515625
150,s,3.525362253189087
150,s,3.401341199874878
150,s,3.395451068878174
150,s,3.4897818565368652
150,s,3.5123989582061768
150,s,3.4931087493896484
150,s,3.4672129154205322
150,s,3.490478515625
150,s,3.531393527984619
150,s,3.497589588165283
150,s,3.4764115810394287
150,s,3.5053415298461914
150,s,3.4472413063049316
150,s,3.4685354232788086
150,s,3.480512857437134
150,s,3.504823684692383
150,s,3.480574131011963
150,s,3.515904426574707
150,s,3.425567626953125
150,s,3.4939684867858887
150,s,3.4982008934020996
150,s,3.5957720279693604
150,s,3.455995559692383
150,s,3.5303702354431152
150,s,3.334573745727539
150,s,3.4862265586853027
150,s,3.506767988204956
150,s,3.364123821258545
150,s,3.4881017208099365
150,s,3.5049171447753906
150,s,3.4848108291625977
150,s,3.530458927154541
150,s,3.5112686157226562
150,s,3.5216331481933594
150,s,3.262023448944092
150,s,3.4776523113250732
150,s,3.452559232711792
150,s,3.5091552734375
150,s,3.4785125255584717
150,s,3.491100788116455
150,s,3.4969124794006348
150,s,3.5284886360168457
150,s,3.503561496734619
150,s,3.524954319000244
150,s,3.337202548980713
150,s,3.481410503387451
150,s,3.4461536407470703
150,s,3.4539849758148193
150,s,3.446533203125
150,s,3.344749689102173
150,s,3.5159010887145996
150,s,3.4597654342651367
150,s,3.227546453475952
150,s,3.4379897117614746
150,s,3.4695887565612793
150,s,3.500847101211548
150,s,3.273928165435791
150,s,3.378384590148926
150,s,3.385643482208252
150,s,3.44722843170166
150,s,3.5289907455444336
150,s,3.425593376159668
150,s,3.4456474781036377
150,s,3.511213779449463
150,s,3.47943377494812
150,s,3.51015567779541
150,s,3.474290370941162
150,s,3.453514814376831
150,s,3.5092339515686035
150,s,3.4870476722717285
150,s,3.4666874408721924
150,s,3.5175082683563232
150,s,3.477454423904419
150,s,3.447096347808838
150,s,3.497422695159912
150,s,3.493102550506592
150,s,3.488145589828491
150,s,3.420011520385742
150,s,3.5065879821777344
150,s,3.4869892597198486
150,s,3.510633707046509
150,s,3.5382044315338135
150,s,3.4860105514526367
150,s,3.281708240509033
150,s,3.447237968444824
150,s,3.448338508605957
150,s,3.441762924194336
150,s,3.4154438972473145
150,s,3.460066318511963
150,s,3.40879487991333
150,s,3.4011964797973633
150,s,3.50392746925354
150,s,3.5171396732330322
150,s,3.514975070953369
150,s,3.4898366928100586
150,s,3.4206957817077637
150,s,3.4861690998077393
150,s,3.4613118171691895
150,s,3.5108189582824707
150,s,3.418877124786377
150,s,3.3512115478515625
150,s,3.437009572982788
150,s,3.4982476234436035
150,s,3.5176877975463867
150,s,3.404923439025879
150,s,3.5057928562164307
150,s,3.2798337936401367
150,s,3.4372761249542236
150,s,3.387164831161499
150,s,3.473483085632324
150,s,3.453439712524414
150,s,3.468005657196045
150,s,3.4530587196350098
150,s,3.467982769012451
150,s,3.4365756511688232
150,s,3.4732096195220947
150,s,3.522887945175171
150,s,3.4686379432678223
150,s,3.410334348678589
150,s,3.4406204223632812
150,s,3.4501309394836426
150,s,3.458771228790283
150,s,3.3486762046813965
150,s,3.475015163421631
150,s,3.4134490489959717
150,s,3.501067638397217
150,s,3.5084362030029297
150,s,3.341742515563965
150,s,3.4477829933166504
150,s,3.342195510864258
150,s,3.532052993774414
150,s,3.4674465656280518
150,s,3.502131938934326
150,s,3.457833766937256
150,s,3.4968113899230957
150,s,3.509683132171631
150,s,3.4953205585479736
150,s,3.4972872734069824
150,s,3.496029853820801
150,s,3.4829859733581543
150,s,3.506955623626709
150,s,3.4975666999816895
150,s,3.3960461616516113
150,s,3.4643006324768066
150,s,3.4984445571899414
150,s,3.4766740798950195
150,s,3.429509162902832
150,s,3.5163779258728027
150,s,3.475308895111084
150,s,3.4751148223876953
150,s,3.448854446411133
150,s,3.527369976043701
150,s,3.480821132659912
150,s,3.4385597705841064
150,s,3.522041082382202
150,s,3.4917654991149902
150,s,3.499662399291992
150,s,3.5099782943725586
150,s,3.4950153827667236
150,s,3.4137067794799805
150,s,3.542224884033203
150,s,3.486774444580078
150,s,3.472935676574707
150,s,3.4119112491607666
150,s,3.529550552368164
150,s,3.508884906768799
150,s,3.3690438270568848
150,s,3.5076851844787598
150,s,3.489687204360962
150,s,3.564830780029297
150,s,3.4908998012542725
150,s,3.4866063594818115
150,s,3.4566800594329834
150,s,3.1986541748046875
150,s,3.5101265907287598
150,s,3.4611713886260986
150,s,3.524672269821167
150,s,3.5147671699523926
150,s,3.5249924659729004
150,s,3.4185571670532227
150,s,3.507564067840576
150,s,3.524838924407959
150,s,3.4353153705596924
150,s,3.484889030456543
150,s,3.514705181121826
150,s,3.4978694915771484
150,s,3.471320867538452
150,s,3.4998908042907715
150,s,3.4950058460235596
150,s,3.5553407669067383
150,s,3.48473858833313
150,s,3.3898022174835205
150,s,3.456982135772705
150,s,3.2821431159973145
150,s,3.520566940307617
150,s,3.4441967010498047
150,s,3.5096936225891113
150,s,3.4949281215667725
150,s,3.5072755813598633
150,s,2.9724574089050293
150,s,3.501262664794922
150,s,3.358078718185425
150,s,3.513132095336914
150,s,3.5234122276306152
150,s,3.4456653594970703
150,s,3.492190361022949
150,s,3.5572426319122314
150,s,3.5179452896118164
150,s,3.5214967727661133
150,s,3.4964613914489746
150,s,3.4517617225646973
150,s,3.4891903400421143
150,s,3.4924097061157227
150,s,3.5448155403137207
150,s,3.538188934326172
150,s,3.2668190002441406
150,s,3.2711899280548096
150,s,3.3202028274536133
150,s,3.2931389808654785
150,s,3.3050966262817383
150,s,2.7639880180358887
150,s,3.302062511444092
150,s,3.188903331756592
150,s,3.3013579845428467
150,s,3.1163840293884277
150,s,3.0917112827301025
150,s,3.2901506423950195
150,s,3.4855246543884277
150,s,3.318160057067871
150,s,3.1249828338623047
150,s,3.1280126571655273
150,s,3.185506582260132
150,s,3.3154354095458984
150,s,3.305421829223633
150,s,3.212432622909546
150,s,3.1341676712036133
150,s,3.423060894012451
150,s,3.387678384780884
150,s,3.4347472190856934
150,s,3.4826769828796387
150,s,3.4572548866271973
150,s,3.33768630027771
150,s,3.430757522583008
150,s,3.4551572799682617
150,s,3.402303457260132
150,s,3.290013313293457
150,s,3.4603757858276367
150,s,3.455686569213867
150,s,3.4279327392578125
150,s,3.4629733562469482
150,s,3.3465819358825684
150,s,3.3313465118408203
150,s,3.4309957027435303
150,s,3.495304822921753
150,s,3.44620418548584
150,s,3.2665348052978516
150,s,3.334993600845337
150,s,3.52890682220459
150,s,3.5116822719573975
150,s,3.5012564659118652
150,s,3.485696315765381
150,s,3.5135080814361572
150,s,3.4496521949768066
150,s,3.4464316368103027
150,s,3.4835174083709717
150,s,3.460639476776123
150,s,3.467616081237793
150,s,3.4708778858184814
150,s,3.4814555644989014
150,s,3.4733681678771973
150,s,3.4754185676574707
150,s,3.4955320358276367
150,s,3.5055389404296875
150,s,3.4688751697540283
150,s,3.504866600036621
150,s,3.4515058994293213
150,s,3.508671522140503
150,s,3.3458752632141113
150,s,3.3979573249816895
150,s,3.378922462463379
150,s,3.389688491821289
150,s,3.3433432579040527
150,s,3.3954339027404785
150,s,3.105011463165283
150,s,3.399346351623535
150,s,3.378418207168579
150,s,3.383953332901001
150,s,3.332575798034668
150,s,3.4030816555023193
150,s,3.3800110816955566
150,s,3.372868537902832
150,s,3.4229750633239746
150,s,3.2585275173187256
150,s,3.3146743774414062
150,s,3.31829833984375
150,s,3.3762927055358887
150,s,3.379291296005249
150,s,3.4812064170837402
150,s,3.5188257694244385
150,s,3.4935522079467773
150,s,3.4836490154266357
150,s,3.4726572036743164
150,s,3.531597375869751
150,s,3.361579179763794
150,s,3.4893569946289062
150,s,3.539888381958008
150,s,3.5348777770996094
150,s,3.466707229614258
150,s,3.508568286895752
150,s,3.5350632667541504
150,s,3.509188175201416
150,s,3.5213963985443115
150,s,3.3906335830688477
150,s,3.5011932849884033
150,s,3.461829900741577
150,s,3.5188040733337402
150,s,3.490427017211914
