model,n_early,seed,n_train,n_cal,n_test,n_params,train_time_s,test_cells,y_true,y_pred,MAE,RMSE,MAPE,MedianAE,Within_50,Within_100,Bias,fold
PINN_Knee,50,0,71,23,23,7591,10.45,SEV_batch2_c006|SEV_batch1_c006|SEV_batch2_c019|SEV_batch2_c004|SEV_batch1_c012|SEV_batch3_c008|SEV_batch2_c040|SEV_batch3_c017|SEV_batch1_c044|SEV_batch1_c013|SEV_batch2_c002|SEV_batch1_c030|SEV_batch3_c018|SEV_batch3_c030|SEV_batch1_c021|SEV_batch1_c000|SEV_batch2_c029|SEV_batch3_c040|SEV_batch2_c044|SEV_batch3_c027|SEV_batch2_c036|SEV_batch3_c012|SEV_batch3_c043,256|518|247|245|504|426|361|63|500|500|246|432|591|753|462|701|245|237|246|773|249|463|706,190.35|542.89|192.15|270.68|490.11|392.67|269.28|579.24|432.36|467.99|289.29|443.84|422.94|411.74|485.58|324.51|339.02|327.67|261.13|357.11|285.25|452.34|453.05,121.9992,190.5491,55.6811,54.8485,0.4783,0.7391,-45.3396,0
PINN_Knee,50,1,71,23,23,7591,5.16,SEV_batch2_c006|SEV_batch1_c006|SEV_batch2_c019|SEV_batch2_c004|SEV_batch1_c012|SEV_batch3_c008|SEV_batch2_c040|SEV_batch3_c017|SEV_batch1_c044|SEV_batch1_c013|SEV_batch2_c002|SEV_batch1_c030|SEV_batch3_c018|SEV_batch3_c030|SEV_batch1_c021|SEV_batch1_c000|SEV_batch2_c029|SEV_batch3_c040|SEV_batch2_c044|SEV_batch3_c027|SEV_batch2_c036|SEV_batch3_c012|SEV_batch3_c043,256|518|247|245|504|426|361|63|500|500|246|432|591|753|462|701|245|237|246|773|249|463|706,159.10|567.28|206.31|249.20|494.30|388.02|275.66|567.81|437.53|476.40|300.67|472.61|422.49|406.37|514.90|319.90|348.43|305.03|275.00|356.06|276.22|459.85|452.10,124.3948,190.8858,55.4239,54.6659,0.4348,0.6957,-43.1638,0
PINN_Knee,50,2,71,23,23,7591,4.89,SEV_batch2_c006|SEV_batch1_c006|SEV_batch2_c019|SEV_batch2_c004|SEV_batch1_c012|SEV_batch3_c008|SEV_batch2_c040|SEV_batch3_c017|SEV_batch1_c044|SEV_batch1_c013|SEV_batch2_c002|SEV_batch1_c030|SEV_batch3_c018|SEV_batch3_c030|SEV_batch1_c021|SEV_batch1_c000|SEV_batch2_c029|SEV_batch3_c040|SEV_batch2_c044|SEV_batch3_c027|SEV_batch2_c036|SEV_batch3_c012|SEV_batch3_c043,256|518|247|245|504|426|361|63|500|500|246|432|591|753|462|701|245|237|246|773|249|463|706,155.52|488.00|210.39|227.39|494.70|396.16|267.78|587.39|445.77|474.73|284.99|443.26|435.36|413.54|518.36|366.08|343.80|328.16|291.49|364.34|317.59|452.01|450.70,123.3301,188.1819,57.2209,56.3645,0.4348,0.6957,-42.0208,0
PINN_Knee,50,0,71,23,23,7591,7.55,SEV_batch1_c014|SEV_batch1_c017|SEV_batch2_c037|SEV_batch1_c037|SEV_batch1_c027|SEV_batch2_c022|SEV_batch1_c025|SEV_batch3_c039|SEV_batch2_c032|SEV_batch3_c003|SEV_batch1_c036|SEV_batch2_c041|SEV_batch2_c010|SEV_batch1_c011|SEV_batch1_c040|SEV_batch3_c038|SEV_batch2_c035|SEV_batch1_c034|SEV_batch2_c007|SEV_batch3_c006|SEV_batch1_c007|SEV_batch3_c007|SEV_batch2_c033,522|507|245|438|502|245|569|938|360|600|490|249|249|507|485|1681|246|541|530|549|569|389|246,560.95|452.31|314.82|421.90|455.40|293.68|514.67|342.17|271.33|404.66|424.77|243.61|211.05|475.03|460.75|438.30|253.30|442.88|253.23|418.87|443.64|358.18|329.59,146.4599,301.9261,21.1626,54.6872,0.4348,0.7391,-124.8654,1
PINN_Knee,50,1,71,23,23,7591,6.26,SEV_batch1_c014|SEV_batch1_c017|SEV_batch2_c037|SEV_batch1_c037|SEV_batch1_c027|SEV_batch2_c022|SEV_batch1_c025|SEV_batch3_c039|SEV_batch2_c032|SEV_batch3_c003|SEV_batch1_c036|SEV_batch2_c041|SEV_batch2_c010|SEV_batch1_c011|SEV_batch1_c040|SEV_batch3_c038|SEV_batch2_c035|SEV_batch1_c034|SEV_batch2_c007|SEV_batch3_c006|SEV_batch1_c007|SEV_batch3_c007|SEV_batch2_c033,522|507|245|438|502|245|569|938|360|600|490|249|249|507|485|1681|246|541|530|549|569|389|246,361.75|404.67|222.87|515.95|509.56|249.49|462.16|301.75|401.39|432.38|521.64|275.55|204.53|255.62|436.85|430.41|313.07|518.59|329.00|490.79|509.26|431.54|349.50,153.6548,308.3529,22.5834,59.7433,0.4348,0.6087,-118.639,1
PINN_Knee,50,2,71,23,23,7591,3.6,SEV_batch1_c014|SEV_batch1_c017|SEV_batch2_c037|SEV_batch1_c037|SEV_batch1_c027|SEV_batch2_c022|SEV_batch1_c025|SEV_batch3_c039|SEV_batch2_c032|SEV_batch3_c003|SEV_batch1_c036|SEV_batch2_c041|SEV_batch2_c010|SEV_batch1_c011|SEV_batch1_c040|SEV_batch3_c038|SEV_batch2_c035|SEV_batch1_c034|SEV_batch2_c007|SEV_batch3_c006|SEV_batch1_c007|SEV_batch3_c007|SEV_batch2_c033,522|507|245|438|502|245|569|938|360|600|490|249|249|507|485|1681|246|541|530|549|569|389|246,418.88|408.04|311.38|372.18|406.64|287.11|435.38|323.45|255.16|397.92|379.51|216.20|237.13|409.76|440.30|424.88|242.62|383.62|364.36|302.69|457.40|341.24|310.81,168.5634,310.8151,25.1223,98.9609,0.2609,0.5217,-153.4938,1
PINN_Knee,50,0,71,23,23,7591,5.18,SEV_batch2_c001|SEV_batch1_c043|SEV_batch1_c019|SEV_batch2_c031|SEV_batch1_c042|SEV_batch2_c021|SEV_batch1_c009|SEV_batch2_c005|SEV_batch2_c038|SEV_batch2_c047|SEV_batch1_c031|SEV_batch1_c022|SEV_batch3_c016|SEV_batch3_c021|SEV_batch1_c029|SEV_batch1_c010|SEV_batch3_c019|SEV_batch2_c012|SEV_batch1_c015|SEV_batch3_c034|SEV_batch1_c005|SEV_batch1_c020|SEV_batch2_c000,92|498|507|252|500|250|887|390|251|259|629|793|568|409|505|506|904|252|517|133|906|421|71,507.96|406.00|468.96|256.65|461.89|224.79|496.23|258.49|265.31|126.31|399.51|475.29|439.86|464.22|482.74|507.32|404.37|235.32|465.68|367.98|514.36|463.74|298.45,152.253,214.7925,59.6467,91.999,0.3913,0.5217,-65.5892,2
PINN_Knee,50,1,71,23,23,7591,3.16,SEV_batch2_c001|SEV_batch1_c043|SEV_batch1_c019|SEV_batch2_c031|SEV_batch1_c042|SEV_batch2_c021|SEV_batch1_c009|SEV_batch2_c005|SEV_batch2_c038|SEV_batch2_c047|SEV_batch1_c031|SEV_batch1_c022|SEV_batch3_c016|SEV_batch3_c021|SEV_batch1_c029|SEV_batch1_c010|SEV_batch3_c019|SEV_batch2_c012|SEV_batch1_c015|SEV_batch3_c034|SEV_batch1_c005|SEV_batch1_c020|SEV_batch2_c000,92|498|507|252|500|250|887|390|251|259|629|793|568|409|505|506|904|252|517|133|906|421|71,233.83|430.55|477.37|203.80|409.36|232.78|434.48|229.57|239.07|144.05|535.97|474.90|416.57|486.23|422.33|209.12|443.70|362.35|307.94|386.88|350.12|456.25|333.06,175.6932,230.7931,56.4926,114.9515,0.2174,0.4348,-99.1194,2
PINN_Knee,50,2,71,23,23,7591,3.77,SEV_batch2_c001|SEV_batch1_c043|SEV_batch1_c019|SEV_batch2_c031|SEV_batch1_c042|SEV_batch2_c021|SEV_batch1_c009|SEV_batch2_c005|SEV_batch2_c038|SEV_batch2_c047|SEV_batch1_c031|SEV_batch1_c022|SEV_batch3_c016|SEV_batch3_c021|SEV_batch1_c029|SEV_batch1_c010|SEV_batch3_c019|SEV_batch2_c012|SEV_batch1_c015|SEV_batch3_c034|SEV_batch1_c005|SEV_batch1_c020|SEV_batch2_c000,92|498|507|252|500|250|887|390|251|259|629|793|568|409|505|506|904|252|517|133|906|421|71,338.94|440.92|474.52|242.69|455.22|212.91|514.42|256.28|263.24|179.86|460.12|443.26|384.75|426.46|479.63|433.11|422.26|206.31|354.09|375.97|428.99|437.14|245.43,149.732,208.567,49.5731,79.1396,0.3913,0.5217,-87.9777,2
PINN_Knee,50,0,71,23,23,7591,5.41,SEV_batch3_c013|SEV_batch1_c008|SEV_batch3_c011|SEV_batch3_c026|SEV_batch3_c042|SEV_batch2_c020|SEV_batch2_c013|SEV_batch3_c000|SEV_batch2_c009|SEV_batch3_c004|SEV_batch2_c028|SEV_batch3_c041|SEV_batch3_c001|SEV_batch3_c014|SEV_batch2_c003|SEV_batch2_c024|SEV_batch2_c011|SEV_batch3_c036|SEV_batch2_c023|SEV_batch2_c043|SEV_batch1_c039|SEV_batch3_c037|SEV_batch2_c025,377|494|145|673|1341|247|244|819|309|441|248|621|585|143|248|247|248|863|246|249|504|598|249,356.24|439.44|425.43|433.38|409.07|291.02|281.72|410.10|260.17|484.15|285.57|314.95|376.30|411.77|232.12|250.99|297.57|363.88|314.77|246.63|469.51|200.47|269.09,174.9049,280.5151,39.4801,49.5658,0.5217,0.6087,-100.637,3
PINN_Knee,50,1,71,23,23,7591,2.89,SEV_batch3_c013|SEV_batch1_c008|SEV_batch3_c011|SEV_batch3_c026|SEV_batch3_c042|SEV_batch2_c020|SEV_batch2_c013|SEV_batch3_c000|SEV_batch2_c009|SEV_batch3_c004|SEV_batch2_c028|SEV_batch3_c041|SEV_batch3_c001|SEV_batch3_c014|SEV_batch2_c003|SEV_batch2_c024|SEV_batch2_c011|SEV_batch3_c036|SEV_batch2_c023|SEV_batch2_c043|SEV_batch1_c039|SEV_batch3_c037|SEV_batch2_c025,377|494|145|673|1341|247|244|819|309|441|248|621|585|143|248|247|248|863|246|249|504|598|249,341.99|408.77|424.85|425.08|387.36|264.28|350.84|415.42|362.61|480.67|341.00|319.59|398.16|393.99|480.97|284.23|264.42|398.90|401.50|192.51|396.57|345.04|277.25,191.574,280.4615,46.8546,107.4262,0.2609,0.4348,-77.5212,3
PINN_Knee,50,2,71,23,23,7591,3.69,SEV_batch3_c013|SEV_batch1_c008|SEV_batch3_c011|SEV_batch3_c026|SEV_batch3_c042|SEV_batch2_c020|SEV_batch2_c013|SEV_batch3_c000|SEV_batch2_c009|SEV_batch3_c004|SEV_batch2_c028|SEV_batch3_c041|SEV_batch3_c001|SEV_batch3_c014|SEV_batch2_c003|SEV_batch2_c024|SEV_batch2_c011|SEV_batch3_c036|SEV_batch2_c023|SEV_batch2_c043|SEV_batch1_c039|SEV_batch3_c037|SEV_batch2_c025,377|494|145|673|1341|247|244|819|309|441|248|621|585|143|248|247|248|863|246|249|504|598|249,356.15|461.81|400.37|417.87|401.63|283.93|231.98|402.46|255.59|469.70|255.49|311.89|371.43|388.10|215.96|242.90|277.39|357.89|269.28|256.77|453.71|285.74|264.81,165.4719,276.0046,35.5413,36.9315,0.5217,0.6087,-108.9631,3
PINN_Knee,50,0,71,23,23,7591,7.2,SEV_batch2_c030|SEV_batch3_c020|SEV_batch1_c045|SEV_batch1_c035|SEV_batch3_c029|SEV_batch1_c003|SEV_batch2_c018|SEV_batch1_c024|SEV_batch1_c004|SEV_batch1_c026|SEV_batch3_c025|SEV_batch3_c010|SEV_batch3_c031|SEV_batch2_c042|SEV_batch3_c009|SEV_batch3_c005|SEV_batch3_c045|SEV_batch1_c023|SEV_batch2_c026|SEV_batch2_c039|SEV_batch3_c033|SEV_batch1_c016|SEV_batch3_c015,246|660|506|495|734|876|246|208|877|431|391|102|112|245|371|70|636|891|249|246|352|525|519,288.55|487.07|475.05|509.36|434.95|479.62|328.72|485.49|488.58|447.69|466.18|497.85|503.98|302.06|463.87|497.43|541.47|530.54|246.39|182.07|524.34|513.58|515.39,168.2959,228.2061,82.7879,92.8716,0.3043,0.5652,9.6616,4
PINN_Knee,50,1,71,23,23,7591,4.64,SEV_batch2_c030|SEV_batch3_c020|SEV_batch1_c045|SEV_batch1_c035|SEV_batch3_c029|SEV_batch1_c003|SEV_batch2_c018|SEV_batch1_c024|SEV_batch1_c004|SEV_batch1_c026|SEV_batch3_c025|SEV_batch3_c010|SEV_batch3_c031|SEV_batch2_c042|SEV_batch3_c009|SEV_batch3_c005|SEV_batch3_c045|SEV_batch1_c023|SEV_batch2_c026|SEV_batch2_c039|SEV_batch3_c033|SEV_batch1_c016|SEV_batch3_c015,246|660|506|495|734|876|246|208|877|431|391|102|112|245|371|70|636|891|249|246|352|525|519,204.92|389.81|411.42|527.08|388.93|392.38|463.88|545.90|395.31|542.45|418.82|497.62|453.64|290.76|421.15|413.99|557.19|515.40|318.58|195.85|455.45|392.62|473.07,194.627,248.9665,82.9037,111.4465,0.2174,0.4348,-13.9909,4
PINN_Knee,50,2,71,23,23,7591,4.2,SEV_batch2_c030|SEV_batch3_c020|SEV_batch1_c045|SEV_batch1_c035|SEV_batch3_c029|SEV_batch1_c003|SEV_batch2_c018|SEV_batch1_c024|SEV_batch1_c004|SEV_batch1_c026|SEV_batch3_c025|SEV_batch3_c010|SEV_batch3_c031|SEV_batch2_c042|SEV_batch3_c009|SEV_batch3_c005|SEV_batch3_c045|SEV_batch1_c023|SEV_batch2_c026|SEV_batch2_c039|SEV_batch3_c033|SEV_batch1_c016|SEV_batch3_c015,246|660|506|495|734|876|246|208|877|431|391|102|112|245|371|70|636|891|249|246|352|525|519,284.59|461.90|465.00|432.25|417.17|398.97|314.01|424.29|405.58|435.64|437.85|422.45|486.56|281.93|442.57|439.19|459.29|470.05|244.48|200.49|491.24|400.09|466.56,177.325,236.2913,75.7267,124.9092,0.3043,0.4783,-30.6903,4
PINN_UQ,50,0,71,23,23,36359,2.35,SEV_batch2_c006|SEV_batch1_c006|SEV_batch2_c019|SEV_batch2_c004|SEV_batch1_c012|SEV_batch3_c008|SEV_batch2_c040|SEV_batch3_c017|SEV_batch1_c044|SEV_batch1_c013|SEV_batch2_c002|SEV_batch1_c030|SEV_batch3_c018|SEV_batch3_c030|SEV_batch1_c021|SEV_batch1_c000|SEV_batch2_c029|SEV_batch3_c040|SEV_batch2_c044|SEV_batch3_c027|SEV_batch2_c036|SEV_batch3_c012|SEV_batch3_c043,256|518|247|245|504|426|361|63|500|500|246|432|591|753|462|701|245|237|246|773|249|463|706,214.85|656.61|86.84|297.75|577.42|465.76|259.87|576.57|507.30|536.72|275.20|466.87|510.07|491.76|535.92|265.93|357.15|406.26|260.33|395.18|274.86|486.71|531.67,129.4458,188.7151,59.2869,73.923,0.3913,0.5652,-12.4524,0
PINN_UQ,50,1,71,23,23,36359,1.33,SEV_batch2_c006|SEV_batch1_c006|SEV_batch2_c019|SEV_batch2_c004|SEV_batch1_c012|SEV_batch3_c008|SEV_batch2_c040|SEV_batch3_c017|SEV_batch1_c044|SEV_batch1_c013|SEV_batch2_c002|SEV_batch1_c030|SEV_batch3_c018|SEV_batch3_c030|SEV_batch1_c021|SEV_batch1_c000|SEV_batch2_c029|SEV_batch3_c040|SEV_batch2_c044|SEV_batch3_c027|SEV_batch2_c036|SEV_batch3_c012|SEV_batch3_c043,256|518|247|245|504|426|361|63|500|500|246|432|591|753|462|701|245|237|246|773|249|463|706,248.21|751.53|67.02|424.99|545.52|443.09|278.43|776.61|429.19|509.74|321.79|480.84|473.04|480.09|643.18|375.73|361.33|356.81|266.65|383.39|277.74|528.71|509.52,151.9955,218.8484,77.0754,116.3282,0.3043,0.4783,9.0934,0
PINN_UQ,50,2,71,23,23,36359,2.65,SEV_batch2_c006|SEV_batch1_c006|SEV_batch2_c019|SEV_batch2_c004|SEV_batch1_c012|SEV_batch3_c008|SEV_batch2_c040|SEV_batch3_c017|SEV_batch1_c044|SEV_batch1_c013|SEV_batch2_c002|SEV_batch1_c030|SEV_batch3_c018|SEV_batch3_c030|SEV_batch1_c021|SEV_batch1_c000|SEV_batch2_c029|SEV_batch3_c040|SEV_batch2_c044|SEV_batch3_c027|SEV_batch2_c036|SEV_batch3_c012|SEV_batch3_c043,256|518|247|245|504|426|361|63|500|500|246|432|591|753|462|701|245|237|246|773|249|463|706,208.19|689.97|74.39|321.70|597.94|478.02|239.65|595.92|518.30|564.11|261.20|494.21|493.21|512.41|613.92|342.77|341.57|411.34|278.92|393.40|288.29|526.79|551.71,139.9338,188.7623,63.4722,96.5681,0.2174,0.5652,3.2148,0
PINN_UQ,50,0,71,23,23,36359,1.26,SEV_batch1_c014|SEV_batch1_c017|SEV_batch2_c037|SEV_batch1_c037|SEV_batch1_c027|SEV_batch2_c022|SEV_batch1_c025|SEV_batch3_c039|SEV_batch2_c032|SEV_batch3_c003|SEV_batch1_c036|SEV_batch2_c041|SEV_batch2_c010|SEV_batch1_c011|SEV_batch1_c040|SEV_batch3_c038|SEV_batch2_c035|SEV_batch1_c034|SEV_batch2_c007|SEV_batch3_c006|SEV_batch1_c007|SEV_batch3_c007|SEV_batch2_c033,522|507|245|438|502|245|569|938|360|600|490|249|249|507|485|1681|246|541|530|549|569|389|246,490.09|473.56|292.09|365.87|381.72|268.76|481.56|337.51|258.04|406.89|355.03|307.40|262.64|503.96|377.80|458.38|321.13|381.97|56.74|303.79|240.40|332.82|349.27,186.6148,323.3956,29.6487,101.9584,0.2609,0.4783,-158.6776,1
PINN_UQ,50,1,71,23,23,36359,1.8,SEV_batch1_c014|SEV_batch1_c017|SEV_batch2_c037|SEV_batch1_c037|SEV_batch1_c027|SEV_batch2_c022|SEV_batch1_c025|SEV_batch3_c039|SEV_batch2_c032|SEV_batch3_c003|SEV_batch1_c036|SEV_batch2_c041|SEV_batch2_c010|SEV_batch1_c011|SEV_batch1_c040|SEV_batch3_c038|SEV_batch2_c035|SEV_batch1_c034|SEV_batch2_c007|SEV_batch3_c006|SEV_batch1_c007|SEV_batch3_c007|SEV_batch2_c033,522|507|245|438|502|245|569|938|360|600|490|249|249|507|485|1681|246|541|530|549|569|389|246,607.94|532.71|339.02|370.33|476.90|310.65|591.21|418.61|233.05|431.42|387.55|286.67|249.16|532.98|529.23|498.03|267.91|409.79|20.16|349.20|352.93|279.84|344.71,168.7549,305.1059,27.0616,94.019,0.3478,0.5652,-123.3481,1
PINN_UQ,50,2,71,23,23,36359,1.25,SEV_batch1_c014|SEV_batch1_c017|SEV_batch2_c037|SEV_batch1_c037|SEV_batch1_c027|SEV_batch2_c022|SEV_batch1_c025|SEV_batch3_c039|SEV_batch2_c032|SEV_batch3_c003|SEV_batch1_c036|SEV_batch2_c041|SEV_batch2_c010|SEV_batch1_c011|SEV_batch1_c040|SEV_batch3_c038|SEV_batch2_c035|SEV_batch1_c034|SEV_batch2_c007|SEV_batch3_c006|SEV_batch1_c007|SEV_batch3_c007|SEV_batch2_c033,522|507|245|438|502|245|569|938|360|600|490|249|249|507|485|1681|246|541|530|549|569|389|246,744.54|601.43|329.01|508.50|516.23|302.46|659.40|294.58|298.27|359.30|484.48|244.46|235.30|600.86|435.52|381.06|361.82|563.34|141.65|91.52|406.72|579.18|358.25,195.4427,343.1538,31.5233,93.864,0.2609,0.5652,-93.8743,1
PINN_UQ,50,0,71,23,23,36359,1.33,SEV_batch2_c001|SEV_batch1_c043|SEV_batch1_c019|SEV_batch2_c031|SEV_batch1_c042|SEV_batch2_c021|SEV_batch1_c009|SEV_batch2_c005|SEV_batch2_c038|SEV_batch2_c047|SEV_batch1_c031|SEV_batch1_c022|SEV_batch3_c016|SEV_batch3_c021|SEV_batch1_c029|SEV_batch1_c010|SEV_batch3_c019|SEV_batch2_c012|SEV_batch1_c015|SEV_batch3_c034|SEV_batch1_c005|SEV_batch1_c020|SEV_batch2_c000,92|498|507|252|500|250|887|390|251|259|629|793|568|409|505|506|904|252|517|133|906|421|71,183.19|476.50|472.61|259.29|477.40|193.37|517.34|239.23|279.54|27.43|299.44|535.20|403.25|324.46|525.74|499.95|489.83|168.62|357.22|401.60|496.56|417.57|97.80,141.008,195.8162,37.2523,84.5442,0.3913,0.5652,-102.4718,2
PINN_UQ,50,1,71,23,23,36359,1.56,SEV_batch2_c001|SEV_batch1_c043|SEV_batch1_c019|SEV_batch2_c031|SEV_batch1_c042|SEV_batch2_c021|SEV_batch1_c009|SEV_batch2_c005|SEV_batch2_c038|SEV_batch2_c047|SEV_batch1_c031|SEV_batch1_c022|SEV_batch3_c016|SEV_batch3_c021|SEV_batch1_c029|SEV_batch1_c010|SEV_batch3_c019|SEV_batch2_c012|SEV_batch1_c015|SEV_batch3_c034|SEV_batch1_c005|SEV_batch1_c020|SEV_batch2_c000,92|498|507|252|500|250|887|390|251|259|629|793|568|409|505|506|904|252|517|133|906|421|71,172.74|406.25|508.99|258.23|465.15|234.23|572.72|248.84|273.78|46.22|361.41|538.56|533.60|475.55|517.45|367.28|393.74|239.78|363.43|400.22|516.68|287.03|275.98,146.4359,198.8371,46.41,133.9707,0.3478,0.4783,-88.7888,2
PINN_UQ,50,2,71,23,23,36359,1.52,SEV_batch2_c001|SEV_batch1_c043|SEV_batch1_c019|SEV_batch2_c031|SEV_batch1_c042|SEV_batch2_c021|SEV_batch1_c009|SEV_batch2_c005|SEV_batch2_c038|SEV_batch2_c047|SEV_batch1_c031|SEV_batch1_c022|SEV_batch3_c016|SEV_batch3_c021|SEV_batch1_c029|SEV_batch1_c010|SEV_batch3_c019|SEV_batch2_c012|SEV_batch1_c015|SEV_batch3_c034|SEV_batch1_c005|SEV_batch1_c020|SEV_batch2_c000,92|498|507|252|500|250|887|390|251|259|629|793|568|409|505|506|904|252|517|133|906|421|71,141.62|399.05|615.82|260.37|551.22|254.18|486.41|258.50|322.44|82.44|406.40|607.86|531.51|398.26|593.93|629.32|383.08|165.16|380.10|416.16|497.89|405.52|223.98,146.6465,199.7014,43.1063,108.8194,0.2609,0.4783,-64.7289,2
PINN_UQ,50,0,71,23,23,36359,1.5,SEV_batch3_c013|SEV_batch1_c008|SEV_batch3_c011|SEV_batch3_c026|SEV_batch3_c042|SEV_batch2_c020|SEV_batch2_c013|SEV_batch3_c000|SEV_batch2_c009|SEV_batch3_c004|SEV_batch2_c028|SEV_batch3_c041|SEV_batch3_c001|SEV_batch3_c014|SEV_batch2_c003|SEV_batch2_c024|SEV_batch2_c011|SEV_batch3_c036|SEV_batch2_c023|SEV_batch2_c043|SEV_batch1_c039|SEV_batch3_c037|SEV_batch2_c025,377|494|145|673|1341|247|244|819|309|441|248|621|585|143|248|247|248|863|246|249|504|598|249,443.40|456.38|462.99|521.93|388.54|275.03|318.33|494.28|77.40|518.93|328.21|245.05|424.12|509.51|223.28|223.82|299.29|356.22|361.13|272.18|461.64|13.58|320.83,203.8523,304.9795,51.2446,80.2108,0.2609,0.5217,-93.1707,3
PINN_UQ,50,1,71,23,23,36359,1.4,SEV_batch3_c013|SEV_batch1_c008|SEV_batch3_c011|SEV_batch3_c026|SEV_batch3_c042|SEV_batch2_c020|SEV_batch2_c013|SEV_batch3_c000|SEV_batch2_c009|SEV_batch3_c004|SEV_batch2_c028|SEV_batch3_c041|SEV_batch3_c001|SEV_batch3_c014|SEV_batch2_c003|SEV_batch2_c024|SEV_batch2_c011|SEV_batch3_c036|SEV_batch2_c023|SEV_batch2_c043|SEV_batch1_c039|SEV_batch3_c037|SEV_batch2_c025,377|494|145|673|1341|247|244|819|309|441|248|621|585|143|248|247|248|863|246|249|504|598|249,455.05|361.34|515.15|521.94|435.30|218.97|400.23|493.82|83.71|524.92|300.28|213.26|446.04|489.25|258.17|264.67|324.64|414.22|394.49|243.01|464.82|130.71|350.62,205.0993,291.9729,53.7437,138.9582,0.2174,0.3913,-79.7558,3
PINN_UQ,50,2,71,23,23,36359,1.74,SEV_batch3_c013|SEV_batch1_c008|SEV_batch3_c011|SEV_batch3_c026|SEV_batch3_c042|SEV_batch2_c020|SEV_batch2_c013|SEV_batch3_c000|SEV_batch2_c009|SEV_batch3_c004|SEV_batch2_c028|SEV_batch3_c041|SEV_batch3_c001|SEV_batch3_c014|SEV_batch2_c003|SEV_batch2_c024|SEV_batch2_c011|SEV_batch3_c036|SEV_batch2_c023|SEV_batch2_c043|SEV_batch1_c039|SEV_batch3_c037|SEV_batch2_c025,377|494|145|673|1341|247|244|819|309|441|248|621|585|143|248|247|248|863|246|249|504|598|249,465.07|533.51|519.01|540.35|475.76|235.84|326.51|519.29|107.19|556.88|303.72|306.26|437.59|572.58|359.32|238.31|285.93|431.98|309.24|245.55|582.31|10.04|319.76,197.8558,290.0771,53.1222,111.3181,0.2174,0.4783,-63.3479,3
PINN_UQ,50,0,71,23,23,36359,1.44,SEV_batch2_c030|SEV_batch3_c020|SEV_batch1_c045|SEV_batch1_c035|SEV_batch3_c029|SEV_batch1_c003|SEV_batch2_c018|SEV_batch1_c024|SEV_batch1_c004|SEV_batch1_c026|SEV_batch3_c025|SEV_batch3_c010|SEV_batch3_c031|SEV_batch2_c042|SEV_batch3_c009|SEV_batch3_c005|SEV_batch3_c045|SEV_batch1_c023|SEV_batch2_c026|SEV_batch2_c039|SEV_batch3_c033|SEV_batch1_c016|SEV_batch3_c015,246|660|506|495|734|876|246|208|877|431|391|102|112|245|371|70|636|891|249|246|352|525|519,304.57|537.56|474.92|483.94|468.89|435.80|215.26|441.09|428.34|379.13|449.90|406.04|546.34|352.11|524.37|398.21|462.55|548.52|270.74|217.65|505.97|456.53|533.79,168.7844,223.3519,75.0144,122.4377,0.2609,0.4348,-6.3391,4
PINN_UQ,50,1,71,23,23,36359,1.21,SEV_batch2_c030|SEV_batch3_c020|SEV_batch1_c045|SEV_batch1_c035|SEV_batch3_c029|SEV_batch1_c003|SEV_batch2_c018|SEV_batch1_c024|SEV_batch1_c004|SEV_batch1_c026|SEV_batch3_c025|SEV_batch3_c010|SEV_batch3_c031|SEV_batch2_c042|SEV_batch3_c009|SEV_batch3_c005|SEV_batch3_c045|SEV_batch1_c023|SEV_batch2_c026|SEV_batch2_c039|SEV_batch3_c033|SEV_batch1_c016|SEV_batch3_c015,246|660|506|495|734|876|246|208|877|431|391|102|112|245|371|70|636|891|249|246|352|525|519,331.94|536.89|400.02|541.54|531.50|633.31|182.01|474.90|675.05|297.75|494.53|491.54|594.53|320.46|532.60|328.09|539.57|522.79|200.67|165.25|496.47|688.26|591.47,170.3275,205.3564,79.3306,133.2529,0.087,0.3478,25.3547,4
PINN_UQ,50,2,71,23,23,36359,1.31,SEV_batch2_c030|SEV_batch3_c020|SEV_batch1_c045|SEV_batch1_c035|SEV_batch3_c029|SEV_batch1_c003|SEV_batch2_c018|SEV_batch1_c024|SEV_batch1_c004|SEV_batch1_c026|SEV_batch3_c025|SEV_batch3_c010|SEV_batch3_c031|SEV_batch2_c042|SEV_batch3_c009|SEV_batch3_c005|SEV_batch3_c045|SEV_batch1_c023|SEV_batch2_c026|SEV_batch2_c039|SEV_batch3_c033|SEV_batch1_c016|SEV_batch3_c015,246|660|506|495|734|876|246|208|877|431|391|102|112|245|371|70|636|891|249|246|352|525|519,347.32|517.63|447.78|598.70|467.60|569.55|236.06|590.88|619.40|384.29|465.07|546.40|501.80|330.02|471.15|415.12|573.86|529.52|213.80|152.22|462.17|455.03|585.53,170.1496,216.906,83.1418,101.3157,0.1304,0.4348,21.4298,4
XGBoost,50,0,71,23,23,0,0.53,SEV_batch2_c006|SEV_batch1_c006|SEV_batch2_c019|SEV_batch2_c004|SEV_batch1_c012|SEV_batch3_c008|SEV_batch2_c040|SEV_batch3_c017|SEV_batch1_c044|SEV_batch1_c013|SEV_batch2_c002|SEV_batch1_c030|SEV_batch3_c018|SEV_batch3_c030|SEV_batch1_c021|SEV_batch1_c000|SEV_batch2_c029|SEV_batch3_c040|SEV_batch2_c044|SEV_batch3_c027|SEV_batch2_c036|SEV_batch3_c012|SEV_batch3_c043,256|518|247|245|504|426|361|63|500|500|246|432|591|753|462|701|245|237|246|773|249|463|706,271.71|515.60|387.72|246.74|869.89|630.32|154.31|536.65|589.95|1249.43|160.24|550.93|808.85|586.22|550.41|164.44|254.78|314.36|252.59|516.83|244.49|489.64|479.82,177.044,259.4808,64.8231,118.9322,0.3043,0.4783,47.9082,0
XGBoost,50,1,71,23,23,0,0.17,SEV_batch2_c006|SEV_batch1_c006|SEV_batch2_c019|SEV_batch2_c004|SEV_batch1_c012|SEV_batch3_c008|SEV_batch2_c040|SEV_batch3_c017|SEV_batch1_c044|SEV_batch1_c013|SEV_batch2_c002|SEV_batch1_c030|SEV_batch3_c018|SEV_batch3_c030|SEV_batch1_c021|SEV_batch1_c000|SEV_batch2_c029|SEV_batch3_c040|SEV_batch2_c044|SEV_batch3_c027|SEV_batch2_c036|SEV_batch3_c012|SEV_batch3_c043,256|518|247|245|504|426|361|63|500|500|246|432|591|753|462|701|245|237|246|773|249|463|706,271.71|515.60|387.72|246.74|869.89|630.32|154.31|536.65|589.95|1249.43|160.24|550.93|808.85|586.22|550.41|164.44|254.78|314.36|252.59|516.83|244.49|489.64|479.82,177.044,259.4808,64.8231,118.9322,0.3043,0.4783,47.9082,0
XGBoost,50,2,71,23,23,0,0.18,SEV_batch2_c006|SEV_batch1_c006|SEV_batch2_c019|SEV_batch2_c004|SEV_batch1_c012|SEV_batch3_c008|SEV_batch2_c040|SEV_batch3_c017|SEV_batch1_c044|SEV_batch1_c013|SEV_batch2_c002|SEV_batch1_c030|SEV_batch3_c018|SEV_batch3_c030|SEV_batch1_c021|SEV_batch1_c000|SEV_batch2_c029|SEV_batch3_c040|SEV_batch2_c044|SEV_batch3_c027|SEV_batch2_c036|SEV_batch3_c012|SEV_batch3_c043,256|518|247|245|504|426|361|63|500|500|246|432|591|753|462|701|245|237|246|773|249|463|706,271.71|515.60|387.72|246.74|869.89|630.32|154.31|536.65|589.95|1249.43|160.24|550.93|808.85|586.22|550.41|164.44|254.78|314.36|252.59|516.83|244.49|489.64|479.82,177.044,259.4808,64.8231,118.9322,0.3043,0.4783,47.9082,0
XGBoost,50,0,71,23,23,0,0.18,SEV_batch1_c014|SEV_batch1_c017|SEV_batch2_c037|SEV_batch1_c037|SEV_batch1_c027|SEV_batch2_c022|SEV_batch1_c025|SEV_batch3_c039|SEV_batch2_c032|SEV_batch3_c003|SEV_batch1_c036|SEV_batch2_c041|SEV_batch2_c010|SEV_batch1_c011|SEV_batch1_c040|SEV_batch3_c038|SEV_batch2_c035|SEV_batch1_c034|SEV_batch2_c007|SEV_batch3_c006|SEV_batch1_c007|SEV_batch3_c007|SEV_batch2_c033,522|507|245|438|502|245|569|938|360|600|490|249|249|507|485|1681|246|541|530|549|569|389|246,570.56|777.87|302.58|386.21|543.35|255.34|819.02|485.95|165.38|711.01|801.36|251.56|270.54|338.72|605.22|402.78|257.62|595.88|420.98|349.71|535.34|562.83|160.47,176.443,314.0233,27.8068,109.0219,0.3043,0.4783,-47.2495,1
XGBoost,50,1,71,23,23,0,0.6,SEV_batch1_c014|SEV_batch1_c017|SEV_batch2_c037|SEV_batch1_c037|SEV_batch1_c027|SEV_batch2_c022|SEV_batch1_c025|SEV_batch3_c039|SEV_batch2_c032|SEV_batch3_c003|SEV_batch1_c036|SEV_batch2_c041|SEV_batch2_c010|SEV_batch1_c011|SEV_batch1_c040|SEV_batch3_c038|SEV_batch2_c035|SEV_batch1_c034|SEV_batch2_c007|SEV_batch3_c006|SEV_batch1_c007|SEV_batch3_c007|SEV_batch2_c033,522|507|245|438|502|245|569|938|360|600|490|249|249|507|485|1681|246|541|530|549|569|389|246,570.56|777.87|302.58|386.21|543.35|255.34|819.02|485.95|165.38|711.01|801.36|251.56|270.54|338.72|605.22|402.78|257.62|595.88|420.98|349.71|535.34|562.83|160.47,176.443,314.0233,27.8068,109.0219,0.3043,0.4783,-47.2495,1
XGBoost,50,2,71,23,23,0,0.22,SEV_batch1_c014|SEV_batch1_c017|SEV_batch2_c037|SEV_batch1_c037|SEV_batch1_c027|SEV_batch2_c022|SEV_batch1_c025|SEV_batch3_c039|SEV_batch2_c032|SEV_batch3_c003|SEV_batch1_c036|SEV_batch2_c041|SEV_batch2_c010|SEV_batch1_c011|SEV_batch1_c040|SEV_batch3_c038|SEV_batch2_c035|SEV_batch1_c034|SEV_batch2_c007|SEV_batch3_c006|SEV_batch1_c007|SEV_batch3_c007|SEV_batch2_c033,522|507|245|438|502|245|569|938|360|600|490|249|249|507|485|1681|246|541|530|549|569|389|246,570.56|777.87|302.58|386.21|543.35|255.34|819.02|485.95|165.38|711.01|801.36|251.56|270.54|338.72|605.22|402.78|257.62|595.88|420.98|349.71|535.34|562.83|160.47,176.443,314.0233,27.8068,109.0219,0.3043,0.4783,-47.2495,1
XGBoost,50,0,71,23,23,0,0.22,SEV_batch2_c001|SEV_batch1_c043|SEV_batch1_c019|SEV_batch2_c031|SEV_batch1_c042|SEV_batch2_c021|SEV_batch1_c009|SEV_batch2_c005|SEV_batch2_c038|SEV_batch2_c047|SEV_batch1_c031|SEV_batch1_c022|SEV_batch3_c016|SEV_batch3_c021|SEV_batch1_c029|SEV_batch1_c010|SEV_batch3_c019|SEV_batch2_c012|SEV_batch1_c015|SEV_batch3_c034|SEV_batch1_c005|SEV_batch1_c020|SEV_batch2_c000,92|498|507|252|500|250|887|390|251|259|629|793|568|409|505|506|904|252|517|133|906|421|71,453.14|1680.52|507.05|247.75|604.17|247.70|606.58|248.40|246.95|363.78|450.26|631.27|209.26|406.67|729.12|425.36|1598.99|253.25|412.90|281.52|659.83|452.71|385.73,205.7851,334.2383,70.5854,141.5959,0.3043,0.3478,69.693,2
XGBoost,50,1,71,23,23,0,0.25,SEV_batch2_c001|SEV_batch1_c043|SEV_batch1_c019|SEV_batch2_c031|SEV_batch1_c042|SEV_batch2_c021|SEV_batch1_c009|SEV_batch2_c005|SEV_batch2_c038|SEV_batch2_c047|SEV_batch1_c031|SEV_batch1_c022|SEV_batch3_c016|SEV_batch3_c021|SEV_batch1_c029|SEV_batch1_c010|SEV_batch3_c019|SEV_batch2_c012|SEV_batch1_c015|SEV_batch3_c034|SEV_batch1_c005|SEV_batch1_c020|SEV_batch2_c000,92|498|507|252|500|250|887|390|251|259|629|793|568|409|505|506|904|252|517|133|906|421|71,453.14|1680.52|507.05|247.75|604.17|247.70|606.58|248.40|246.95|363.78|450.26|631.27|209.26|406.67|729.12|425.36|1598.99|253.25|412.90|281.52|659.83|452.71|385.73,205.7851,334.2383,70.5854,141.5959,0.3043,0.3478,69.693,2
XGBoost,50,2,71,23,23,0,0.58,SEV_batch2_c001|SEV_batch1_c043|SEV_batch1_c019|SEV_batch2_c031|SEV_batch1_c042|SEV_batch2_c021|SEV_batch1_c009|SEV_batch2_c005|SEV_batch2_c038|SEV_batch2_c047|SEV_batch1_c031|SEV_batch1_c022|SEV_batch3_c016|SEV_batch3_c021|SEV_batch1_c029|SEV_batch1_c010|SEV_batch3_c019|SEV_batch2_c012|SEV_batch1_c015|SEV_batch3_c034|SEV_batch1_c005|SEV_batch1_c020|SEV_batch2_c000,92|498|507|252|500|250|887|390|251|259|629|793|568|409|505|506|904|252|517|133|906|421|71,453.14|1680.52|507.05|247.75|604.17|247.70|606.58|248.40|246.95|363.78|450.26|631.27|209.26|406.67|729.12|425.36|1598.99|253.25|412.90|281.52|659.83|452.71|385.73,205.7851,334.2383,70.5854,141.5959,0.3043,0.3478,69.693,2
XGBoost,50,0,71,23,23,0,0.26,SEV_batch3_c013|SEV_batch1_c008|SEV_batch3_c011|SEV_batch3_c026|SEV_batch3_c042|SEV_batch2_c020|SEV_batch2_c013|SEV_batch3_c000|SEV_batch2_c009|SEV_batch3_c004|SEV_batch2_c028|SEV_batch3_c041|SEV_batch3_c001|SEV_batch3_c014|SEV_batch2_c003|SEV_batch2_c024|SEV_batch2_c011|SEV_batch3_c036|SEV_batch2_c023|SEV_batch2_c043|SEV_batch1_c039|SEV_batch3_c037|SEV_batch2_c025,377|494|145|673|1341|247|244|819|309|441|248|621|585|143|248|247|248|863|246|249|504|598|249,557.75|673.10|401.17|511.50|487.41|339.95|290.67|580.24|723.93|548.87|250.00|418.18|536.22|704.09|137.66|258.65|268.81|231.04|576.53|250.92|501.74|384.19|272.52,204.0775,299.4691,58.2155,161.4991,0.3478,0.3913,-10.167,3
XGBoost,50,1,71,23,23,0,0.7,SEV_batch3_c013|SEV_batch1_c008|SEV_batch3_c011|SEV_batch3_c026|SEV_batch3_c042|SEV_batch2_c020|SEV_batch2_c013|SEV_batch3_c000|SEV_batch2_c009|SEV_batch3_c004|SEV_batch2_c028|SEV_batch3_c041|SEV_batch3_c001|SEV_batch3_c014|SEV_batch2_c003|SEV_batch2_c024|SEV_batch2_c011|SEV_batch3_c036|SEV_batch2_c023|SEV_batch2_c043|SEV_batch1_c039|SEV_batch3_c037|SEV_batch2_c025,377|494|145|673|1341|247|244|819|309|441|248|621|585|143|248|247|248|863|246|249|504|598|249,557.75|673.10|401.17|511.50|487.41|339.95|290.67|580.24|723.93|548.87|250.00|418.18|536.22|704.09|137.66|258.65|268.81|231.04|576.53|250.92|501.74|384.19|272.52,204.0775,299.4691,58.2155,161.4991,0.3478,0.3913,-10.167,3
XGBoost,50,2,71,23,23,0,0.27,SEV_batch3_c013|SEV_batch1_c008|SEV_batch3_c011|SEV_batch3_c026|SEV_batch3_c042|SEV_batch2_c020|SEV_batch2_c013|SEV_batch3_c000|SEV_batch2_c009|SEV_batch3_c004|SEV_batch2_c028|SEV_batch3_c041|SEV_batch3_c001|SEV_batch3_c014|SEV_batch2_c003|SEV_batch2_c024|SEV_batch2_c011|SEV_batch3_c036|SEV_batch2_c023|SEV_batch2_c043|SEV_batch1_c039|SEV_batch3_c037|SEV_batch2_c025,377|494|145|673|1341|247|244|819|309|441|248|621|585|143|248|247|248|863|246|249|504|598|249,557.75|673.10|401.17|511.50|487.41|339.95|290.67|580.24|723.93|548.87|250.00|418.18|536.22|704.09|137.66|258.65|268.81|231.04|576.53|250.92|501.74|384.19|272.52,204.0775,299.4691,58.2155,161.4991,0.3478,0.3913,-10.167,3
XGBoost,50,0,71,23,23,0,0.26,SEV_batch2_c030|SEV_batch3_c020|SEV_batch1_c045|SEV_batch1_c035|SEV_batch3_c029|SEV_batch1_c003|SEV_batch2_c018|SEV_batch1_c024|SEV_batch1_c004|SEV_batch1_c026|SEV_batch3_c025|SEV_batch3_c010|SEV_batch3_c031|SEV_batch2_c042|SEV_batch3_c009|SEV_batch3_c005|SEV_batch3_c045|SEV_batch1_c023|SEV_batch2_c026|SEV_batch2_c039|SEV_batch3_c033|SEV_batch1_c016|SEV_batch3_c015,246|660|506|495|734|876|246|208|877|431|391|102|112|245|371|70|636|891|249|246|352|525|519,282.94|695.01|468.82|683.25|198.00|468.82|245.36|522.72|636.13|473.29|845.32|600.50|859.65|241.53|716.83|271.21|471.56|489.67|269.83|238.76|1314.27|734.65|453.35,257.4553,360.4451,105.9457,201.2078,0.3478,0.3913,95.3679,4
XGBoost,50,1,71,23,23,0,0.58,SEV_batch2_c030|SEV_batch3_c020|SEV_batch1_c045|SEV_batch1_c035|SEV_batch3_c029|SEV_batch1_c003|SEV_batch2_c018|SEV_batch1_c024|SEV_batch1_c004|SEV_batch1_c026|SEV_batch3_c025|SEV_batch3_c010|SEV_batch3_c031|SEV_batch2_c042|SEV_batch3_c009|SEV_batch3_c005|SEV_batch3_c045|SEV_batch1_c023|SEV_batch2_c026|SEV_batch2_c039|SEV_batch3_c033|SEV_batch1_c016|SEV_batch3_c015,246|660|506|495|734|876|246|208|877|431|391|102|112|245|371|70|636|891|249|246|352|525|519,282.94|695.01|468.82|683.25|198.00|468.82|245.36|522.72|636.13|473.29|845.32|600.50|859.65|241.53|716.83|271.21|471.56|489.67|269.83|238.76|1314.27|734.65|453.35,257.4553,360.4451,105.9457,201.2078,0.3478,0.3913,95.3679,4
XGBoost,50,2,71,23,23,0,0.22,SEV_batch2_c030|SEV_batch3_c020|SEV_batch1_c045|SEV_batch1_c035|SEV_batch3_c029|SEV_batch1_c003|SEV_batch2_c018|SEV_batch1_c024|SEV_batch1_c004|SEV_batch1_c026|SEV_batch3_c025|SEV_batch3_c010|SEV_batch3_c031|SEV_batch2_c042|SEV_batch3_c009|SEV_batch3_c005|SEV_batch3_c045|SEV_batch1_c023|SEV_batch2_c026|SEV_batch2_c039|SEV_batch3_c033|SEV_batch1_c016|SEV_batch3_c015,246|660|506|495|734|876|246|208|877|431|391|102|112|245|371|70|636|891|249|246|352|525|519,282.94|695.01|468.82|683.25|198.00|468.82|245.36|522.72|636.13|473.29|845.32|600.50|859.65|241.53|716.83|271.21|471.56|489.67|269.83|238.76|1314.27|734.65|453.35,257.4553,360.4451,105.9457,201.2078,0.3478,0.3913,95.3679,4
RandomForest,50,0,71,23,23,0,0.91,SEV_batch2_c006|SEV_batch1_c006|SEV_batch2_c019|SEV_batch2_c004|SEV_batch1_c012|SEV_batch3_c008|SEV_batch2_c040|SEV_batch3_c017|SEV_batch1_c044|SEV_batch1_c013|SEV_batch2_c002|SEV_batch1_c030|SEV_batch3_c018|SEV_batch3_c030|SEV_batch1_c021|SEV_batch1_c000|SEV_batch2_c029|SEV_batch3_c040|SEV_batch2_c044|SEV_batch3_c027|SEV_batch2_c036|SEV_batch3_c012|SEV_batch3_c043,256|518|247|245|504|426|361|63|500|500|246|432|591|753|462|701|245|237|246|773|249|463|706,248.89|510.45|338.16|248.60|788.79|601.86|241.22|474.65|604.63|710.53|239.43|507.81|613.35|521.76|552.85|262.61|254.98|385.33|264.10|577.13|293.78|458.80|457.23,128.3428,179.9072,51.3222,91.1645,0.3913,0.5217,18.8238,0
RandomForest,50,1,71,23,23,0,0.61,SEV_batch2_c006|SEV_batch1_c006|SEV_batch2_c019|SEV_batch2_c004|SEV_batch1_c012|SEV_batch3_c008|SEV_batch2_c040|SEV_batch3_c017|SEV_batch1_c044|SEV_batch1_c013|SEV_batch2_c002|SEV_batch1_c030|SEV_batch3_c018|SEV_batch3_c030|SEV_batch1_c021|SEV_batch1_c000|SEV_batch2_c029|SEV_batch3_c040|SEV_batch2_c044|SEV_batch3_c027|SEV_batch2_c036|SEV_batch3_c012|SEV_batch3_c043,256|518|247|245|504|426|361|63|500|500|246|432|591|753|462|701|245|237|246|773|249|463|706,248.89|510.45|338.16|248.60|788.79|601.86|241.22|474.65|604.63|710.53|239.43|507.81|613.35|521.76|552.85|262.61|254.98|385.33|264.10|577.13|293.78|458.80|457.23,128.3428,179.9072,51.3222,91.1645,0.3913,0.5217,18.8238,0
RandomForest,50,2,71,23,23,0,0.57,SEV_batch2_c006|SEV_batch1_c006|SEV_batch2_c019|SEV_batch2_c004|SEV_batch1_c012|SEV_batch3_c008|SEV_batch2_c040|SEV_batch3_c017|SEV_batch1_c044|SEV_batch1_c013|SEV_batch2_c002|SEV_batch1_c030|SEV_batch3_c018|SEV_batch3_c030|SEV_batch1_c021|SEV_batch1_c000|SEV_batch2_c029|SEV_batch3_c040|SEV_batch2_c044|SEV_batch3_c027|SEV_batch2_c036|SEV_batch3_c012|SEV_batch3_c043,256|518|247|245|504|426|361|63|500|500|246|432|591|753|462|701|245|237|246|773|249|463|706,248.89|510.45|338.16|248.60|788.79|601.86|241.22|474.65|604.63|710.53|239.43|507.81|613.35|521.76|552.85|262.61|254.98|385.33|264.10|577.13|293.78|458.80|457.23,128.3428,179.9072,51.3222,91.1645,0.3913,0.5217,18.8238,0
RandomForest,50,0,71,23,23,0,0.83,SEV_batch1_c014|SEV_batch1_c017|SEV_batch2_c037|SEV_batch1_c037|SEV_batch1_c027|SEV_batch2_c022|SEV_batch1_c025|SEV_batch3_c039|SEV_batch2_c032|SEV_batch3_c003|SEV_batch1_c036|SEV_batch2_c041|SEV_batch2_c010|SEV_batch1_c011|SEV_batch1_c040|SEV_batch3_c038|SEV_batch2_c035|SEV_batch1_c034|SEV_batch2_c007|SEV_batch3_c006|SEV_batch1_c007|SEV_batch3_c007|SEV_batch2_c033,522|507|245|438|502|245|569|938|360|600|490|249|249|507|485|1681|246|541|530|549|569|389|246,653.60|596.91|374.46|452.53|549.24|329.54|653.21|420.62|231.15|474.33|644.25|267.28|284.61|339.13|594.42|397.67|251.14|569.53|385.84|394.27|530.13|470.41|270.51,156.4993,304.0093,24.1442,89.9088,0.3478,0.5217,-66.1837,1
RandomForest,50,1,71,23,23,0,0.57,SEV_batch1_c014|SEV_batch1_c017|SEV_batch2_c037|SEV_batch1_c037|SEV_batch1_c027|SEV_batch2_c022|SEV_batch1_c025|SEV_batch3_c039|SEV_batch2_c032|SEV_batch3_c003|SEV_batch1_c036|SEV_batch2_c041|SEV_batch2_c010|SEV_batch1_c011|SEV_batch1_c040|SEV_batch3_c038|SEV_batch2_c035|SEV_batch1_c034|SEV_batch2_c007|SEV_batch3_c006|SEV_batch1_c007|SEV_batch3_c007|SEV_batch2_c033,522|507|245|438|502|245|569|938|360|600|490|249|249|507|485|1681|246|541|530|549|569|389|246,653.60|596.91|374.46|452.53|549.24|329.54|653.21|420.62|231.15|474.33|644.25|267.28|284.61|339.13|594.42|397.67|251.14|569.53|385.84|394.27|530.13|470.41|270.51,156.4993,304.0093,24.1442,89.9088,0.3478,0.5217,-66.1837,1
RandomForest,50,2,71,23,23,0,0.57,SEV_batch1_c014|SEV_batch1_c017|SEV_batch2_c037|SEV_batch1_c037|SEV_batch1_c027|SEV_batch2_c022|SEV_batch1_c025|SEV_batch3_c039|SEV_batch2_c032|SEV_batch3_c003|SEV_batch1_c036|SEV_batch2_c041|SEV_batch2_c010|SEV_batch1_c011|SEV_batch1_c040|SEV_batch3_c038|SEV_batch2_c035|SEV_batch1_c034|SEV_batch2_c007|SEV_batch3_c006|SEV_batch1_c007|SEV_batch3_c007|SEV_batch2_c033,522|507|245|438|502|245|569|938|360|600|490|249|249|507|485|1681|246|541|530|549|569|389|246,653.60|596.91|374.46|452.53|549.24|329.54|653.21|420.62|231.15|474.33|644.25|267.28|284.61|339.13|594.42|397.67|251.14|569.53|385.84|394.27|530.13|470.41|270.51,156.4993,304.0093,24.1442,89.9088,0.3478,0.5217,-66.1837,1
RandomForest,50,0,71,23,23,0,0.64,SEV_batch2_c001|SEV_batch1_c043|SEV_batch1_c019|SEV_batch2_c031|SEV_batch1_c042|SEV_batch2_c021|SEV_batch1_c009|SEV_batch2_c005|SEV_batch2_c038|SEV_batch2_c047|SEV_batch1_c031|SEV_batch1_c022|SEV_batch3_c016|SEV_batch3_c021|SEV_batch1_c029|SEV_batch1_c010|SEV_batch3_c019|SEV_batch2_c012|SEV_batch1_c015|SEV_batch3_c034|SEV_batch1_c005|SEV_batch1_c020|SEV_batch2_c000,92|498|507|252|500|250|887|390|251|259|629|793|568|409|505|506|904|252|517|133|906|421|71,393.34|980.62|484.39|249.48|641.90|259.82|690.09|247.81|249.75|306.53|513.92|571.83|421.50|486.77|826.99|387.03|751.15|253.10|521.44|404.55|588.49|515.98|353.80,151.1045,197.8319,60.7078,141.9006,0.3043,0.3913,26.0993,2
RandomForest,50,1,71,23,23,0,2.04,SEV_batch2_c001|SEV_batch1_c043|SEV_batch1_c019|SEV_batch2_c031|SEV_batch1_c042|SEV_batch2_c021|SEV_batch1_c009|SEV_batch2_c005|SEV_batch2_c038|SEV_batch2_c047|SEV_batch1_c031|SEV_batch1_c022|SEV_batch3_c016|SEV_batch3_c021|SEV_batch1_c029|SEV_batch1_c010|SEV_batch3_c019|SEV_batch2_c012|SEV_batch1_c015|SEV_batch3_c034|SEV_batch1_c005|SEV_batch1_c020|SEV_batch2_c000,92|498|507|252|500|250|887|390|251|259|629|793|568|409|505|506|904|252|517|133|906|421|71,393.34|980.62|484.39|249.48|641.90|259.82|690.09|247.81|249.75|306.53|513.92|571.83|421.50|486.77|826.99|387.03|751.15|253.10|521.44|404.55|588.49|515.98|353.80,151.1045,197.8319,60.7078,141.9006,0.3043,0.3913,26.0993,2
RandomForest,50,2,71,23,23,0,0.8,SEV_batch2_c001|SEV_batch1_c043|SEV_batch1_c019|SEV_batch2_c031|SEV_batch1_c042|SEV_batch2_c021|SEV_batch1_c009|SEV_batch2_c005|SEV_batch2_c038|SEV_batch2_c047|SEV_batch1_c031|SEV_batch1_c022|SEV_batch3_c016|SEV_batch3_c021|SEV_batch1_c029|SEV_batch1_c010|SEV_batch3_c019|SEV_batch2_c012|SEV_batch1_c015|SEV_batch3_c034|SEV_batch1_c005|SEV_batch1_c020|SEV_batch2_c000,92|498|507|252|500|250|887|390|251|259|629|793|568|409|505|506|904|252|517|133|906|421|71,393.34|980.62|484.39|249.48|641.90|259.82|690.09|247.81|249.75|306.53|513.92|571.83|421.50|486.77|826.99|387.03|751.15|253.10|521.44|404.55|588.49|515.98|353.80,151.1045,197.8319,60.7078,141.9006,0.3043,0.3913,26.0993,2
RandomForest,50,0,71,23,23,0,0.61,SEV_batch3_c013|SEV_batch1_c008|SEV_batch3_c011|SEV_batch3_c026|SEV_batch3_c042|SEV_batch2_c020|SEV_batch2_c013|SEV_batch3_c000|SEV_batch2_c009|SEV_batch3_c004|SEV_batch2_c028|SEV_batch3_c041|SEV_batch3_c001|SEV_batch3_c014|SEV_batch2_c003|SEV_batch2_c024|SEV_batch2_c011|SEV_batch3_c036|SEV_batch2_c023|SEV_batch2_c043|SEV_batch1_c039|SEV_batch3_c037|SEV_batch2_c025,377|494|145|673|1341|247|244|819|309|441|248|621|585|143|248|247|248|863|246|249|504|598|249,577.07|712.58|523.76|492.46|471.21|396.58|342.17|462.95|480.08|573.50|266.55|465.88|440.93|644.34|288.14|347.20|301.22|432.70|461.08|255.53|568.40|414.43|295.97,204.9828,280.4114,59.4797,155.123,0.1739,0.3043,3.2922,3
RandomForest,50,1,71,23,23,0,0.57,SEV_batch3_c013|SEV_batch1_c008|SEV_batch3_c011|SEV_batch3_c026|SEV_batch3_c042|SEV_batch2_c020|SEV_batch2_c013|SEV_batch3_c000|SEV_batch2_c009|SEV_batch3_c004|SEV_batch2_c028|SEV_batch3_c041|SEV_batch3_c001|SEV_batch3_c014|SEV_batch2_c003|SEV_batch2_c024|SEV_batch2_c011|SEV_batch3_c036|SEV_batch2_c023|SEV_batch2_c043|SEV_batch1_c039|SEV_batch3_c037|SEV_batch2_c025,377|494|145|673|1341|247|244|819|309|441|248|621|585|143|248|247|248|863|246|249|504|598|249,577.07|712.58|523.76|492.46|471.21|396.58|342.17|462.95|480.08|573.50|266.55|465.88|440.93|644.34|288.14|347.20|301.22|432.70|461.08|255.53|568.40|414.43|295.97,204.9828,280.4114,59.4797,155.123,0.1739,0.3043,3.2922,3
RandomForest,50,2,71,23,23,0,0.62,SEV_batch3_c013|SEV_batch1_c008|SEV_batch3_c011|SEV_batch3_c026|SEV_batch3_c042|SEV_batch2_c020|SEV_batch2_c013|SEV_batch3_c000|SEV_batch2_c009|SEV_batch3_c004|SEV_batch2_c028|SEV_batch3_c041|SEV_batch3_c001|SEV_batch3_c014|SEV_batch2_c003|SEV_batch2_c024|SEV_batch2_c011|SEV_batch3_c036|SEV_batch2_c023|SEV_batch2_c043|SEV_batch1_c039|SEV_batch3_c037|SEV_batch2_c025,377|494|145|673|1341|247|244|819|309|441|248|621|585|143|248|247|248|863|246|249|504|598|249,577.07|712.58|523.76|492.46|471.21|396.58|342.17|462.95|480.08|573.50|266.55|465.88|440.93|644.34|288.14|347.20|301.22|432.70|461.08|255.53|568.40|414.43|295.97,204.9828,280.4114,59.4797,155.123,0.1739,0.3043,3.2922,3
RandomForest,50,0,71,23,23,0,0.61,SEV_batch2_c030|SEV_batch3_c020|SEV_batch1_c045|SEV_batch1_c035|SEV_batch3_c029|SEV_batch1_c003|SEV_batch2_c018|SEV_batch1_c024|SEV_batch1_c004|SEV_batch1_c026|SEV_batch3_c025|SEV_batch3_c010|SEV_batch3_c031|SEV_batch2_c042|SEV_batch3_c009|SEV_batch3_c005|SEV_batch3_c045|SEV_batch1_c023|SEV_batch2_c026|SEV_batch2_c039|SEV_batch3_c033|SEV_batch1_c016|SEV_batch3_c015,246|660|506|495|734|876|246|208|877|431|391|102|112|245|371|70|636|891|249|246|352|525|519,279.39|687.62|666.27|633.97|346.47|530.08|292.95|558.04|598.28|495.35|652.51|601.08|783.75|250.23|588.26|482.12|503.93|514.94|252.24|254.42|790.67|596.79|459.23,216.9876,285.0748,105.5117,160.2684,0.2609,0.3913,79.5902,4
RandomForest,50,1,71,23,23,0,0.58,SEV_batch2_c030|SEV_batch3_c020|SEV_batch1_c045|SEV_batch1_c035|SEV_batch3_c029|SEV_batch1_c003|SEV_batch2_c018|SEV_batch1_c024|SEV_batch1_c004|SEV_batch1_c026|SEV_batch3_c025|SEV_batch3_c010|SEV_batch3_c031|SEV_batch2_c042|SEV_batch3_c009|SEV_batch3_c005|SEV_batch3_c045|SEV_batch1_c023|SEV_batch2_c026|SEV_batch2_c039|SEV_batch3_c033|SEV_batch1_c016|SEV_batch3_c015,246|660|506|495|734|876|246|208|877|431|391|102|112|245|371|70|636|891|249|246|352|525|519,279.39|687.62|666.27|633.97|346.47|530.08|292.95|558.04|598.28|495.35|652.51|601.08|783.75|250.23|588.26|482.12|503.93|514.94|252.24|254.42|790.67|596.79|459.23,216.9876,285.0748,105.5117,160.2684,0.2609,0.3913,79.5902,4
RandomForest,50,2,71,23,23,0,0.59,SEV_batch2_c030|SEV_batch3_c020|SEV_batch1_c045|SEV_batch1_c035|SEV_batch3_c029|SEV_batch1_c003|SEV_batch2_c018|SEV_batch1_c024|SEV_batch1_c004|SEV_batch1_c026|SEV_batch3_c025|SEV_batch3_c010|SEV_batch3_c031|SEV_batch2_c042|SEV_batch3_c009|SEV_batch3_c005|SEV_batch3_c045|SEV_batch1_c023|SEV_batch2_c026|SEV_batch2_c039|SEV_batch3_c033|SEV_batch1_c016|SEV_batch3_c015,246|660|506|495|734|876|246|208|877|431|391|102|112|245|371|70|636|891|249|246|352|525|519,279.39|687.62|666.27|633.97|346.47|530.08|292.95|558.04|598.28|495.35|652.51|601.08|783.75|250.23|588.26|482.12|503.93|514.94|252.24|254.42|790.67|596.79|459.23,216.9876,285.0748,105.5117,160.2684,0.2609,0.3913,79.5902,4
GaussianProcess,50,0,71,23,23,0,0.18,SEV_batch2_c006|SEV_batch1_c006|SEV_batch2_c019|SEV_batch2_c004|SEV_batch1_c012|SEV_batch3_c008|SEV_batch2_c040|SEV_batch3_c017|SEV_batch1_c044|SEV_batch1_c013|SEV_batch2_c002|SEV_batch1_c030|SEV_batch3_c018|SEV_batch3_c030|SEV_batch1_c021|SEV_batch1_c000|SEV_batch2_c029|SEV_batch3_c040|SEV_batch2_c044|SEV_batch3_c027|SEV_batch2_c036|SEV_batch3_c012|SEV_batch3_c043,256|518|247|245|504|426|361|63|500|500|246|432|591|753|462|701|245|237|246|773|249|463|706,318.25|590.91|401.22|336.58|557.45|497.70|347.61|466.27|518.49|537.31|360.59|548.86|504.30|510.48|511.50|408.63|382.27|429.66|294.43|466.53|306.79|526.84|543.64,123.9091,158.9301,54.3564,86.6974,0.2174,0.5652,27.9266,0
GaussianProcess,50,1,71,23,23,0,0.19,SEV_batch2_c006|SEV_batch1_c006|SEV_batch2_c019|SEV_batch2_c004|SEV_batch1_c012|SEV_batch3_c008|SEV_batch2_c040|SEV_batch3_c017|SEV_batch1_c044|SEV_batch1_c013|SEV_batch2_c002|SEV_batch1_c030|SEV_batch3_c018|SEV_batch3_c030|SEV_batch1_c021|SEV_batch1_c000|SEV_batch2_c029|SEV_batch3_c040|SEV_batch2_c044|SEV_batch3_c027|SEV_batch2_c036|SEV_batch3_c012|SEV_batch3_c043,256|518|247|245|504|426|361|63|500|500|246|432|591|753|462|701|245|237|246|773|249|463|706,318.25|590.91|401.22|336.58|557.45|497.70|347.61|466.27|518.49|537.31|360.59|548.86|504.30|510.48|511.50|408.63|382.27|429.66|294.43|466.53|306.79|526.84|543.64,123.9091,158.9301,54.3564,86.6974,0.2174,0.5652,27.9266,0
GaussianProcess,50,2,71,23,23,0,0.17,SEV_batch2_c006|SEV_batch1_c006|SEV_batch2_c019|SEV_batch2_c004|SEV_batch1_c012|SEV_batch3_c008|SEV_batch2_c040|SEV_batch3_c017|SEV_batch1_c044|SEV_batch1_c013|SEV_batch2_c002|SEV_batch1_c030|SEV_batch3_c018|SEV_batch3_c030|SEV_batch1_c021|SEV_batch1_c000|SEV_batch2_c029|SEV_batch3_c040|SEV_batch2_c044|SEV_batch3_c027|SEV_batch2_c036|SEV_batch3_c012|SEV_batch3_c043,256|518|247|245|504|426|361|63|500|500|246|432|591|753|462|701|245|237|246|773|249|463|706,318.25|590.91|401.22|336.58|557.45|497.70|347.61|466.27|518.49|537.31|360.59|548.86|504.30|510.48|511.50|408.63|382.27|429.66|294.43|466.53|306.79|526.84|543.64,123.9091,158.9301,54.3564,86.6974,0.2174,0.5652,27.9266,0
GaussianProcess,50,0,71,23,23,0,0.17,SEV_batch1_c014|SEV_batch1_c017|SEV_batch2_c037|SEV_batch1_c037|SEV_batch1_c027|SEV_batch2_c022|SEV_batch1_c025|SEV_batch3_c039|SEV_batch2_c032|SEV_batch3_c003|SEV_batch1_c036|SEV_batch2_c041|SEV_batch2_c010|SEV_batch1_c011|SEV_batch1_c040|SEV_batch3_c038|SEV_batch2_c035|SEV_batch1_c034|SEV_batch2_c007|SEV_batch3_c006|SEV_batch1_c007|SEV_batch3_c007|SEV_batch2_c033,522|507|245|438|502|245|569|938|360|600|490|249|249|507|485|1681|246|541|530|549|569|389|246,589.71|501.38|334.33|507.25|551.24|307.86|566.14|419.52|374.23|496.98|526.96|303.76|291.08|443.80|547.04|534.57|310.12|529.88|439.56|416.89|543.34|399.87|378.28,124.1157,270.2518,19.5188,62.8563,0.3913,0.7826,-58.4002,1
GaussianProcess,50,1,71,23,23,0,0.17,SEV_batch1_c014|SEV_batch1_c017|SEV_batch2_c037|SEV_batch1_c037|SEV_batch1_c027|SEV_batch2_c022|SEV_batch1_c025|SEV_batch3_c039|SEV_batch2_c032|SEV_batch3_c003|SEV_batch1_c036|SEV_batch2_c041|SEV_batch2_c010|SEV_batch1_c011|SEV_batch1_c040|SEV_batch3_c038|SEV_batch2_c035|SEV_batch1_c034|SEV_batch2_c007|SEV_batch3_c006|SEV_batch1_c007|SEV_batch3_c007|SEV_batch2_c033,522|507|245|438|502|245|569|938|360|600|490|249|249|507|485|1681|246|541|530|549|569|389|246,589.71|501.38|334.33|507.25|551.24|307.86|566.14|419.52|374.23|496.98|526.96|303.76|291.08|443.80|547.04|534.57|310.12|529.88|439.56|416.89|543.34|399.87|378.28,124.1157,270.2518,19.5188,62.8563,0.3913,0.7826,-58.4002,1
GaussianProcess,50,2,71,23,23,0,0.18,SEV_batch1_c014|SEV_batch1_c017|SEV_batch2_c037|SEV_batch1_c037|SEV_batch1_c027|SEV_batch2_c022|SEV_batch1_c025|SEV_batch3_c039|SEV_batch2_c032|SEV_batch3_c003|SEV_batch1_c036|SEV_batch2_c041|SEV_batch2_c010|SEV_batch1_c011|SEV_batch1_c040|SEV_batch3_c038|SEV_batch2_c035|SEV_batch1_c034|SEV_batch2_c007|SEV_batch3_c006|SEV_batch1_c007|SEV_batch3_c007|SEV_batch2_c033,522|507|245|438|502|245|569|938|360|600|490|249|249|507|485|1681|246|541|530|549|569|389|246,589.71|501.38|334.33|507.25|551.24|307.86|566.14|419.52|374.23|496.98|526.96|303.76|291.08|443.80|547.04|534.57|310.12|529.88|439.56|416.89|543.34|399.87|378.28,124.1157,270.2518,19.5188,62.8563,0.3913,0.7826,-58.4002,1
GaussianProcess,50,0,71,23,23,0,0.15,SEV_batch2_c001|SEV_batch1_c043|SEV_batch1_c019|SEV_batch2_c031|SEV_batch1_c042|SEV_batch2_c021|SEV_batch1_c009|SEV_batch2_c005|SEV_batch2_c038|SEV_batch2_c047|SEV_batch1_c031|SEV_batch1_c022|SEV_batch3_c016|SEV_batch3_c021|SEV_batch1_c029|SEV_batch1_c010|SEV_batch3_c019|SEV_batch2_c012|SEV_batch1_c015|SEV_batch3_c034|SEV_batch1_c005|SEV_batch1_c020|SEV_batch2_c000,92|498|507|252|500|250|887|390|251|259|629|793|568|409|505|506|904|252|517|133|906|421|71,456.07|456.07|456.07|456.07|456.07|456.07|456.07|456.07|456.07|456.07|456.07|456.07|456.07|456.07|456.07|456.07|456.07|456.07|456.07|456.07|456.07|456.07|456.07,194.9535,243.1023,83.3054,197.0704,0.2609,0.3913,-0.4513,2
GaussianProcess,50,1,71,23,23,0,0.16,SEV_batch2_c001|SEV_batch1_c043|SEV_batch1_c019|SEV_batch2_c031|SEV_batch1_c042|SEV_batch2_c021|SEV_batch1_c009|SEV_batch2_c005|SEV_batch2_c038|SEV_batch2_c047|SEV_batch1_c031|SEV_batch1_c022|SEV_batch3_c016|SEV_batch3_c021|SEV_batch1_c029|SEV_batch1_c010|SEV_batch3_c019|SEV_batch2_c012|SEV_batch1_c015|SEV_batch3_c034|SEV_batch1_c005|SEV_batch1_c020|SEV_batch2_c000,92|498|507|252|500|250|887|390|251|259|629|793|568|409|505|506|904|252|517|133|906|421|71,456.07|456.07|456.07|456.07|456.07|456.07|456.07|456.07|456.07|456.07|456.07|456.07|456.07|456.07|456.07|456.07|456.07|456.07|456.07|456.07|456.07|456.07|456.07,194.9535,243.1023,83.3054,197.0704,0.2609,0.3913,-0.4513,2
GaussianProcess,50,2,71,23,23,0,0.16,SEV_batch2_c001|SEV_batch1_c043|SEV_batch1_c019|SEV_batch2_c031|SEV_batch1_c042|SEV_batch2_c021|SEV_batch1_c009|SEV_batch2_c005|SEV_batch2_c038|SEV_batch2_c047|SEV_batch1_c031|SEV_batch1_c022|SEV_batch3_c016|SEV_batch3_c021|SEV_batch1_c029|SEV_batch1_c010|SEV_batch3_c019|SEV_batch2_c012|SEV_batch1_c015|SEV_batch3_c034|SEV_batch1_c005|SEV_batch1_c020|SEV_batch2_c000,92|498|507|252|500|250|887|390|251|259|629|793|568|409|505|506|904|252|517|133|906|421|71,456.07|456.07|456.07|456.07|456.07|456.07|456.07|456.07|456.07|456.07|456.07|456.07|456.07|456.07|456.07|456.07|456.07|456.07|456.07|456.07|456.07|456.07|456.07,194.9535,243.1023,83.3054,197.0704,0.2609,0.3913,-0.4513,2
GaussianProcess,50,0,71,23,23,0,0.27,SEV_batch3_c013|SEV_batch1_c008|SEV_batch3_c011|SEV_batch3_c026|SEV_batch3_c042|SEV_batch2_c020|SEV_batch2_c013|SEV_batch3_c000|SEV_batch2_c009|SEV_batch3_c004|SEV_batch2_c028|SEV_batch3_c041|SEV_batch3_c001|SEV_batch3_c014|SEV_batch2_c003|SEV_batch2_c024|SEV_batch2_c011|SEV_batch3_c036|SEV_batch2_c023|SEV_batch2_c043|SEV_batch1_c039|SEV_batch3_c037|SEV_batch2_c025,377|494|145|673|1341|247|244|819|309|441|248|621|585|143|248|247|248|863|246|249|504|598|249,509.29|466.49|655.98|412.97|517.57|405.52|459.06|242.31|461.16|474.28|336.28|515.62|540.90|482.70|461.00|379.02|414.31|433.57|461.87|357.89|488.84|461.15|436.32,220.5325,293.1699,67.7841,158.5159,0.1739,0.2174,10.2216,3
GaussianProcess,50,1,71,23,23,0,0.2,SEV_batch3_c013|SEV_batch1_c008|SEV_batch3_c011|SEV_batch3_c026|SEV_batch3_c042|SEV_batch2_c020|SEV_batch2_c013|SEV_batch3_c000|SEV_batch2_c009|SEV_batch3_c004|SEV_batch2_c028|SEV_batch3_c041|SEV_batch3_c001|SEV_batch3_c014|SEV_batch2_c003|SEV_batch2_c024|SEV_batch2_c011|SEV_batch3_c036|SEV_batch2_c023|SEV_batch2_c043|SEV_batch1_c039|SEV_batch3_c037|SEV_batch2_c025,377|494|145|673|1341|247|244|819|309|441|248|621|585|143|248|247|248|863|246|249|504|598|249,509.29|466.49|655.98|412.97|517.57|405.52|459.06|242.31|461.16|474.28|336.28|515.62|540.90|482.70|461.00|379.02|414.31|433.57|461.87|357.89|488.84|461.15|436.32,220.5325,293.1699,67.7841,158.5159,0.1739,0.2174,10.2216,3
GaussianProcess,50,2,71,23,23,0,0.2,SEV_batch3_c013|SEV_batch1_c008|SEV_batch3_c011|SEV_batch3_c026|SEV_batch3_c042|SEV_batch2_c020|SEV_batch2_c013|SEV_batch3_c000|SEV_batch2_c009|SEV_batch3_c004|SEV_batch2_c028|SEV_batch3_c041|SEV_batch3_c001|SEV_batch3_c014|SEV_batch2_c003|SEV_batch2_c024|SEV_batch2_c011|SEV_batch3_c036|SEV_batch2_c023|SEV_batch2_c043|SEV_batch1_c039|SEV_batch3_c037|SEV_batch2_c025,377|494|145|673|1341|247|244|819|309|441|248|621|585|143|248|247|248|863|246|249|504|598|249,509.29|466.49|655.98|412.97|517.57|405.52|459.06|242.31|461.16|474.28|336.28|515.62|540.90|482.70|461.00|379.02|414.31|433.57|461.87|357.89|488.84|461.15|436.32,220.5325,293.1699,67.7841,158.5159,0.1739,0.2174,10.2216,3
GaussianProcess,50,0,71,23,23,0,0.27,SEV_batch2_c030|SEV_batch3_c020|SEV_batch1_c045|SEV_batch1_c035|SEV_batch3_c029|SEV_batch1_c003|SEV_batch2_c018|SEV_batch1_c024|SEV_batch1_c004|SEV_batch1_c026|SEV_batch3_c025|SEV_batch3_c010|SEV_batch3_c031|SEV_batch2_c042|SEV_batch3_c009|SEV_batch3_c005|SEV_batch3_c045|SEV_batch1_c023|SEV_batch2_c026|SEV_batch2_c039|SEV_batch3_c033|SEV_batch1_c016|SEV_batch3_c015,246|660|506|495|734|876|246|208|877|431|391|102|112|245|371|70|636|891|249|246|352|525|519,318.15|620.48|545.86|556.04|544.86|510.37|400.05|536.72|513.71|542.31|601.44|558.02|654.88|312.87|587.87|583.82|591.85|580.05|297.42|284.35|659.80|547.94|596.70,199.258,257.4181,104.3659,154.0538,0.2609,0.4348,85.1123,4
GaussianProcess,50,1,71,23,23,0,0.26,SEV_batch2_c030|SEV_batch3_c020|SEV_batch1_c045|SEV_batch1_c035|SEV_batch3_c029|SEV_batch1_c003|SEV_batch2_c018|SEV_batch1_c024|SEV_batch1_c004|SEV_batch1_c026|SEV_batch3_c025|SEV_batch3_c010|SEV_batch3_c031|SEV_batch2_c042|SEV_batch3_c009|SEV_batch3_c005|SEV_batch3_c045|SEV_batch1_c023|SEV_batch2_c026|SEV_batch2_c039|SEV_batch3_c033|SEV_batch1_c016|SEV_batch3_c015,246|660|506|495|734|876|246|208|877|431|391|102|112|245|371|70|636|891|249|246|352|525|519,318.15|620.48|545.86|556.04|544.86|510.37|400.05|536.72|513.71|542.31|601.44|558.02|654.88|312.87|587.87|583.82|591.85|580.05|297.42|284.35|659.80|547.94|596.70,199.258,257.4181,104.3659,154.0538,0.2609,0.4348,85.1123,4
GaussianProcess,50,2,71,23,23,0,0.17,SEV_batch2_c030|SEV_batch3_c020|SEV_batch1_c045|SEV_batch1_c035|SEV_batch3_c029|SEV_batch1_c003|SEV_batch2_c018|SEV_batch1_c024|SEV_batch1_c004|SEV_batch1_c026|SEV_batch3_c025|SEV_batch3_c010|SEV_batch3_c031|SEV_batch2_c042|SEV_batch3_c009|SEV_batch3_c005|SEV_batch3_c045|SEV_batch1_c023|SEV_batch2_c026|SEV_batch2_c039|SEV_batch3_c033|SEV_batch1_c016|SEV_batch3_c015,246|660|506|495|734|876|246|208|877|431|391|102|112|245|371|70|636|891|249|246|352|525|519,318.15|620.48|545.86|556.04|544.86|510.37|400.05|536.72|513.71|542.31|601.44|558.02|654.88|312.87|587.87|583.82|591.85|580.05|297.42|284.35|659.80|547.94|596.70,199.258,257.4181,104.3659,154.0538,0.2609,0.4348,85.1123,4
Pure_NN,50,0,71,23,23,36353,1.2,SEV_batch2_c006|SEV_batch1_c006|SEV_batch2_c019|SEV_batch2_c004|SEV_batch1_c012|SEV_batch3_c008|SEV_batch2_c040|SEV_batch3_c017|SEV_batch1_c044|SEV_batch1_c013|SEV_batch2_c002|SEV_batch1_c030|SEV_batch3_c018|SEV_batch3_c030|SEV_batch1_c021|SEV_batch1_c000|SEV_batch2_c029|SEV_batch3_c040|SEV_batch2_c044|SEV_batch3_c027|SEV_batch2_c036|SEV_batch3_c012|SEV_batch3_c043,256|518|247|245|504|426|361|63|500|500|246|432|591|753|462|701|245|237|246|773|249|463|706,151.79|783.33|81.02|247.38|538.02|452.86|400.98|636.88|378.43|482.84|444.24|529.62|425.37|477.15|612.49|476.56|476.48|335.51|244.23|378.53|326.95|558.37|532.18,153.7831,202.8447,70.4193,121.5666,0.2609,0.4348,10.749,0
Pure_NN,50,1,71,23,23,36353,0.98,SEV_batch2_c006|SEV_batch1_c006|SEV_batch2_c019|SEV_batch2_c004|SEV_batch1_c012|SEV_batch3_c008|SEV_batch2_c040|SEV_batch3_c017|SEV_batch1_c044|SEV_batch1_c013|SEV_batch2_c002|SEV_batch1_c030|SEV_batch3_c018|SEV_batch3_c030|SEV_batch1_c021|SEV_batch1_c000|SEV_batch2_c029|SEV_batch3_c040|SEV_batch2_c044|SEV_batch3_c027|SEV_batch2_c036|SEV_batch3_c012|SEV_batch3_c043,256|518|247|245|504|426|361|63|500|500|246|432|591|753|462|701|245|237|246|773|249|463|706,231.17|969.39|44.92|443.77|668.53|540.60|389.27|962.22|501.87|617.47|459.51|664.43|601.60|577.19|798.06|540.34|457.32|404.30|267.08|451.99|311.86|690.98|643.72,191.6057,268.1558,101.3225,167.2978,0.2174,0.3043,109.2858,0
Pure_NN,50,2,71,23,23,36353,0.98,SEV_batch2_c006|SEV_batch1_c006|SEV_batch2_c019|SEV_batch2_c004|SEV_batch1_c012|SEV_batch3_c008|SEV_batch2_c040|SEV_batch3_c017|SEV_batch1_c044|SEV_batch1_c013|SEV_batch2_c002|SEV_batch1_c030|SEV_batch3_c018|SEV_batch3_c030|SEV_batch1_c021|SEV_batch1_c000|SEV_batch2_c029|SEV_batch3_c040|SEV_batch2_c044|SEV_batch3_c027|SEV_batch2_c036|SEV_batch3_c012|SEV_batch3_c043,256|518|247|245|504|426|361|63|500|500|246|432|591|753|462|701|245|237|246|773|249|463|706,161.57|770.36|53.48|296.42|558.80|478.71|327.70|469.17|467.97|561.60|391.35|674.35|408.30|533.39|689.37|757.10|376.88|376.52|265.79|419.05|320.09|722.15|569.09,148.613,181.6804,60.1641,136.9136,0.1304,0.4348,40.226,0
Pure_NN,50,0,71,23,23,36353,0.95,SEV_batch1_c014|SEV_batch1_c017|SEV_batch2_c037|SEV_batch1_c037|SEV_batch1_c027|SEV_batch2_c022|SEV_batch1_c025|SEV_batch3_c039|SEV_batch2_c032|SEV_batch3_c003|SEV_batch1_c036|SEV_batch2_c041|SEV_batch2_c010|SEV_batch1_c011|SEV_batch1_c040|SEV_batch3_c038|SEV_batch2_c035|SEV_batch1_c034|SEV_batch2_c007|SEV_batch3_c006|SEV_batch1_c007|SEV_batch3_c007|SEV_batch2_c033,522|507|245|438|502|245|569|938|360|600|490|249|249|507|485|1681|246|541|530|549|569|389|246,667.30|505.31|335.16|424.37|422.64|283.63|559.82|209.81|245.12|369.62|403.64|240.22|218.32|408.05|380.99|443.02|282.33|450.26|22.20|219.50|330.33|362.39|327.69,188.2398,338.5299,28.9851,90.1636,0.3478,0.6087,-154.1426,1
Pure_NN,50,1,71,23,23,36353,0.97,SEV_batch1_c014|SEV_batch1_c017|SEV_batch2_c037|SEV_batch1_c037|SEV_batch1_c027|SEV_batch2_c022|SEV_batch1_c025|SEV_batch3_c039|SEV_batch2_c032|SEV_batch3_c003|SEV_batch1_c036|SEV_batch2_c041|SEV_batch2_c010|SEV_batch1_c011|SEV_batch1_c040|SEV_batch3_c038|SEV_batch2_c035|SEV_batch1_c034|SEV_batch2_c007|SEV_batch3_c006|SEV_batch1_c007|SEV_batch3_c007|SEV_batch2_c033,522|507|245|438|502|245|569|938|360|600|490|249|249|507|485|1681|246|541|530|549|569|389|246,849.75|576.73|358.09|371.98|442.83|301.34|645.48|230.23|220.11|411.37|357.01|262.05|257.02|669.76|431.66|462.29|291.70|412.72|16.79|235.66|372.16|370.79|314.80,203.3961,339.7234,32.4516,113.0926,0.1739,0.4783,-121.5074,1
Pure_NN,50,2,71,23,23,36353,1.01,SEV_batch1_c014|SEV_batch1_c017|SEV_batch2_c037|SEV_batch1_c037|SEV_batch1_c027|SEV_batch2_c022|SEV_batch1_c025|SEV_batch3_c039|SEV_batch2_c032|SEV_batch3_c003|SEV_batch1_c036|SEV_batch2_c041|SEV_batch2_c010|SEV_batch1_c011|SEV_batch1_c040|SEV_batch3_c038|SEV_batch2_c035|SEV_batch1_c034|SEV_batch2_c007|SEV_batch3_c006|SEV_batch1_c007|SEV_batch3_c007|SEV_batch2_c033,522|507|245|438|502|245|569|938|360|600|490|249|249|507|485|1681|246|541|530|549|569|389|246,737.47|603.31|342.31|543.77|557.43|335.56|674.24|311.27|300.62|384.56|524.00|245.13|271.18|672.21|483.05|424.65|367.92|589.73|163.38|105.47|433.67|614.63|367.48,200.6277,334.9998,33.6818,105.7712,0.2174,0.4348,-69.7382,1
Pure_NN,50,0,71,23,23,36353,1.27,SEV_batch2_c001|SEV_batch1_c043|SEV_batch1_c019|SEV_batch2_c031|SEV_batch1_c042|SEV_batch2_c021|SEV_batch1_c009|SEV_batch2_c005|SEV_batch2_c038|SEV_batch2_c047|SEV_batch1_c031|SEV_batch1_c022|SEV_batch3_c016|SEV_batch3_c021|SEV_batch1_c029|SEV_batch1_c010|SEV_batch3_c019|SEV_batch2_c012|SEV_batch1_c015|SEV_batch3_c034|SEV_batch1_c005|SEV_batch1_c020|SEV_batch2_c000,92|498|507|252|500|250|887|390|251|259|629|793|568|409|505|506|904|252|517|133|906|421|71,117.16|476.21|505.95|265.06|481.65|214.74|599.89|221.44|287.94|51.76|297.32|571.27|420.39|226.53|559.00|782.41|486.11|172.03|432.75|388.41|609.81|475.99|101.01,141.1799,186.1055,35.4845,84.2504,0.3478,0.5217,-76.3123,2
Pure_NN,50,1,71,23,23,36353,1.05,SEV_batch2_c001|SEV_batch1_c043|SEV_batch1_c019|SEV_batch2_c031|SEV_batch1_c042|SEV_batch2_c021|SEV_batch1_c009|SEV_batch2_c005|SEV_batch2_c038|SEV_batch2_c047|SEV_batch1_c031|SEV_batch1_c022|SEV_batch3_c016|SEV_batch3_c021|SEV_batch1_c029|SEV_batch1_c010|SEV_batch3_c019|SEV_batch2_c012|SEV_batch1_c015|SEV_batch3_c034|SEV_batch1_c005|SEV_batch1_c020|SEV_batch2_c000,92|498|507|252|500|250|887|390|251|259|629|793|568|409|505|506|904|252|517|133|906|421|71,190.49|331.84|435.68|253.74|419.85|204.06|554.22|227.02|256.77|41.18|288.72|472.11|437.37|549.03|463.51|319.27|322.27|251.88|304.32|322.68|438.50|255.76|262.80,180.5193,231.2548,50.4938,165.2406,0.2174,0.3478,-125.9533,2
Pure_NN,50,2,71,23,23,36353,0.99,SEV_batch2_c001|SEV_batch1_c043|SEV_batch1_c019|SEV_batch2_c031|SEV_batch1_c042|SEV_batch2_c021|SEV_batch1_c009|SEV_batch2_c005|SEV_batch2_c038|SEV_batch2_c047|SEV_batch1_c031|SEV_batch1_c022|SEV_batch3_c016|SEV_batch3_c021|SEV_batch1_c029|SEV_batch1_c010|SEV_batch3_c019|SEV_batch2_c012|SEV_batch1_c015|SEV_batch3_c034|SEV_batch1_c005|SEV_batch1_c020|SEV_batch2_c000,92|498|507|252|500|250|887|390|251|259|629|793|568|409|505|506|904|252|517|133|906|421|71,108.40|388.03|645.36|289.04|567.13|380.65|343.37|362.44|386.99|98.85|359.88|648.97|609.58|466.73|590.08|799.81|380.57|226.98|524.46|458.89|669.65|451.23|236.84,155.3237,213.8492,46.5385,130.6514,0.3043,0.4348,-22.0034,2
Pure_NN,50,0,71,23,23,36353,0.9,SEV_batch3_c013|SEV_batch1_c008|SEV_batch3_c011|SEV_batch3_c026|SEV_batch3_c042|SEV_batch2_c020|SEV_batch2_c013|SEV_batch3_c000|SEV_batch2_c009|SEV_batch3_c004|SEV_batch2_c028|SEV_batch3_c041|SEV_batch3_c001|SEV_batch3_c014|SEV_batch2_c003|SEV_batch2_c024|SEV_batch2_c011|SEV_batch3_c036|SEV_batch2_c023|SEV_batch2_c043|SEV_batch1_c039|SEV_batch3_c037|SEV_batch2_c025,377|494|145|673|1341|247|244|819|309|441|248|621|585|143|248|247|248|863|246|249|504|598|249,378.07|323.76|440.70|483.64|443.02|258.63|265.47|437.41|61.67|519.75|335.15|232.31|369.05|508.94|265.05|285.40|301.27|232.30|293.56|269.53|424.17|24.49|294.59,211.2729,313.0407,50.3016,87.1463,0.3478,0.5217,-117.003,3
Pure_NN,50,1,71,23,23,36353,1.23,SEV_batch3_c013|SEV_batch1_c008|SEV_batch3_c011|SEV_batch3_c026|SEV_batch3_c042|SEV_batch2_c020|SEV_batch2_c013|SEV_batch3_c000|SEV_batch2_c009|SEV_batch3_c004|SEV_batch2_c028|SEV_batch3_c041|SEV_batch3_c001|SEV_batch3_c014|SEV_batch2_c003|SEV_batch2_c024|SEV_batch2_c011|SEV_batch3_c036|SEV_batch2_c023|SEV_batch2_c043|SEV_batch1_c039|SEV_batch3_c037|SEV_batch2_c025,377|494|145|673|1341|247|244|819|309|441|248|621|585|143|248|247|248|863|246|249|504|598|249,449.28|403.15|504.83|575.58|535.32|241.36|299.86|528.21|42.37|608.41|330.96|208.78|416.91|576.99|234.13|317.27|315.37|337.77|270.01|282.19|533.82|99.56|329.33,202.2682,289.2867,54.0846,90.8521,0.2174,0.5652,-73.8065,3
Pure_NN,50,2,71,23,23,36353,1.3,SEV_batch3_c013|SEV_batch1_c008|SEV_batch3_c011|SEV_batch3_c026|SEV_batch3_c042|SEV_batch2_c020|SEV_batch2_c013|SEV_batch3_c000|SEV_batch2_c009|SEV_batch3_c004|SEV_batch2_c028|SEV_batch3_c041|SEV_batch3_c001|SEV_batch3_c014|SEV_batch2_c003|SEV_batch2_c024|SEV_batch2_c011|SEV_batch3_c036|SEV_batch2_c023|SEV_batch2_c043|SEV_batch1_c039|SEV_batch3_c037|SEV_batch2_c025,377|494|145|673|1341|247|244|819|309|441|248|621|585|143|248|247|248|863|246|249|504|598|249,465.24|593.15|519.86|543.36|420.47|268.38|355.65|512.47|72.89|529.14|309.16|242.73|433.14|583.18|274.45|213.96|298.99|432.27|343.54|270.64|609.20|7.19|327.52,210.5495,303.7852,56.1549,105.2012,0.1739,0.4783,-65.7573,3
Pure_NN,50,0,71,23,23,36353,0.93,SEV_batch2_c030|SEV_batch3_c020|SEV_batch1_c045|SEV_batch1_c035|SEV_batch3_c029|SEV_batch1_c003|SEV_batch2_c018|SEV_batch1_c024|SEV_batch1_c004|SEV_batch1_c026|SEV_batch3_c025|SEV_batch3_c010|SEV_batch3_c031|SEV_batch2_c042|SEV_batch3_c009|SEV_batch3_c005|SEV_batch3_c045|SEV_batch1_c023|SEV_batch2_c026|SEV_batch2_c039|SEV_batch3_c033|SEV_batch1_c016|SEV_batch3_c015,246|660|506|495|734|876|246|208|877|431|391|102|112|245|371|70|636|891|249|246|352|525|519,297.16|503.46|371.39|575.02|469.65|580.03|204.48|520.33|576.92|336.73|453.69|471.45|532.53|354.49|505.90|339.03|547.67|564.17|232.24|198.30|463.32|629.04|559.51,166.6273,205.2782,75.4451,111.3165,0.1739,0.3913,12.9788,4
Pure_NN,50,1,71,23,23,36353,1.02,SEV_batch2_c030|SEV_batch3_c020|SEV_batch1_c045|SEV_batch1_c035|SEV_batch3_c029|SEV_batch1_c003|SEV_batch2_c018|SEV_batch1_c024|SEV_batch1_c004|SEV_batch1_c026|SEV_batch3_c025|SEV_batch3_c010|SEV_batch3_c031|SEV_batch2_c042|SEV_batch3_c009|SEV_batch3_c005|SEV_batch3_c045|SEV_batch1_c023|SEV_batch2_c026|SEV_batch2_c039|SEV_batch3_c033|SEV_batch1_c016|SEV_batch3_c015,246|660|506|495|734|876|246|208|877|431|391|102|112|245|371|70|636|891|249|246|352|525|519,314.58|487.80|384.27|483.42|483.68|578.77|148.37|427.52|616.30|282.92|438.22|419.34|541.21|303.77|487.19|280.00|471.84|480.63|186.34|161.68|439.50|634.23|527.25,163.1655,200.2371,69.4781,121.7304,0.1304,0.3913,-17.7914,4
Pure_NN,50,2,71,23,23,36353,0.93,SEV_batch2_c030|SEV_batch3_c020|SEV_batch1_c045|SEV_batch1_c035|SEV_batch3_c029|SEV_batch1_c003|SEV_batch2_c018|SEV_batch1_c024|SEV_batch1_c004|SEV_batch1_c026|SEV_batch3_c025|SEV_batch3_c010|SEV_batch3_c031|SEV_batch2_c042|SEV_batch3_c009|SEV_batch3_c005|SEV_batch3_c045|SEV_batch1_c023|SEV_batch2_c026|SEV_batch2_c039|SEV_batch3_c033|SEV_batch1_c016|SEV_batch3_c015,246|660|506|495|734|876|246|208|877|431|391|102|112|245|371|70|636|891|249|246|352|525|519,309.61|454.50|419.85|536.18|406.67|547.41|220.44|540.55|587.59|374.08|397.98|477.41|441.63|300.84|419.00|359.85|513.65|496.30|203.18|141.93|402.67|450.05|529.50,159.3723,208.4942,71.7306,86.1488,0.2609,0.5217,-19.8761,4
Ensemble_NN,50,0,71,23,23,36353,6.21,SEV_batch2_c006|SEV_batch1_c006|SEV_batch2_c019|SEV_batch2_c004|SEV_batch1_c012|SEV_batch3_c008|SEV_batch2_c040|SEV_batch3_c017|SEV_batch1_c044|SEV_batch1_c013|SEV_batch2_c002|SEV_batch1_c030|SEV_batch3_c018|SEV_batch3_c030|SEV_batch1_c021|SEV_batch1_c000|SEV_batch2_c029|SEV_batch3_c040|SEV_batch2_c044|SEV_batch3_c027|SEV_batch2_c036|SEV_batch3_c012|SEV_batch3_c043,256|518|247|245|504|426|361|63|500|500|246|432|591|753|462|701|245|237|246|773|249|463|706,231.35|839.53|73.55|404.57|665.41|555.76|342.44|615.20|474.70|611.38|411.13|640.29|485.49|575.47|603.62|522.92|498.45|404.14|311.81|482.47|316.75|688.32|649.91,164.3509,200.5684,74.4995,161.4119,0.1304,0.2609,73.0722,0
Ensemble_NN,50,1,71,23,23,36353,5.31,SEV_batch2_c006|SEV_batch1_c006|SEV_batch2_c019|SEV_batch2_c004|SEV_batch1_c012|SEV_batch3_c008|SEV_batch2_c040|SEV_batch3_c017|SEV_batch1_c044|SEV_batch1_c013|SEV_batch2_c002|SEV_batch1_c030|SEV_batch3_c018|SEV_batch3_c030|SEV_batch1_c021|SEV_batch1_c000|SEV_batch2_c029|SEV_batch3_c040|SEV_batch2_c044|SEV_batch3_c027|SEV_batch2_c036|SEV_batch3_c012|SEV_batch3_c043,256|518|247|245|504|426|361|63|500|500|246|432|591|753|462|701|245|237|246|773|249|463|706,315.06|907.59|104.93|416.02|654.02|548.49|326.58|538.03|466.67|615.96|390.98|635.29|489.80|577.97|641.46|557.05|474.00|417.83|298.64|474.07|319.25|692.20|627.98,164.3384,195.6685,69.6467,144.9771,0.087,0.2609,76.777,0
Ensemble_NN,50,2,71,23,23,36353,5.72,SEV_batch2_c006|SEV_batch1_c006|SEV_batch2_c019|SEV_batch2_c004|SEV_batch1_c012|SEV_batch3_c008|SEV_batch2_c040|SEV_batch3_c017|SEV_batch1_c044|SEV_batch1_c013|SEV_batch2_c002|SEV_batch1_c030|SEV_batch3_c018|SEV_batch3_c030|SEV_batch1_c021|SEV_batch1_c000|SEV_batch2_c029|SEV_batch3_c040|SEV_batch2_c044|SEV_batch3_c027|SEV_batch2_c036|SEV_batch3_c012|SEV_batch3_c043,256|518|247|245|504|426|361|63|500|500|246|432|591|753|462|701|245|237|246|773|249|463|706,149.59|909.28|48.05|273.58|549.05|473.49|331.17|649.48|393.05|517.60|396.46|623.61|406.54|497.55|727.77|549.56|424.89|358.56|267.70|404.92|308.18|628.06|547.71,166.5903,214.3544,74.1856,151.4376,0.2609,0.3043,30.9504,0
Ensemble_NN,50,0,71,23,23,36353,4.85,SEV_batch1_c014|SEV_batch1_c017|SEV_batch2_c037|SEV_batch1_c037|SEV_batch1_c027|SEV_batch2_c022|SEV_batch1_c025|SEV_batch3_c039|SEV_batch2_c032|SEV_batch3_c003|SEV_batch1_c036|SEV_batch2_c041|SEV_batch2_c010|SEV_batch1_c011|SEV_batch1_c040|SEV_batch3_c038|SEV_batch2_c035|SEV_batch1_c034|SEV_batch2_c007|SEV_batch3_c006|SEV_batch1_c007|SEV_batch3_c007|SEV_batch2_c033,522|507|245|438|502|245|569|938|360|600|490|249|249|507|485|1681|246|541|530|549|569|389|246,703.85|547.25|360.44|541.03|538.85|305.94|627.99|263.99|337.23|409.17|528.84|279.86|211.60|418.93|436.25|449.43|348.23|571.29|100.38|227.37|432.82|478.63|357.72,181.8162,324.8816,29.6178,89.6273,0.3478,0.5217,-94.7785,1
Ensemble_NN,50,1,71,23,23,36353,4.71,SEV_batch1_c014|SEV_batch1_c017|SEV_batch2_c037|SEV_batch1_c037|SEV_batch1_c027|SEV_batch2_c022|SEV_batch1_c025|SEV_batch3_c039|SEV_batch2_c032|SEV_batch3_c003|SEV_batch1_c036|SEV_batch2_c041|SEV_batch2_c010|SEV_batch1_c011|SEV_batch1_c040|SEV_batch3_c038|SEV_batch2_c035|SEV_batch1_c034|SEV_batch2_c007|SEV_batch3_c006|SEV_batch1_c007|SEV_batch3_c007|SEV_batch2_c033,522|507|245|438|502|245|569|938|360|600|490|249|249|507|485|1681|246|541|530|549|569|389|246,665.78|559.69|322.84|483.13|511.83|283.92|614.10|292.20|263.89|402.06|470.41|246.88|222.22|363.46|430.07|448.20|311.63|511.97|25.45|186.10|361.04|455.12|336.79,180.8639,329.1926,28.117,66.1174,0.3478,0.6522,-125.5748,1
Ensemble_NN,50,2,71,23,23,36353,5.18,SEV_batch1_c014|SEV_batch1_c017|SEV_batch2_c037|SEV_batch1_c037|SEV_batch1_c027|SEV_batch2_c022|SEV_batch1_c025|SEV_batch3_c039|SEV_batch2_c032|SEV_batch3_c003|SEV_batch1_c036|SEV_batch2_c041|SEV_batch2_c010|SEV_batch1_c011|SEV_batch1_c040|SEV_batch3_c038|SEV_batch2_c035|SEV_batch1_c034|SEV_batch2_c007|SEV_batch3_c006|SEV_batch1_c007|SEV_batch3_c007|SEV_batch2_c033,522|507|245|438|502|245|569|938|360|600|490|249|249|507|485|1681|246|541|530|549|569|389|246,691.99|517.44|314.27|462.25|516.50|294.85|609.62|284.75|198.82|390.14|457.87|207.80|243.95|435.14|445.33|464.04|262.00|484.65|17.19|189.13|402.94|417.93|288.51,173.5919,326.5163,26.1396,49.8474,0.5217,0.6522,-133.0387,1
Ensemble_NN,50,0,71,23,23,36353,5.63,SEV_batch2_c001|SEV_batch1_c043|SEV_batch1_c019|SEV_batch2_c031|SEV_batch1_c042|SEV_batch2_c021|SEV_batch1_c009|SEV_batch2_c005|SEV_batch2_c038|SEV_batch2_c047|SEV_batch1_c031|SEV_batch1_c022|SEV_batch3_c016|SEV_batch3_c021|SEV_batch1_c029|SEV_batch1_c010|SEV_batch3_c019|SEV_batch2_c012|SEV_batch1_c015|SEV_batch3_c034|SEV_batch1_c005|SEV_batch1_c020|SEV_batch2_c000,92|498|507|252|500|250|887|390|251|259|629|793|568|409|505|506|904|252|517|133|906|421|71,48.14|446.28|582.10|292.78|461.02|297.71|460.56|268.94|308.00|59.98|485.88|613.51|550.00|458.41|521.14|557.55|425.19|182.89|474.79|421.78|590.81|190.60|191.38,134.9675,186.4517,40.5812,69.108,0.3478,0.5652,-70.0236,2
Ensemble_NN,50,1,71,23,23,36353,5.87,SEV_batch2_c001|SEV_batch1_c043|SEV_batch1_c019|SEV_batch2_c031|SEV_batch1_c042|SEV_batch2_c021|SEV_batch1_c009|SEV_batch2_c005|SEV_batch2_c038|SEV_batch2_c047|SEV_batch1_c031|SEV_batch1_c022|SEV_batch3_c016|SEV_batch3_c021|SEV_batch1_c029|SEV_batch1_c010|SEV_batch3_c019|SEV_batch2_c012|SEV_batch1_c015|SEV_batch3_c034|SEV_batch1_c005|SEV_batch1_c020|SEV_batch2_c000,92|498|507|252|500|250|887|390|251|259|629|793|568|409|505|506|904|252|517|133|906|421|71,30.46|418.17|525.56|276.40|444.98|270.26|418.86|255.31|291.18|67.38|368.22|553.10|516.41|381.79|491.49|550.55|427.57|224.27|399.74|408.13|547.24|217.51|196.75,144.1875,200.4796,41.2999,79.8285,0.3478,0.5217,-96.4647,2
Ensemble_NN,50,2,71,23,23,36353,5.48,SEV_batch2_c001|SEV_batch1_c043|SEV_batch1_c019|SEV_batch2_c031|SEV_batch1_c042|SEV_batch2_c021|SEV_batch1_c009|SEV_batch2_c005|SEV_batch2_c038|SEV_batch2_c047|SEV_batch1_c031|SEV_batch1_c022|SEV_batch3_c016|SEV_batch3_c021|SEV_batch1_c029|SEV_batch1_c010|SEV_batch3_c019|SEV_batch2_c012|SEV_batch1_c015|SEV_batch3_c034|SEV_batch1_c005|SEV_batch1_c020|SEV_batch2_c000,92|498|507|252|500|250|887|390|251|259|629|793|568|409|505|506|904|252|517|133|906|421|71,66.15|402.82|494.32|275.15|421.10|233.57|395.55|259.70|286.97|104.07|354.69|532.63|534.95|403.41|463.10|418.95|403.23|207.82|429.95|411.82|554.73|219.54|200.58,146.0981,205.6836,40.0822,87.0495,0.3913,0.5652,-105.4438,2
Ensemble_NN,50,0,71,23,23,36353,5.03,SEV_batch3_c013|SEV_batch1_c008|SEV_batch3_c011|SEV_batch3_c026|SEV_batch3_c042|SEV_batch2_c020|SEV_batch2_c013|SEV_batch3_c000|SEV_batch2_c009|SEV_batch3_c004|SEV_batch2_c028|SEV_batch3_c041|SEV_batch3_c001|SEV_batch3_c014|SEV_batch2_c003|SEV_batch2_c024|SEV_batch2_c011|SEV_batch3_c036|SEV_batch2_c023|SEV_batch2_c043|SEV_batch1_c039|SEV_batch3_c037|SEV_batch2_c025,377|494|145|673|1341|247|244|819|309|441|248|621|585|143|248|247|248|863|246|249|504|598|249,407.55|354.05|482.76|510.40|465.12|266.40|371.02|473.94|100.84|533.51|370.65|253.13|398.52|541.54|276.39|347.52|324.76|302.37|355.82|295.28|471.53|113.40|333.34,214.7066,298.3998,56.5714,127.0219,0.2174,0.3478,-77.7902,3
Ensemble_NN,50,1,71,23,23,36353,4.76,SEV_batch3_c013|SEV_batch1_c008|SEV_batch3_c011|SEV_batch3_c026|SEV_batch3_c042|SEV_batch2_c020|SEV_batch2_c013|SEV_batch3_c000|SEV_batch2_c009|SEV_batch3_c004|SEV_batch2_c028|SEV_batch3_c041|SEV_batch3_c001|SEV_batch3_c014|SEV_batch2_c003|SEV_batch2_c024|SEV_batch2_c011|SEV_batch3_c036|SEV_batch2_c023|SEV_batch2_c043|SEV_batch1_c039|SEV_batch3_c037|SEV_batch2_c025,377|494|145|673|1341|247|244|819|309|441|248|621|585|143|248|247|248|863|246|249|504|598|249,407.36|359.87|469.08|486.22|445.36|235.04|324.01|452.49|75.56|482.20|324.65|248.78|384.76|530.36|360.54|302.26|305.86|305.73|326.23|250.44|464.77|71.26|320.22,210.5381,303.0822,53.4696,112.5435,0.2174,0.4783,-95.9106,3
Ensemble_NN,50,2,71,23,23,36353,5.13,SEV_batch3_c013|SEV_batch1_c008|SEV_batch3_c011|SEV_batch3_c026|SEV_batch3_c042|SEV_batch2_c020|SEV_batch2_c013|SEV_batch3_c000|SEV_batch2_c009|SEV_batch3_c004|SEV_batch2_c028|SEV_batch3_c041|SEV_batch3_c001|SEV_batch3_c014|SEV_batch2_c003|SEV_batch2_c024|SEV_batch2_c011|SEV_batch3_c036|SEV_batch2_c023|SEV_batch2_c043|SEV_batch1_c039|SEV_batch3_c037|SEV_batch2_c025,377|494|145|673|1341|247|244|819|309|441|248|621|585|143|248|247|248|863|246|249|504|598|249,433.78|361.45|492.29|504.32|437.00|227.98|333.33|475.54|96.43|499.42|304.06|247.58|402.67|525.75|300.18|268.80|303.83|317.38|337.54|255.42|467.10|29.55|329.15,208.067,304.1497,52.769,91.541,0.1739,0.5217,-95.1503,3
Ensemble_NN,50,0,71,23,23,36353,5.38,SEV_batch2_c030|SEV_batch3_c020|SEV_batch1_c045|SEV_batch1_c035|SEV_batch3_c029|SEV_batch1_c003|SEV_batch2_c018|SEV_batch1_c024|SEV_batch1_c004|SEV_batch1_c026|SEV_batch3_c025|SEV_batch3_c010|SEV_batch3_c031|SEV_batch2_c042|SEV_batch3_c009|SEV_batch3_c005|SEV_batch3_c045|SEV_batch1_c023|SEV_batch2_c026|SEV_batch2_c039|SEV_batch3_c033|SEV_batch1_c016|SEV_batch3_c015,246|660|506|495|734|876|246|208|877|431|391|102|112|245|371|70|636|891|249|246|352|525|519,313.66|454.08|395.31|570.75|435.55|534.94|271.90|542.58|553.85|430.20|429.52|501.52|475.58|330.80|464.31|358.92|559.73|563.81|238.79|179.13|434.25|533.20|543.72,158.6655,209.048,73.5938,85.8033,0.2609,0.5652,5.5693,4
Ensemble_NN,50,1,71,23,23,36353,4.38,SEV_batch2_c030|SEV_batch3_c020|SEV_batch1_c045|SEV_batch1_c035|SEV_batch3_c029|SEV_batch1_c003|SEV_batch2_c018|SEV_batch1_c024|SEV_batch1_c004|SEV_batch1_c026|SEV_batch3_c025|SEV_batch3_c010|SEV_batch3_c031|SEV_batch2_c042|SEV_batch3_c009|SEV_batch3_c005|SEV_batch3_c045|SEV_batch1_c023|SEV_batch2_c026|SEV_batch2_c039|SEV_batch3_c033|SEV_batch1_c016|SEV_batch3_c015,246|660|506|495|734|876|246|208|877|431|391|102|112|245|371|70|636|891|249|246|352|525|519,280.57|449.36|383.88|529.82|463.79|539.78|251.63|519.59|573.26|379.07|439.69|474.56|495.44|314.51|480.09|301.16|523.69|508.38|244.92|168.16|414.99|529.50|535.98,154.6629,205.1039,68.4819,109.0886,0.3043,0.4783,-8.0955,4
Ensemble_NN,50,2,71,23,23,36353,4.87,SEV_batch2_c030|SEV_batch3_c020|SEV_batch1_c045|SEV_batch1_c035|SEV_batch3_c029|SEV_batch1_c003|SEV_batch2_c018|SEV_batch1_c024|SEV_batch1_c004|SEV_batch1_c026|SEV_batch3_c025|SEV_batch3_c010|SEV_batch3_c031|SEV_batch2_c042|SEV_batch3_c009|SEV_batch3_c005|SEV_batch3_c045|SEV_batch1_c023|SEV_batch2_c026|SEV_batch2_c039|SEV_batch3_c033|SEV_batch1_c016|SEV_batch3_c015,246|660|506|495|734|876|246|208|877|431|391|102|112|245|371|70|636|891|249|246|352|525|519,290.31|489.50|426.64|501.35|465.87|491.87|249.21|480.50|509.43|396.56|457.14|453.36|524.44|307.11|497.34|356.83|495.29|520.96|237.52|174.25|464.60|495.70|532.47,160.2191,212.9629,72.1649,112.6034,0.3043,0.4783,-7.3806,4
Neural_ODE,50,0,71,23,23,36353,3.02,SEV_batch2_c006|SEV_batch1_c006|SEV_batch2_c019|SEV_batch2_c004|SEV_batch1_c012|SEV_batch3_c008|SEV_batch2_c040|SEV_batch3_c017|SEV_batch1_c044|SEV_batch1_c013|SEV_batch2_c002|SEV_batch1_c030|SEV_batch3_c018|SEV_batch3_c030|SEV_batch1_c021|SEV_batch1_c000|SEV_batch2_c029|SEV_batch3_c040|SEV_batch2_c044|SEV_batch3_c027|SEV_batch2_c036|SEV_batch3_c012|SEV_batch3_c043,256|518|247|245|504|426|361|63|500|500|246|432|591|753|462|701|245|237|246|773|249|463|706,216.46|675.50|117.34|307.96|576.28|448.09|275.65|1480.82|533.35|502.70|296.56|413.85|539.59|451.68|776.53|241.53|374.59|369.80|268.42|398.49|254.96|425.91|516.88,178.7043,342.0026,123.2919,72.2792,0.3478,0.5652,32.1271,0
Neural_ODE,50,1,71,23,23,36353,2.28,SEV_batch2_c006|SEV_batch1_c006|SEV_batch2_c019|SEV_batch2_c004|SEV_batch1_c012|SEV_batch3_c008|SEV_batch2_c040|SEV_batch3_c017|SEV_batch1_c044|SEV_batch1_c013|SEV_batch2_c002|SEV_batch1_c030|SEV_batch3_c018|SEV_batch3_c030|SEV_batch1_c021|SEV_batch1_c000|SEV_batch2_c029|SEV_batch3_c040|SEV_batch2_c044|SEV_batch3_c027|SEV_batch2_c036|SEV_batch3_c012|SEV_batch3_c043,256|518|247|245|504|426|361|63|500|500|246|432|591|753|462|701|245|237|246|773|249|463|706,142.39|680.51|69.77|257.47|579.19|424.89|288.74|838.58|410.38|518.93|311.86|445.63|566.92|436.99|685.49|249.74|335.63|351.56|240.41|355.16|258.35|441.20|505.07,150.1538,236.5628,78.6036,89.6153,0.3478,0.5652,-14.3113,0
Neural_ODE,50,2,71,23,23,36353,2.02,SEV_batch2_c006|SEV_batch1_c006|SEV_batch2_c019|SEV_batch2_c004|SEV_batch1_c012|SEV_batch3_c008|SEV_batch2_c040|SEV_batch3_c017|SEV_batch1_c044|SEV_batch1_c013|SEV_batch2_c002|SEV_batch1_c030|SEV_batch3_c018|SEV_batch3_c030|SEV_batch1_c021|SEV_batch1_c000|SEV_batch2_c029|SEV_batch3_c040|SEV_batch2_c044|SEV_batch3_c027|SEV_batch2_c036|SEV_batch3_c012|SEV_batch3_c043,256|518|247|245|504|426|361|63|500|500|246|432|591|753|462|701|245|237|246|773|249|463|706,304.53|629.25|96.65|342.08|635.93|520.52|312.96|749.60|495.72|593.91|338.93|486.96|507.51|533.30|787.27|506.10|383.66|445.41|273.46|468.04|327.83|582.70|580.03,149.6408,204.2144,77.1564,111.2457,0.1739,0.4783,51.2318,0
Neural_ODE,50,0,71,23,23,36353,1.73,SEV_batch1_c014|SEV_batch1_c017|SEV_batch2_c037|SEV_batch1_c037|SEV_batch1_c027|SEV_batch2_c022|SEV_batch1_c025|SEV_batch3_c039|SEV_batch2_c032|SEV_batch3_c003|SEV_batch1_c036|SEV_batch2_c041|SEV_batch2_c010|SEV_batch1_c011|SEV_batch1_c040|SEV_batch3_c038|SEV_batch2_c035|SEV_batch1_c034|SEV_batch2_c007|SEV_batch3_c006|SEV_batch1_c007|SEV_batch3_c007|SEV_batch2_c033,522|507|245|438|502|245|569|938|360|600|490|249|249|507|485|1681|246|541|530|549|569|389|246,415.87|452.62|218.86|473.78|484.92|226.09|489.20|288.36|447.48|443.21|492.60|350.21|182.45|785.30|481.61|468.89|367.33|486.47|871.58|253.86|516.59|420.60|490.45,175.5357,317.8597,29.7671,79.8029,0.3043,0.5652,-67.3334,1
Neural_ODE,50,1,71,23,23,36353,2.22,SEV_batch1_c014|SEV_batch1_c017|SEV_batch2_c037|SEV_batch1_c037|SEV_batch1_c027|SEV_batch2_c022|SEV_batch1_c025|SEV_batch3_c039|SEV_batch2_c032|SEV_batch3_c003|SEV_batch1_c036|SEV_batch2_c041|SEV_batch2_c010|SEV_batch1_c011|SEV_batch1_c040|SEV_batch3_c038|SEV_batch2_c035|SEV_batch1_c034|SEV_batch2_c007|SEV_batch3_c006|SEV_batch1_c007|SEV_batch3_c007|SEV_batch2_c033,522|507|245|438|502|245|569|938|360|600|490|249|249|507|485|1681|246|541|530|549|569|389|246,672.78|521.55|315.61|354.81|442.32|285.03|616.30|362.46|226.64|472.96|358.34|269.99|235.50|572.01|502.00|518.70|262.68|385.49|143.94|294.53|393.35|290.70|304.45,167.7246,299.495,25.9347,83.1858,0.3043,0.5652,-124.1242,1
Neural_ODE,50,2,71,23,23,36353,1.9,SEV_batch1_c014|SEV_batch1_c017|SEV_batch2_c037|SEV_batch1_c037|SEV_batch1_c027|SEV_batch2_c022|SEV_batch1_c025|SEV_batch3_c039|SEV_batch2_c032|SEV_batch3_c003|SEV_batch1_c036|SEV_batch2_c041|SEV_batch2_c010|SEV_batch1_c011|SEV_batch1_c040|SEV_batch3_c038|SEV_batch2_c035|SEV_batch1_c034|SEV_batch2_c007|SEV_batch3_c006|SEV_batch1_c007|SEV_batch3_c007|SEV_batch2_c033,522|507|245|438|502|245|569|938|360|600|490|249|249|507|485|1681|246|541|530|549|569|389|246,783.87|692.80|312.64|442.77|510.17|337.18|708.38|441.13|228.41|540.82|429.83|212.24|347.88|1665.99|616.00|571.24|336.70|494.97|443.12|133.54|552.43|612.86|359.25,218.9466,376.7038,39.6075,98.8802,0.2174,0.5217,5.0967,1
Neural_ODE,50,0,71,23,23,36353,3.75,SEV_batch2_c001|SEV_batch1_c043|SEV_batch1_c019|SEV_batch2_c031|SEV_batch1_c042|SEV_batch2_c021|SEV_batch1_c009|SEV_batch2_c005|SEV_batch2_c038|SEV_batch2_c047|SEV_batch1_c031|SEV_batch1_c022|SEV_batch3_c016|SEV_batch3_c021|SEV_batch1_c029|SEV_batch1_c010|SEV_batch3_c019|SEV_batch2_c012|SEV_batch1_c015|SEV_batch3_c034|SEV_batch1_c005|SEV_batch1_c020|SEV_batch2_c000,92|498|507|252|500|250|887|390|251|259|629|793|568|409|505|506|904|252|517|133|906|421|71,2684.89|579.01|442.04|259.03|592.65|237.17|628.24|264.00|266.01|313.06|296.19|569.66|356.46|300.73|780.47|1207.96|494.64|294.02|463.24|324.10|533.33|243.24|236.65,285.6917,590.5439,166.6519,165.6479,0.1739,0.3913,81.1643,2
Neural_ODE,50,1,71,23,23,36353,1.88,SEV_batch2_c001|SEV_batch1_c043|SEV_batch1_c019|SEV_batch2_c031|SEV_batch1_c042|SEV_batch2_c021|SEV_batch1_c009|SEV_batch2_c005|SEV_batch2_c038|SEV_batch2_c047|SEV_batch1_c031|SEV_batch1_c022|SEV_batch3_c016|SEV_batch3_c021|SEV_batch1_c029|SEV_batch1_c010|SEV_batch3_c019|SEV_batch2_c012|SEV_batch1_c015|SEV_batch3_c034|SEV_batch1_c005|SEV_batch1_c020|SEV_batch2_c000,92|498|507|252|500|250|887|390|251|259|629|793|568|409|505|506|904|252|517|133|906|421|71,244.84|390.09|484.47|277.37|405.61|197.63|715.28|241.28|325.47|124.15|327.44|552.49|505.86|442.94|456.13|496.15|364.49|276.46|405.41|371.66|563.49|471.37|185.23,134.9289,183.3742,42.242,107.9064,0.2609,0.4783,-72.8121,2
Neural_ODE,50,2,71,23,23,36353,1.53,SEV_batch2_c001|SEV_batch1_c043|SEV_batch1_c019|SEV_batch2_c031|SEV_batch1_c042|SEV_batch2_c021|SEV_batch1_c009|SEV_batch2_c005|SEV_batch2_c038|SEV_batch2_c047|SEV_batch1_c031|SEV_batch1_c022|SEV_batch3_c016|SEV_batch3_c021|SEV_batch1_c029|SEV_batch1_c010|SEV_batch3_c019|SEV_batch2_c012|SEV_batch1_c015|SEV_batch3_c034|SEV_batch1_c005|SEV_batch1_c020|SEV_batch2_c000,92|498|507|252|500|250|887|390|251|259|629|793|568|409|505|506|904|252|517|133|906|421|71,236.07|361.42|671.94|231.33|577.94|319.54|573.03|321.47|387.03|146.60|312.18|572.44|578.25|433.23|633.29|2833.76|377.40|285.15|502.64|418.99|672.71|737.63|442.30,263.2132,529.5592,82.7475,136.5759,0.2174,0.3478,92.4498,2
Neural_ODE,50,0,71,23,23,36353,2.5,SEV_batch3_c013|SEV_batch1_c008|SEV_batch3_c011|SEV_batch3_c026|SEV_batch3_c042|SEV_batch2_c020|SEV_batch2_c013|SEV_batch3_c000|SEV_batch2_c009|SEV_batch3_c004|SEV_batch2_c028|SEV_batch3_c041|SEV_batch3_c001|SEV_batch3_c014|SEV_batch2_c003|SEV_batch2_c024|SEV_batch2_c011|SEV_batch3_c036|SEV_batch2_c023|SEV_batch2_c043|SEV_batch1_c039|SEV_batch3_c037|SEV_batch2_c025,377|494|145|673|1341|247|244|819|309|441|248|621|585|143|248|247|248|863|246|249|504|598|249,442.32|504.56|496.94|534.24|380.47|278.39|439.62|532.23|107.70|581.24|359.96|235.05|469.69|532.14|307.25|214.70|267.76|449.35|454.29|248.36|462.04|48.73|302.34,207.0984,302.4363,55.5564,138.761,0.2609,0.3913,-64.7666,3
Neural_ODE,50,1,71,23,23,36353,1.96,SEV_batch3_c013|SEV_batch1_c008|SEV_batch3_c011|SEV_batch3_c026|SEV_batch3_c042|SEV_batch2_c020|SEV_batch2_c013|SEV_batch3_c000|SEV_batch2_c009|SEV_batch3_c004|SEV_batch2_c028|SEV_batch3_c041|SEV_batch3_c001|SEV_batch3_c014|SEV_batch2_c003|SEV_batch2_c024|SEV_batch2_c011|SEV_batch3_c036|SEV_batch2_c023|SEV_batch2_c043|SEV_batch1_c039|SEV_batch3_c037|SEV_batch2_c025,377|494|145|673|1341|247|244|819|309|441|248|621|585|143|248|247|248|863|246|249|504|598|249,473.93|536.18|518.33|598.62|397.50|298.77|511.09|566.77|90.46|631.10|339.83|221.97|493.55|512.29|209.49|259.78|313.20|532.86|474.32|284.43|536.26|216.80|338.27,203.2503,287.6299,57.4621,96.9327,0.2174,0.5217,-34.0528,3
Neural_ODE,50,2,71,23,23,36353,1.75,SEV_batch3_c013|SEV_batch1_c008|SEV_batch3_c011|SEV_batch3_c026|SEV_batch3_c042|SEV_batch2_c020|SEV_batch2_c013|SEV_batch3_c000|SEV_batch2_c009|SEV_batch3_c004|SEV_batch2_c028|SEV_batch3_c041|SEV_batch3_c001|SEV_batch3_c014|SEV_batch2_c003|SEV_batch2_c024|SEV_batch2_c011|SEV_batch3_c036|SEV_batch2_c023|SEV_batch2_c043|SEV_batch1_c039|SEV_batch3_c037|SEV_batch2_c025,377|494|145|673|1341|247|244|819|309|441|248|621|585|143|248|247|248|863|246|249|504|598|249,551.19|875.02|550.87|662.85|794.55|283.45|325.65|641.74|63.89|825.80|255.69|411.69|469.42|697.98|443.87|267.31|332.07|380.02|235.12|273.70|891.03|53.18|332.74,224.561,293.7931,66.0671,177.2557,0.2609,0.3913,20.8617,3
Neural_ODE,50,0,71,23,23,36353,2.19,SEV_batch2_c030|SEV_batch3_c020|SEV_batch1_c045|SEV_batch1_c035|SEV_batch3_c029|SEV_batch1_c003|SEV_batch2_c018|SEV_batch1_c024|SEV_batch1_c004|SEV_batch1_c026|SEV_batch3_c025|SEV_batch3_c010|SEV_batch3_c031|SEV_batch2_c042|SEV_batch3_c009|SEV_batch3_c005|SEV_batch3_c045|SEV_batch1_c023|SEV_batch2_c026|SEV_batch2_c039|SEV_batch3_c033|SEV_batch1_c016|SEV_batch3_c015,246|660|506|495|734|876|246|208|877|431|391|102|112|245|371|70|636|891|249|246|352|525|519,202.12|505.87|467.26|530.68|461.63|361.78|321.87|469.61|321.83|463.88|495.27|459.56|602.73|287.49|522.50|481.40|528.70|616.85|251.72|174.19|633.62|301.83|539.44,196.6824,259.2178,88.9151,151.498,0.3043,0.3913,0.6017,4
Neural_ODE,50,1,71,23,23,36353,1.96,SEV_batch2_c030|SEV_batch3_c020|SEV_batch1_c045|SEV_batch1_c035|SEV_batch3_c029|SEV_batch1_c003|SEV_batch2_c018|SEV_batch1_c024|SEV_batch1_c004|SEV_batch1_c026|SEV_batch3_c025|SEV_batch3_c010|SEV_batch3_c031|SEV_batch2_c042|SEV_batch3_c009|SEV_batch3_c005|SEV_batch3_c045|SEV_batch1_c023|SEV_batch2_c026|SEV_batch2_c039|SEV_batch3_c033|SEV_batch1_c016|SEV_batch3_c015,246|660|506|495|734|876|246|208|877|431|391|102|112|245|371|70|636|891|249|246|352|525|519,225.83|501.38|466.90|491.33|542.38|493.69|327.67|463.47|489.58|460.46|556.50|449.42|715.18|292.14|573.49|398.37|503.65|568.51|288.37|207.30|634.36|534.48|541.78,177.8752,237.8113,85.0803,158.6175,0.3913,0.4348,32.0975,4
Neural_ODE,50,2,71,23,23,36353,1.87,SEV_batch2_c030|SEV_batch3_c020|SEV_batch1_c045|SEV_batch1_c035|SEV_batch3_c029|SEV_batch1_c003|SEV_batch2_c018|SEV_batch1_c024|SEV_batch1_c004|SEV_batch1_c026|SEV_batch3_c025|SEV_batch3_c010|SEV_batch3_c031|SEV_batch2_c042|SEV_batch3_c009|SEV_batch3_c005|SEV_batch3_c045|SEV_batch1_c023|SEV_batch2_c026|SEV_batch2_c039|SEV_batch3_c033|SEV_batch1_c016|SEV_batch3_c015,246|660|506|495|734|876|246|208|877|431|391|102|112|245|371|70|636|891|249|246|352|525|519,257.62|553.90|412.13|443.15|452.50|505.01|185.26|410.79|550.67|287.38|483.62|469.88|545.65|234.85|443.75|398.84|430.67|384.00|172.57|111.46|500.83|398.42|532.69,181.2049,230.1906,79.6486,134.5433,0.1304,0.3913,-35.7555,4
LSTM,50,0,71,23,23,331393,72.26,SEV_batch2_c006|SEV_batch1_c006|SEV_batch2_c019|SEV_batch2_c004|SEV_batch1_c012|SEV_batch3_c008|SEV_batch2_c040|SEV_batch3_c017|SEV_batch1_c044|SEV_batch1_c013|SEV_batch2_c002|SEV_batch1_c030|SEV_batch3_c018|SEV_batch3_c030|SEV_batch1_c021|SEV_batch1_c000|SEV_batch2_c029|SEV_batch3_c040|SEV_batch2_c044|SEV_batch3_c027|SEV_batch2_c036|SEV_batch3_c012|SEV_batch3_c043,256|518|247|245|504|426|361|63|500|500|246|432|591|753|462|701|245|237|246|773|249|463|706,197.01|197.01|197.01|197.01|197.01|197.01|197.01|197.01|197.01|197.01|197.01|197.01|197.01|197.01|197.01|197.01|197.01|197.01|197.01|197.01|197.01|197.01|197.01,237.4222,295.12,54.0956,234.9862,0.2609,0.3478,-225.7688,0
LSTM,50,1,71,23,23,331393,71.16,SEV_batch2_c006|SEV_batch1_c006|SEV_batch2_c019|SEV_batch2_c004|SEV_batch1_c012|SEV_batch3_c008|SEV_batch2_c040|SEV_batch3_c017|SEV_batch1_c044|SEV_batch1_c013|SEV_batch2_c002|SEV_batch1_c030|SEV_batch3_c018|SEV_batch3_c030|SEV_batch1_c021|SEV_batch1_c000|SEV_batch2_c029|SEV_batch3_c040|SEV_batch2_c044|SEV_batch3_c027|SEV_batch2_c036|SEV_batch3_c012|SEV_batch3_c043,256|518|247|245|504|426|361|63|500|500|246|432|591|753|462|701|245|237|246|773|249|463|706,199.81|199.81|199.81|199.81|199.81|199.81|199.81|199.81|199.81|199.81|199.81|199.81|199.81|199.81|199.81|199.81|199.81|199.81|199.81|199.81|199.81|199.81|199.81,234.8676,292.9851,53.5672,232.1883,0.3043,0.3478,-222.9709,0
LSTM,50,2,71,23,23,331393,70.75,SEV_batch2_c006|SEV_batch1_c006|SEV_batch2_c019|SEV_batch2_c004|SEV_batch1_c012|SEV_batch3_c008|SEV_batch2_c040|SEV_batch3_c017|SEV_batch1_c044|SEV_batch1_c013|SEV_batch2_c002|SEV_batch1_c030|SEV_batch3_c018|SEV_batch3_c030|SEV_batch1_c021|SEV_batch1_c000|SEV_batch2_c029|SEV_batch3_c040|SEV_batch2_c044|SEV_batch3_c027|SEV_batch2_c036|SEV_batch3_c012|SEV_batch3_c043,256|518|247|245|504|426|361|63|500|500|246|432|591|753|462|701|245|237|246|773|249|463|706,197.77|197.77|197.77|197.77|197.77|197.77|197.77|197.77|197.77|197.77|197.77|197.77|197.77|197.77|197.77|197.77|197.77|197.77|197.77|197.77|197.77|197.77|197.77,236.7334,294.5433,53.9532,234.2318,0.2609,0.3478,-225.0144,0
LSTM,50,0,71,23,23,331393,73.76,SEV_batch1_c014|SEV_batch1_c017|SEV_batch2_c037|SEV_batch1_c037|SEV_batch1_c027|SEV_batch2_c022|SEV_batch1_c025|SEV_batch3_c039|SEV_batch2_c032|SEV_batch3_c003|SEV_batch1_c036|SEV_batch2_c041|SEV_batch2_c010|SEV_batch1_c011|SEV_batch1_c040|SEV_batch3_c038|SEV_batch2_c035|SEV_batch1_c034|SEV_batch2_c007|SEV_batch3_c006|SEV_batch1_c007|SEV_batch3_c007|SEV_batch2_c033,522|507|245|438|502|245|569|938|360|600|490|249|249|507|485|1681|246|541|530|549|569|389|246,197.01|197.01|197.01|197.01|197.01|197.01|197.01|197.01|197.01|197.01|197.01|197.01|197.01|197.01|197.01|197.01|197.01|197.01|197.01|197.01|197.01|197.01|197.01,309.8123,429.3281,51.7646,304.9862,0.1739,0.2609,-309.8123,1
LSTM,50,1,71,23,23,331393,69.5,SEV_batch1_c014|SEV_batch1_c017|SEV_batch2_c037|SEV_batch1_c037|SEV_batch1_c027|SEV_batch2_c022|SEV_batch1_c025|SEV_batch3_c039|SEV_batch2_c032|SEV_batch3_c003|SEV_batch1_c036|SEV_batch2_c041|SEV_batch2_c010|SEV_batch1_c011|SEV_batch1_c040|SEV_batch3_c038|SEV_batch2_c035|SEV_batch1_c034|SEV_batch2_c007|SEV_batch3_c006|SEV_batch1_c007|SEV_batch3_c007|SEV_batch2_c033,522|507|245|438|502|245|569|938|360|600|490|249|249|507|485|1681|246|541|530|549|569|389|246,199.81|199.81|199.81|199.81|199.81|199.81|199.81|199.81|199.81|199.81|199.81|199.81|199.81|199.81|199.81|199.81|199.81|199.81|199.81|199.81|199.81|199.81|199.81,307.0144,427.3135,51.0795,302.1883,0.2609,0.2609,-307.0144,1
LSTM,50,2,71,23,23,331393,72.6,SEV_batch1_c014|SEV_batch1_c017|SEV_batch2_c037|SEV_batch1_c037|SEV_batch1_c027|SEV_batch2_c022|SEV_batch1_c025|SEV_batch3_c039|SEV_batch2_c032|SEV_batch3_c003|SEV_batch1_c036|SEV_batch2_c041|SEV_batch2_c010|SEV_batch1_c011|SEV_batch1_c040|SEV_batch3_c038|SEV_batch2_c035|SEV_batch1_c034|SEV_batch2_c007|SEV_batch3_c006|SEV_batch1_c007|SEV_batch3_c007|SEV_batch2_c033,522|507|245|438|502|245|569|938|360|600|490|249|249|507|485|1681|246|541|530|549|569|389|246,197.77|197.77|197.77|197.77|197.77|197.77|197.77|197.77|197.77|197.77|197.77|197.77|197.77|197.77|197.77|197.77|197.77|197.77|197.77|197.77|197.77|197.77|197.77,309.0579,428.7841,51.5799,304.2318,0.1739,0.2609,-309.0579,1
LSTM,50,0,71,23,23,331393,72.95,SEV_batch2_c001|SEV_batch1_c043|SEV_batch1_c019|SEV_batch2_c031|SEV_batch1_c042|SEV_batch2_c021|SEV_batch1_c009|SEV_batch2_c005|SEV_batch2_c038|SEV_batch2_c047|SEV_batch1_c031|SEV_batch1_c022|SEV_batch3_c016|SEV_batch3_c021|SEV_batch1_c029|SEV_batch1_c010|SEV_batch3_c019|SEV_batch2_c012|SEV_batch1_c015|SEV_batch3_c034|SEV_batch1_c005|SEV_batch1_c020|SEV_batch2_c000,92|498|507|252|500|250|887|390|251|259|629|793|568|409|505|506|904|252|517|133|906|421|71,197.02|197.02|197.02|197.02|197.02|197.02|197.02|197.02|197.02|197.02|197.02|197.02|197.02|197.02|197.02|197.02|197.02|197.02|197.02|197.02|197.02|197.02|197.02,285.1606,355.585,61.4812,300.9819,0.0,0.2609,-259.5037,2
LSTM,50,1,71,23,23,331393,70.2,SEV_batch2_c001|SEV_batch1_c043|SEV_batch1_c019|SEV_batch2_c031|SEV_batch1_c042|SEV_batch2_c021|SEV_batch1_c009|SEV_batch2_c005|SEV_batch2_c038|SEV_batch2_c047|SEV_batch1_c031|SEV_batch1_c022|SEV_batch3_c016|SEV_batch3_c021|SEV_batch1_c029|SEV_batch1_c010|SEV_batch3_c019|SEV_batch2_c012|SEV_batch1_c015|SEV_batch3_c034|SEV_batch1_c005|SEV_batch1_c020|SEV_batch2_c000,92|498|507|252|500|250|887|390|251|259|629|793|568|409|505|506|904|252|517|133|906|421|71,199.81|199.81|199.81|199.81|199.81|199.81|199.81|199.81|199.81|199.81|199.81|199.81|199.81|199.81|199.81|199.81|199.81|199.81|199.81|199.81|199.81|199.81|199.81,283.0963,353.552,61.305,298.1891,0.0,0.2609,-256.7109,2
LSTM,50,2,71,23,23,331393,71.49,SEV_batch2_c001|SEV_batch1_c043|SEV_batch1_c019|SEV_batch2_c031|SEV_batch1_c042|SEV_batch2_c021|SEV_batch1_c009|SEV_batch2_c005|SEV_batch2_c038|SEV_batch2_c047|SEV_batch1_c031|SEV_batch1_c022|SEV_batch3_c016|SEV_batch3_c021|SEV_batch1_c029|SEV_batch1_c010|SEV_batch3_c019|SEV_batch2_c012|SEV_batch1_c015|SEV_batch3_c034|SEV_batch1_c005|SEV_batch1_c020|SEV_batch2_c000,92|498|507|252|500|250|887|390|251|259|629|793|568|409|505|506|904|252|517|133|906|421|71,197.76|197.76|197.76|197.76|197.76|197.76|197.76|197.76|197.76|197.76|197.76|197.76|197.76|197.76|197.76|197.76|197.76|197.76|197.76|197.76|197.76|197.76|197.76,284.6132,355.0449,61.4345,300.2414,0.0,0.2609,-258.7631,2
LSTM,50,0,71,23,23,331393,72.28,SEV_batch3_c013|SEV_batch1_c008|SEV_batch3_c011|SEV_batch3_c026|SEV_batch3_c042|SEV_batch2_c020|SEV_batch2_c013|SEV_batch3_c000|SEV_batch2_c009|SEV_batch3_c004|SEV_batch2_c028|SEV_batch3_c041|SEV_batch3_c001|SEV_batch3_c014|SEV_batch2_c003|SEV_batch2_c024|SEV_batch2_c011|SEV_batch3_c036|SEV_batch2_c023|SEV_batch2_c043|SEV_batch1_c039|SEV_batch3_c037|SEV_batch2_c025,377|494|145|673|1341|247|244|819|309|441|248|621|585|143|248|247|248|863|246|249|504|598|249,196.97|196.97|196.97|196.97|196.97|196.97|196.97|196.97|196.97|196.97|196.97|196.97|196.97|196.97|196.97|196.97|196.97|196.97|196.97|196.97|196.97|196.97|196.97,253.0655,371.3987,44.6973,112.0266,0.087,0.4783,-243.8527,3
LSTM,50,1,71,23,23,331393,69.85,SEV_batch3_c013|SEV_batch1_c008|SEV_batch3_c011|SEV_batch3_c026|SEV_batch3_c042|SEV_batch2_c020|SEV_batch2_c013|SEV_batch3_c000|SEV_batch2_c009|SEV_batch3_c004|SEV_batch2_c028|SEV_batch3_c041|SEV_batch3_c001|SEV_batch3_c014|SEV_batch2_c003|SEV_batch2_c024|SEV_batch2_c011|SEV_batch3_c036|SEV_batch2_c023|SEV_batch2_c043|SEV_batch1_c039|SEV_batch3_c037|SEV_batch2_c025,377|494|145|673|1341|247|244|819|309|441|248|621|585|143|248|247|248|863|246|249|504|598|249,199.81|199.81|199.81|199.81|199.81|199.81|199.81|199.81|199.81|199.81|199.81|199.81|199.81|199.81|199.81|199.81|199.81|199.81|199.81|199.81|199.81|199.81|199.81,250.7198,369.5405,44.1508,109.1871,0.3913,0.4783,-241.0132,3
LSTM,50,2,71,23,23,331393,74.42,SEV_batch3_c013|SEV_batch1_c008|SEV_batch3_c011|SEV_batch3_c026|SEV_batch3_c042|SEV_batch2_c020|SEV_batch2_c013|SEV_batch3_c000|SEV_batch2_c009|SEV_batch3_c004|SEV_batch2_c028|SEV_batch3_c041|SEV_batch3_c001|SEV_batch3_c014|SEV_batch2_c003|SEV_batch2_c024|SEV_batch2_c011|SEV_batch3_c036|SEV_batch2_c023|SEV_batch2_c043|SEV_batch1_c039|SEV_batch3_c037|SEV_batch2_c025,377|494|145|673|1341|247|244|819|309|441|248|621|585|143|248|247|248|863|246|249|504|598|249,197.82|197.82|197.82|197.82|197.82|197.82|197.82|197.82|197.82|197.82|197.82|197.82|197.82|197.82|197.82|197.82|197.82|197.82|197.82|197.82|197.82|197.82|197.82,252.3695,370.8461,44.5352,111.1841,0.1739,0.4783,-243.0102,3
LSTM,50,0,71,23,23,331393,75.72,SEV_batch2_c030|SEV_batch3_c020|SEV_batch1_c045|SEV_batch1_c035|SEV_batch3_c029|SEV_batch1_c003|SEV_batch2_c018|SEV_batch1_c024|SEV_batch1_c004|SEV_batch1_c026|SEV_batch3_c025|SEV_batch3_c010|SEV_batch3_c031|SEV_batch2_c042|SEV_batch3_c009|SEV_batch3_c005|SEV_batch3_c045|SEV_batch1_c023|SEV_batch2_c026|SEV_batch2_c039|SEV_batch3_c033|SEV_batch1_c016|SEV_batch3_c015,246|660|506|495|734|876|246|208|877|431|391|102|112|245|371|70|636|891|249|246|352|525|519,196.96|196.96|196.96|196.96|196.96|196.96|196.96|196.96|196.96|196.96|196.96|196.96|196.96|196.96|196.96|196.96|196.96|196.96|196.96|196.96|196.96|196.96|196.96,263.9839,341.8553,58.3458,194.037,0.2174,0.3478,-237.2979,4
LSTM,50,1,71,23,23,331393,69.9,SEV_batch2_c030|SEV_batch3_c020|SEV_batch1_c045|SEV_batch1_c035|SEV_batch3_c029|SEV_batch1_c003|SEV_batch2_c018|SEV_batch1_c024|SEV_batch1_c004|SEV_batch1_c026|SEV_batch3_c025|SEV_batch3_c010|SEV_batch3_c031|SEV_batch2_c042|SEV_batch3_c009|SEV_batch3_c005|SEV_batch3_c045|SEV_batch1_c023|SEV_batch2_c026|SEV_batch2_c039|SEV_batch3_c033|SEV_batch1_c016|SEV_batch3_c015,246|660|506|495|734|876|246|208|877|431|391|102|112|245|371|70|636|891|249|246|352|525|519,199.81|199.81|199.81|199.81|199.81|199.81|199.81|199.81|199.81|199.81|199.81|199.81|199.81|199.81|199.81|199.81|199.81|199.81|199.81|199.81|199.81|199.81|199.81,261.8765,339.8824,58.1204,191.1858,0.2609,0.3478,-234.4467,4
LSTM,50,2,71,23,23,331393,74.21,SEV_batch2_c030|SEV_batch3_c020|SEV_batch1_c045|SEV_batch1_c035|SEV_batch3_c029|SEV_batch1_c003|SEV_batch2_c018|SEV_batch1_c024|SEV_batch1_c004|SEV_batch1_c026|SEV_batch3_c025|SEV_batch3_c010|SEV_batch3_c031|SEV_batch2_c042|SEV_batch3_c009|SEV_batch3_c005|SEV_batch3_c045|SEV_batch1_c023|SEV_batch2_c026|SEV_batch2_c039|SEV_batch3_c033|SEV_batch1_c016|SEV_batch3_c015,246|660|506|495|734|876|246|208|877|431|391|102|112|245|371|70|636|891|249|246|352|525|519,197.90|197.90|197.90|197.90|197.90|197.90|197.90|197.90|197.90|197.90|197.90|197.90|197.90|197.90|197.90|197.90|197.90|197.90|197.90|197.90|197.90|197.90|197.90,263.2932,341.2074,58.2719,193.1026,0.2174,0.3478,-236.3635,4
GRU,50,0,71,23,23,248577,66.8,SEV_batch2_c006|SEV_batch1_c006|SEV_batch2_c019|SEV_batch2_c004|SEV_batch1_c012|SEV_batch3_c008|SEV_batch2_c040|SEV_batch3_c017|SEV_batch1_c044|SEV_batch1_c013|SEV_batch2_c002|SEV_batch1_c030|SEV_batch3_c018|SEV_batch3_c030|SEV_batch1_c021|SEV_batch1_c000|SEV_batch2_c029|SEV_batch3_c040|SEV_batch2_c044|SEV_batch3_c027|SEV_batch2_c036|SEV_batch3_c012|SEV_batch3_c043,256|518|247|245|504|426|361|63|500|500|246|432|591|753|462|701|245|237|246|773|249|463|706,199.43|199.43|199.43|199.43|199.43|199.43|199.43|199.43|199.43|199.43|199.43|199.43|199.43|199.43|199.43|199.43|199.43|199.43|199.43|199.43|199.43|199.43|199.43,235.2123,293.2725,53.6385,232.5658,0.3043,0.3478,-223.3484,0
GRU,50,1,71,23,23,248577,68.73,SEV_batch2_c006|SEV_batch1_c006|SEV_batch2_c019|SEV_batch2_c004|SEV_batch1_c012|SEV_batch3_c008|SEV_batch2_c040|SEV_batch3_c017|SEV_batch1_c044|SEV_batch1_c013|SEV_batch2_c002|SEV_batch1_c030|SEV_batch3_c018|SEV_batch3_c030|SEV_batch1_c021|SEV_batch1_c000|SEV_batch2_c029|SEV_batch3_c040|SEV_batch2_c044|SEV_batch3_c027|SEV_batch2_c036|SEV_batch3_c012|SEV_batch3_c043,256|518|247|245|504|426|361|63|500|500|246|432|591|753|462|701|245|237|246|773|249|463|706,198.78|198.78|198.78|198.78|198.78|198.78|198.78|198.78|198.78|198.78|198.78|198.78|198.78|198.78|198.78|198.78|198.78|198.78|198.78|198.78|198.78|198.78|198.78,235.8072,293.7691,53.7616,233.2174,0.2609,0.3478,-224.0,0
GRU,50,2,71,23,23,248577,69.76,SEV_batch2_c006|SEV_batch1_c006|SEV_batch2_c019|SEV_batch2_c004|SEV_batch1_c012|SEV_batch3_c008|SEV_batch2_c040|SEV_batch3_c017|SEV_batch1_c044|SEV_batch1_c013|SEV_batch2_c002|SEV_batch1_c030|SEV_batch3_c018|SEV_batch3_c030|SEV_batch1_c021|SEV_batch1_c000|SEV_batch2_c029|SEV_batch3_c040|SEV_batch2_c044|SEV_batch3_c027|SEV_batch2_c036|SEV_batch3_c012|SEV_batch3_c043,256|518|247|245|504|426|361|63|500|500|246|432|591|753|462|701|245|237|246|773|249|463|706,200.00|200.00|200.00|200.00|200.00|200.00|200.00|200.00|200.00|200.00|200.00|200.00|200.00|200.00|200.00|200.00|200.00|200.00|200.00|200.00|200.00|200.00|200.00,234.6962,292.8423,53.5318,232.0006,0.3043,0.3478,-222.7832,0
GRU,50,0,71,23,23,248577,73.02,SEV_batch1_c014|SEV_batch1_c017|SEV_batch2_c037|SEV_batch1_c037|SEV_batch1_c027|SEV_batch2_c022|SEV_batch1_c025|SEV_batch3_c039|SEV_batch2_c032|SEV_batch3_c003|SEV_batch1_c036|SEV_batch2_c041|SEV_batch2_c010|SEV_batch1_c011|SEV_batch1_c040|SEV_batch3_c038|SEV_batch2_c035|SEV_batch1_c034|SEV_batch2_c007|SEV_batch3_c006|SEV_batch1_c007|SEV_batch3_c007|SEV_batch2_c033,522|507|245|438|502|245|569|938|360|600|490|249|249|507|485|1681|246|541|530|549|569|389|246,199.43|199.43|199.43|199.43|199.43|199.43|199.43|199.43|199.43|199.43|199.43|199.43|199.43|199.43|199.43|199.43|199.43|199.43|199.43|199.43|199.43|199.43|199.43,307.3919,427.5848,51.172,302.5658,0.2609,0.2609,-307.3919,1
GRU,50,1,71,23,23,248577,70.91,SEV_batch1_c014|SEV_batch1_c017|SEV_batch2_c037|SEV_batch1_c037|SEV_batch1_c027|SEV_batch2_c022|SEV_batch1_c025|SEV_batch3_c039|SEV_batch2_c032|SEV_batch3_c003|SEV_batch1_c036|SEV_batch2_c041|SEV_batch2_c010|SEV_batch1_c011|SEV_batch1_c040|SEV_batch3_c038|SEV_batch2_c035|SEV_batch1_c034|SEV_batch2_c007|SEV_batch3_c006|SEV_batch1_c007|SEV_batch3_c007|SEV_batch2_c033,522|507|245|438|502|245|569|938|360|600|490|249|249|507|485|1681|246|541|530|549|569|389|246,198.78|198.78|198.78|198.78|198.78|198.78|198.78|198.78|198.78|198.78|198.78|198.78|198.78|198.78|198.78|198.78|198.78|198.78|198.78|198.78|198.78|198.78|198.78,308.0435,428.0535,51.3315,303.2174,0.1739,0.2609,-308.0435,1
GRU,50,2,71,23,23,248577,71.27,SEV_batch1_c014|SEV_batch1_c017|SEV_batch2_c037|SEV_batch1_c037|SEV_batch1_c027|SEV_batch2_c022|SEV_batch1_c025|SEV_batch3_c039|SEV_batch2_c032|SEV_batch3_c003|SEV_batch1_c036|SEV_batch2_c041|SEV_batch2_c010|SEV_batch1_c011|SEV_batch1_c040|SEV_batch3_c038|SEV_batch2_c035|SEV_batch1_c034|SEV_batch2_c007|SEV_batch3_c006|SEV_batch1_c007|SEV_batch3_c007|SEV_batch2_c033,522|507|245|438|502|245|569|938|360|600|490|249|249|507|485|1681|246|541|530|549|569|389|246,200.00|200.00|200.00|200.00|200.00|200.00|200.00|200.00|200.00|200.00|200.00|200.00|200.00|200.00|200.00|200.00|200.00|200.00|200.00|200.00|200.00|200.00|200.00,306.8267,427.1787,51.0336,302.0006,0.2609,0.2609,-306.8267,1
GRU,50,0,71,23,23,248577,71.47,SEV_batch2_c001|SEV_batch1_c043|SEV_batch1_c019|SEV_batch2_c031|SEV_batch1_c042|SEV_batch2_c021|SEV_batch1_c009|SEV_batch2_c005|SEV_batch2_c038|SEV_batch2_c047|SEV_batch1_c031|SEV_batch1_c022|SEV_batch3_c016|SEV_batch3_c021|SEV_batch1_c029|SEV_batch1_c010|SEV_batch3_c019|SEV_batch2_c012|SEV_batch1_c015|SEV_batch3_c034|SEV_batch1_c005|SEV_batch1_c020|SEV_batch2_c000,92|498|507|252|500|250|887|390|251|259|629|793|568|409|505|506|904|252|517|133|906|421|71,199.44|199.44|199.44|199.44|199.44|199.44|199.44|199.44|199.44|199.44|199.44|199.44|199.44|199.44|199.44|199.44|199.44|199.44|199.44|199.44|199.44|199.44|199.44,283.367,353.8179,61.3281,298.5553,0.0,0.2609,-257.0771,2
GRU,50,1,71,23,23,248577,70.8,SEV_batch2_c001|SEV_batch1_c043|SEV_batch1_c019|SEV_batch2_c031|SEV_batch1_c042|SEV_batch2_c021|SEV_batch1_c009|SEV_batch2_c005|SEV_batch2_c038|SEV_batch2_c047|SEV_batch1_c031|SEV_batch1_c022|SEV_batch3_c016|SEV_batch3_c021|SEV_batch1_c029|SEV_batch1_c010|SEV_batch3_c019|SEV_batch2_c012|SEV_batch1_c015|SEV_batch3_c034|SEV_batch1_c005|SEV_batch1_c020|SEV_batch2_c000,92|498|507|252|500|250|887|390|251|259|629|793|568|409|505|506|904|252|517|133|906|421|71,198.78|198.78|198.78|198.78|198.78|198.78|198.78|198.78|198.78|198.78|198.78|198.78|198.78|198.78|198.78|198.78|198.78|198.78|198.78|198.78|198.78|198.78|198.78,283.8569,354.2998,61.3699,299.2181,0.0,0.2609,-257.7398,2
GRU,50,2,71,23,23,248577,70.26,SEV_batch2_c001|SEV_batch1_c043|SEV_batch1_c019|SEV_batch2_c031|SEV_batch1_c042|SEV_batch2_c021|SEV_batch1_c009|SEV_batch2_c005|SEV_batch2_c038|SEV_batch2_c047|SEV_batch1_c031|SEV_batch1_c022|SEV_batch3_c016|SEV_batch3_c021|SEV_batch1_c029|SEV_batch1_c010|SEV_batch3_c019|SEV_batch2_c012|SEV_batch1_c015|SEV_batch3_c034|SEV_batch1_c005|SEV_batch1_c020|SEV_batch2_c000,92|498|507|252|500|250|887|390|251|259|629|793|568|409|505|506|904|252|517|133|906|421|71,200.00|200.00|200.00|200.00|200.00|200.00|200.00|200.00|200.00|200.00|200.00|200.00|200.00|200.00|200.00|200.00|200.00|200.00|200.00|200.00|200.00|200.00|200.00,282.9568,353.415,61.2931,298.0004,0.0,0.2609,-256.5222,2
GRU,50,0,71,23,23,248577,67.45,SEV_batch3_c013|SEV_batch1_c008|SEV_batch3_c011|SEV_batch3_c026|SEV_batch3_c042|SEV_batch2_c020|SEV_batch2_c013|SEV_batch3_c000|SEV_batch2_c009|SEV_batch3_c004|SEV_batch2_c028|SEV_batch3_c041|SEV_batch3_c001|SEV_batch3_c014|SEV_batch2_c003|SEV_batch2_c024|SEV_batch2_c011|SEV_batch3_c036|SEV_batch2_c023|SEV_batch2_c043|SEV_batch1_c039|SEV_batch3_c037|SEV_batch2_c025,377|494|145|673|1341|247|244|819|309|441|248|621|585|143|248|247|248|863|246|249|504|598|249,199.44|199.44|199.44|199.44|199.44|199.44|199.44|199.44|199.44|199.44|199.44|199.44|199.44|199.44|199.44|199.44|199.44|199.44|199.44|199.44|199.44|199.44|199.44,251.0304,369.7859,44.2232,109.5631,0.3913,0.4783,-241.3892,3
GRU,50,1,71,23,23,248577,73.2,SEV_batch3_c013|SEV_batch1_c008|SEV_batch3_c011|SEV_batch3_c026|SEV_batch3_c042|SEV_batch2_c020|SEV_batch2_c013|SEV_batch3_c000|SEV_batch2_c009|SEV_batch3_c004|SEV_batch2_c028|SEV_batch3_c041|SEV_batch3_c001|SEV_batch3_c014|SEV_batch2_c003|SEV_batch2_c024|SEV_batch2_c011|SEV_batch3_c036|SEV_batch2_c023|SEV_batch2_c043|SEV_batch1_c039|SEV_batch3_c037|SEV_batch2_c025,377|494|145|673|1341|247|244|819|309|441|248|621|585|143|248|247|248|863|246|249|504|598|249,198.78|198.78|198.78|198.78|198.78|198.78|198.78|198.78|198.78|198.78|198.78|198.78|198.78|198.78|198.78|198.78|198.78|198.78|198.78|198.78|198.78|198.78|198.78,251.5704,370.2129,44.349,110.2168,0.3043,0.4783,-242.0429,3
GRU,50,2,71,23,23,248577,72.64,SEV_batch3_c013|SEV_batch1_c008|SEV_batch3_c011|SEV_batch3_c026|SEV_batch3_c042|SEV_batch2_c020|SEV_batch2_c013|SEV_batch3_c000|SEV_batch2_c009|SEV_batch3_c004|SEV_batch2_c028|SEV_batch3_c041|SEV_batch3_c001|SEV_batch3_c014|SEV_batch2_c003|SEV_batch2_c024|SEV_batch2_c011|SEV_batch3_c036|SEV_batch2_c023|SEV_batch2_c043|SEV_batch1_c039|SEV_batch3_c037|SEV_batch2_c025,377|494|145|673|1341|247|244|819|309|441|248|621|585|143|248|247|248|863|246|249|504|598|249,200.00|200.00|200.00|200.00|200.00|200.00|200.00|200.00|200.00|200.00|200.00|200.00|200.00|200.00|200.00|200.00|200.00|200.00|200.00|200.00|200.00|200.00|200.00,250.5657,369.4189,44.1149,109.0006,0.3913,0.4783,-240.8267,3
GRU,50,0,71,23,23,248577,72.17,SEV_batch2_c030|SEV_batch3_c020|SEV_batch1_c045|SEV_batch1_c035|SEV_batch3_c029|SEV_batch1_c003|SEV_batch2_c018|SEV_batch1_c024|SEV_batch1_c004|SEV_batch1_c026|SEV_batch3_c025|SEV_batch3_c010|SEV_batch3_c031|SEV_batch2_c042|SEV_batch3_c009|SEV_batch3_c005|SEV_batch3_c045|SEV_batch1_c023|SEV_batch2_c026|SEV_batch2_c039|SEV_batch3_c033|SEV_batch1_c016|SEV_batch3_c015,246|660|506|495|734|876|246|208|877|431|391|102|112|245|371|70|636|891|249|246|352|525|519,199.45|199.45|199.45|199.45|199.45|199.45|199.45|199.45|199.45|199.45|199.45|199.45|199.45|199.45|199.45|199.45|199.45|199.45|199.45|199.45|199.45|199.45|199.45,262.1431,340.1313,58.1489,191.5466,0.2609,0.3478,-234.8074,4
GRU,50,1,71,23,23,248577,72.33,SEV_batch2_c030|SEV_batch3_c020|SEV_batch1_c045|SEV_batch1_c035|SEV_batch3_c029|SEV_batch1_c003|SEV_batch2_c018|SEV_batch1_c024|SEV_batch1_c004|SEV_batch1_c026|SEV_batch3_c025|SEV_batch3_c010|SEV_batch3_c031|SEV_batch2_c042|SEV_batch3_c009|SEV_batch3_c005|SEV_batch3_c045|SEV_batch1_c023|SEV_batch2_c026|SEV_batch2_c039|SEV_batch3_c033|SEV_batch1_c016|SEV_batch3_c015,246|660|506|495|734|876|246|208|877|431|391|102|112|245|371|70|636|891|249|246|352|525|519,198.78|198.78|198.78|198.78|198.78|198.78|198.78|198.78|198.78|198.78|198.78|198.78|198.78|198.78|198.78|198.78|198.78|198.78|198.78|198.78|198.78|198.78|198.78,262.6374,340.5934,58.2018,192.2153,0.2174,0.3478,-235.4762,4
GRU,50,2,71,23,23,248577,72.51,SEV_batch2_c030|SEV_batch3_c020|SEV_batch1_c045|SEV_batch1_c035|SEV_batch3_c029|SEV_batch1_c003|SEV_batch2_c018|SEV_batch1_c024|SEV_batch1_c004|SEV_batch1_c026|SEV_batch3_c025|SEV_batch3_c010|SEV_batch3_c031|SEV_batch2_c042|SEV_batch3_c009|SEV_batch3_c005|SEV_batch3_c045|SEV_batch1_c023|SEV_batch2_c026|SEV_batch2_c039|SEV_batch3_c033|SEV_batch1_c016|SEV_batch3_c015,246|660|506|495|734|876|246|208|877|431|391|102|112|245|371|70|636|891|249|246|352|525|519,200.00|200.00|200.00|200.00|200.00|200.00|200.00|200.00|200.00|200.00|200.00|200.00|200.00|200.00|200.00|200.00|200.00|200.00|200.00|200.00|200.00|200.00|200.00,261.7386,339.7538,58.1057,190.9993,0.2609,0.3478,-234.2602,4
Transformer,50,0,71,23,23,17185,57.03,SEV_batch2_c006|SEV_batch1_c006|SEV_batch2_c019|SEV_batch2_c004|SEV_batch1_c012|SEV_batch3_c008|SEV_batch2_c040|SEV_batch3_c017|SEV_batch1_c044|SEV_batch1_c013|SEV_batch2_c002|SEV_batch1_c030|SEV_batch3_c018|SEV_batch3_c030|SEV_batch1_c021|SEV_batch1_c000|SEV_batch2_c029|SEV_batch3_c040|SEV_batch2_c044|SEV_batch3_c027|SEV_batch2_c036|SEV_batch3_c012|SEV_batch3_c043,256|518|247|245|504|426|361|63|500|500|246|432|591|753|462|701|245|237|246|773|249|463|706,224.35|224.35|224.35|224.35|224.35|224.35|224.35|224.35|224.35|224.35|224.35|224.35|224.35|224.35|224.35|224.35|224.35|224.35|224.35|224.35|224.35|224.35|224.35,212.4633,274.7723,48.9329,207.6501,0.3478,0.3478,-198.4329,0
Transformer,50,1,71,23,23,17185,58.94,SEV_batch2_c006|SEV_batch1_c006|SEV_batch2_c019|SEV_batch2_c004|SEV_batch1_c012|SEV_batch3_c008|SEV_batch2_c040|SEV_batch3_c017|SEV_batch1_c044|SEV_batch1_c013|SEV_batch2_c002|SEV_batch1_c030|SEV_batch3_c018|SEV_batch3_c030|SEV_batch1_c021|SEV_batch1_c000|SEV_batch2_c029|SEV_batch3_c040|SEV_batch2_c044|SEV_batch3_c027|SEV_batch2_c036|SEV_batch3_c012|SEV_batch3_c043,256|518|247|245|504|426|361|63|500|500|246|432|591|753|462|701|245|237|246|773|249|463|706,226.05|226.05|226.05|226.05|226.05|226.05|226.05|226.05|226.05|226.05|226.05|226.05|226.05|226.05|226.05|226.05|226.05|226.05|226.05|226.05|226.05|226.05|226.05,210.9113,273.5473,48.6118,205.9503,0.3478,0.3478,-196.7331,0
Transformer,50,2,71,23,23,17185,60.56,SEV_batch2_c006|SEV_batch1_c006|SEV_batch2_c019|SEV_batch2_c004|SEV_batch1_c012|SEV_batch3_c008|SEV_batch2_c040|SEV_batch3_c017|SEV_batch1_c044|SEV_batch1_c013|SEV_batch2_c002|SEV_batch1_c030|SEV_batch3_c018|SEV_batch3_c030|SEV_batch1_c021|SEV_batch1_c000|SEV_batch2_c029|SEV_batch3_c040|SEV_batch2_c044|SEV_batch3_c027|SEV_batch2_c036|SEV_batch3_c012|SEV_batch3_c043,256|518|247|245|504|426|361|63|500|500|246|432|591|753|462|701|245|237|246|773|249|463|706,224.20|224.20|224.20|224.20|224.20|224.20|224.20|224.20|224.20|224.20|224.20|224.20|224.20|224.20|224.20|224.20|224.20|224.20|224.20|224.20|224.20|224.20|224.20,212.5959,274.8772,48.9603,207.7953,0.3478,0.3478,-198.5781,0
Transformer,50,0,71,23,23,17185,58.66,SEV_batch1_c014|SEV_batch1_c017|SEV_batch2_c037|SEV_batch1_c037|SEV_batch1_c027|SEV_batch2_c022|SEV_batch1_c025|SEV_batch3_c039|SEV_batch2_c032|SEV_batch3_c003|SEV_batch1_c036|SEV_batch2_c041|SEV_batch2_c010|SEV_batch1_c011|SEV_batch1_c040|SEV_batch3_c038|SEV_batch2_c035|SEV_batch1_c034|SEV_batch2_c007|SEV_batch3_c006|SEV_batch1_c007|SEV_batch3_c007|SEV_batch2_c033,522|507|245|438|502|245|569|938|360|600|490|249|249|507|485|1681|246|541|530|549|569|389|246,224.35|224.35|224.35|224.35|224.35|224.35|224.35|224.35|224.35|224.35|224.35|224.35|224.35|224.35|224.35|224.35|224.35|224.35|224.35|224.35|224.35|224.35|224.35,282.4764,410.0389,45.0718,277.6501,0.2609,0.2609,-282.4764,1
Transformer,50,1,71,23,23,17185,58.61,SEV_batch1_c014|SEV_batch1_c017|SEV_batch2_c037|SEV_batch1_c037|SEV_batch1_c027|SEV_batch2_c022|SEV_batch1_c025|SEV_batch3_c039|SEV_batch2_c032|SEV_batch3_c003|SEV_batch1_c036|SEV_batch2_c041|SEV_batch2_c010|SEV_batch1_c011|SEV_batch1_c040|SEV_batch3_c038|SEV_batch2_c035|SEV_batch1_c034|SEV_batch2_c007|SEV_batch3_c006|SEV_batch1_c007|SEV_batch3_c007|SEV_batch2_c033,522|507|245|438|502|245|569|938|360|600|490|249|249|507|485|1681|246|541|530|549|569|389|246,226.05|226.05|226.05|226.05|226.05|226.05|226.05|226.05|226.05|226.05|226.05|226.05|226.05|226.05|226.05|226.05|226.05|226.05|226.05|226.05|226.05|226.05|226.05,280.7766,408.8698,44.6557,275.9503,0.2609,0.2609,-280.7766,1
Transformer,50,2,71,23,23,17185,50.16,SEV_batch1_c014|SEV_batch1_c017|SEV_batch2_c037|SEV_batch1_c037|SEV_batch1_c027|SEV_batch2_c022|SEV_batch1_c025|SEV_batch3_c039|SEV_batch2_c032|SEV_batch3_c003|SEV_batch1_c036|SEV_batch2_c041|SEV_batch2_c010|SEV_batch1_c011|SEV_batch1_c040|SEV_batch3_c038|SEV_batch2_c035|SEV_batch1_c034|SEV_batch2_c007|SEV_batch3_c006|SEV_batch1_c007|SEV_batch3_c007|SEV_batch2_c033,522|507|245|438|502|245|569|938|360|600|490|249|249|507|485|1681|246|541|530|549|569|389|246,224.20|224.20|224.20|224.20|224.20|224.20|224.20|224.20|224.20|224.20|224.20|224.20|224.20|224.20|224.20|224.20|224.20|224.20|224.20|224.20|224.20|224.20|224.20,282.6216,410.139,45.1074,277.7952,0.2609,0.2609,-282.6216,1
Transformer,50,0,71,23,23,17185,50.99,SEV_batch2_c001|SEV_batch1_c043|SEV_batch1_c019|SEV_batch2_c031|SEV_batch1_c042|SEV_batch2_c021|SEV_batch1_c009|SEV_batch2_c005|SEV_batch2_c038|SEV_batch2_c047|SEV_batch1_c031|SEV_batch1_c022|SEV_batch3_c016|SEV_batch3_c021|SEV_batch1_c029|SEV_batch1_c010|SEV_batch3_c019|SEV_batch2_c012|SEV_batch1_c015|SEV_batch3_c034|SEV_batch1_c005|SEV_batch1_c020|SEV_batch2_c000,92|498|507|252|500|250|887|390|251|259|629|793|568|409|505|506|904|252|517|133|906|421|71,224.35|224.35|224.35|224.35|224.35|224.35|224.35|224.35|224.35|224.35|224.35|224.35|224.35|224.35|224.35|224.35|224.35|224.35|224.35|224.35|224.35|224.35|224.35,264.9584,336.1578,59.7564,273.6496,0.2174,0.2609,-232.1716,2
Transformer,50,1,71,23,23,17185,47.32,SEV_batch2_c001|SEV_batch1_c043|SEV_batch1_c019|SEV_batch2_c031|SEV_batch1_c042|SEV_batch2_c021|SEV_batch1_c009|SEV_batch2_c005|SEV_batch2_c038|SEV_batch2_c047|SEV_batch1_c031|SEV_batch1_c022|SEV_batch3_c016|SEV_batch3_c021|SEV_batch1_c029|SEV_batch1_c010|SEV_batch3_c019|SEV_batch2_c012|SEV_batch1_c015|SEV_batch3_c034|SEV_batch1_c005|SEV_batch1_c020|SEV_batch2_c000,92|498|507|252|500|250|887|390|251|259|629|793|568|409|505|506|904|252|517|133|906|421|71,226.05|226.05|226.05|226.05|226.05|226.05|226.05|226.05|226.05|226.05|226.05|226.05|226.05|226.05|226.05|226.05|226.05|226.05|226.05|226.05|226.05|226.05|226.05,263.7027,334.9867,59.6492,271.9507,0.2174,0.2609,-230.4726,2
Transformer,50,2,71,23,23,17185,47.26,SEV_batch2_c001|SEV_batch1_c043|SEV_batch1_c019|SEV_batch2_c031|SEV_batch1_c042|SEV_batch2_c021|SEV_batch1_c009|SEV_batch2_c005|SEV_batch2_c038|SEV_batch2_c047|SEV_batch1_c031|SEV_batch1_c022|SEV_batch3_c016|SEV_batch3_c021|SEV_batch1_c029|SEV_batch1_c010|SEV_batch3_c019|SEV_batch2_c012|SEV_batch1_c015|SEV_batch3_c034|SEV_batch1_c005|SEV_batch1_c020|SEV_batch2_c000,92|498|507|252|500|250|887|390|251|259|629|793|568|409|505|506|904|252|517|133|906|421|71,224.20|224.21|224.21|224.21|224.21|224.21|224.21|224.21|224.21|224.21|224.21|224.21|224.21|224.20|224.21|224.20|224.21|224.20|224.20|224.21|224.20|224.20|224.20,265.0658,336.2582,59.7656,273.7949,0.2174,0.2609,-232.3169,2
Transformer,50,0,71,23,23,17185,47.24,SEV_batch3_c013|SEV_batch1_c008|SEV_batch3_c011|SEV_batch3_c026|SEV_batch3_c042|SEV_batch2_c020|SEV_batch2_c013|SEV_batch3_c000|SEV_batch2_c009|SEV_batch3_c004|SEV_batch2_c028|SEV_batch3_c041|SEV_batch3_c001|SEV_batch3_c014|SEV_batch2_c003|SEV_batch2_c024|SEV_batch2_c011|SEV_batch3_c036|SEV_batch2_c023|SEV_batch2_c043|SEV_batch1_c039|SEV_batch3_c037|SEV_batch2_c025,377|494|145|673|1341|247|244|819|309|441|248|621|585|143|248|247|248|863|246|249|504|598|249,224.35|224.35|224.35|224.35|224.35|224.35|224.35|224.35|224.35|224.35|224.35|224.35|224.35|224.35|224.35|224.35|224.35|224.35|224.35|224.35|224.35|224.35|224.35,230.4492,354.0258,39.428,84.6489,0.3913,0.5217,-216.475,3
Transformer,50,1,71,23,23,17185,47.92,SEV_batch3_c013|SEV_batch1_c008|SEV_batch3_c011|SEV_batch3_c026|SEV_batch3_c042|SEV_batch2_c020|SEV_batch2_c013|SEV_batch3_c000|SEV_batch2_c009|SEV_batch3_c004|SEV_batch2_c028|SEV_batch3_c041|SEV_batch3_c001|SEV_batch3_c014|SEV_batch2_c003|SEV_batch2_c024|SEV_batch2_c011|SEV_batch3_c036|SEV_batch2_c023|SEV_batch2_c043|SEV_batch1_c039|SEV_batch3_c037|SEV_batch2_c025,377|494|145|673|1341|247|244|819|309|441|248|621|585|143|248|247|248|863|246|249|504|598|249,226.05|226.05|226.05|226.05|226.05|226.05|226.05|226.05|226.05|226.05|226.05|226.05|226.05|226.05|226.05|226.05|226.05|226.05|226.05|226.05|226.05|226.05|226.05,229.0474,352.9908,39.1014,83.048,0.3913,0.5217,-214.7781,3
Transformer,50,2,71,23,23,17185,46.82,SEV_batch3_c013|SEV_batch1_c008|SEV_batch3_c011|SEV_batch3_c026|SEV_batch3_c042|SEV_batch2_c020|SEV_batch2_c013|SEV_batch3_c000|SEV_batch2_c009|SEV_batch3_c004|SEV_batch2_c028|SEV_batch3_c041|SEV_batch3_c001|SEV_batch3_c014|SEV_batch2_c003|SEV_batch2_c024|SEV_batch2_c011|SEV_batch3_c036|SEV_batch2_c023|SEV_batch2_c043|SEV_batch1_c039|SEV_batch3_c037|SEV_batch2_c025,377|494|145|673|1341|247|244|819|309|441|248|621|585|143|248|247|248|863|246|249|504|598|249,224.20|224.20|224.20|224.20|224.20|224.20|224.20|224.20|224.20|224.20|224.20|224.20|224.20|224.20|224.20|224.20|224.20|224.20|224.20|224.20|224.20|224.20|224.20,230.5703,354.1155,39.4562,84.7955,0.3913,0.5217,-216.6217,3
Transformer,50,0,71,23,23,17185,46.74,SEV_batch2_c030|SEV_batch3_c020|SEV_batch1_c045|SEV_batch1_c035|SEV_batch3_c029|SEV_batch1_c003|SEV_batch2_c018|SEV_batch1_c024|SEV_batch1_c004|SEV_batch1_c026|SEV_batch3_c025|SEV_batch3_c010|SEV_batch3_c031|SEV_batch2_c042|SEV_batch3_c009|SEV_batch3_c005|SEV_batch3_c045|SEV_batch1_c023|SEV_batch2_c026|SEV_batch2_c039|SEV_batch3_c033|SEV_batch1_c016|SEV_batch3_c015,246|660|506|495|734|876|246|208|877|431|391|102|112|245|371|70|636|891|249|246|352|525|519,224.35|224.35|224.35|224.35|224.35|224.35|224.35|224.35|224.35|224.35|224.35|224.35|224.35|224.35|224.35|224.35|224.35|224.35|224.35|224.35|224.35|224.35|224.35,245.1614,323.4445,56.8646,166.6474,0.2609,0.2609,-209.9084,4
Transformer,50,1,71,23,23,17185,46.95,SEV_batch2_c030|SEV_batch3_c020|SEV_batch1_c045|SEV_batch1_c035|SEV_batch3_c029|SEV_batch1_c003|SEV_batch2_c018|SEV_batch1_c024|SEV_batch1_c004|SEV_batch1_c026|SEV_batch3_c025|SEV_batch3_c010|SEV_batch3_c031|SEV_batch2_c042|SEV_batch3_c009|SEV_batch3_c005|SEV_batch3_c045|SEV_batch1_c023|SEV_batch2_c026|SEV_batch2_c039|SEV_batch3_c033|SEV_batch1_c016|SEV_batch3_c015,246|660|506|495|734|876|246|208|877|431|391|102|112|245|371|70|636|891|249|246|352|525|519,226.05|226.05|226.05|226.05|226.05|226.05|226.05|226.05|226.05|226.05|226.05|226.05|226.05|226.05|226.05|226.05|226.05|226.05|226.05|226.05|226.05|226.05|226.05,244.0553,322.3463,56.8015,164.9514,0.2609,0.2609,-208.2123,4
Transformer,50,2,71,23,23,17185,46.88,SEV_batch2_c030|SEV_batch3_c020|SEV_batch1_c045|SEV_batch1_c035|SEV_batch3_c029|SEV_batch1_c003|SEV_batch2_c018|SEV_batch1_c024|SEV_batch1_c004|SEV_batch1_c026|SEV_batch3_c025|SEV_batch3_c010|SEV_batch3_c031|SEV_batch2_c042|SEV_batch3_c009|SEV_batch3_c005|SEV_batch3_c045|SEV_batch1_c023|SEV_batch2_c026|SEV_batch2_c039|SEV_batch3_c033|SEV_batch1_c016|SEV_batch3_c015,246|660|506|495|734|876|246|208|877|431|391|102|112|245|371|70|636|891|249|246|352|525|519,224.21|224.21|224.21|224.21|224.21|224.21|224.21|224.21|224.21|224.21|224.21|224.21|224.21|224.21|224.21|224.21|224.21|224.21|224.21|224.21|224.21|224.21|224.21,245.2568,323.5394,56.8701,166.7937,0.2609,0.2609,-210.0546,4
Informer,50,0,71,23,23,17185,52.39,SEV_batch2_c006|SEV_batch1_c006|SEV_batch2_c019|SEV_batch2_c004|SEV_batch1_c012|SEV_batch3_c008|SEV_batch2_c040|SEV_batch3_c017|SEV_batch1_c044|SEV_batch1_c013|SEV_batch2_c002|SEV_batch1_c030|SEV_batch3_c018|SEV_batch3_c030|SEV_batch1_c021|SEV_batch1_c000|SEV_batch2_c029|SEV_batch3_c040|SEV_batch2_c044|SEV_batch3_c027|SEV_batch2_c036|SEV_batch3_c012|SEV_batch3_c043,256|518|247|245|504|426|361|63|500|500|246|432|591|753|462|701|245|237|246|773|249|463|706,224.96|224.96|224.96|224.96|224.96|224.96|224.96|224.96|224.96|224.96|224.96|224.96|224.96|224.96|224.96|224.96|224.96|224.96|224.96|224.96|224.96|224.96|224.96,211.9059,274.3318,48.8176,207.0398,0.3478,0.3478,-197.8224,0
Informer,50,1,71,23,23,17185,52.32,SEV_batch2_c006|SEV_batch1_c006|SEV_batch2_c019|SEV_batch2_c004|SEV_batch1_c012|SEV_batch3_c008|SEV_batch2_c040|SEV_batch3_c017|SEV_batch1_c044|SEV_batch1_c013|SEV_batch2_c002|SEV_batch1_c030|SEV_batch3_c018|SEV_batch3_c030|SEV_batch1_c021|SEV_batch1_c000|SEV_batch2_c029|SEV_batch3_c040|SEV_batch2_c044|SEV_batch3_c027|SEV_batch2_c036|SEV_batch3_c012|SEV_batch3_c043,256|518|247|245|504|426|361|63|500|500|246|432|591|753|462|701|245|237|246|773|249|463|706,227.29|227.29|227.29|227.29|227.29|227.29|227.29|227.29|227.29|227.29|227.29|227.29|227.29|227.29|227.29|227.29|227.29|227.29|227.29|227.29|227.29|227.29|227.29,209.7767,272.655,48.3771,204.7078,0.3478,0.3478,-195.4904,0
Informer,50,2,71,23,23,17185,52.18,SEV_batch2_c006|SEV_batch1_c006|SEV_batch2_c019|SEV_batch2_c004|SEV_batch1_c012|SEV_batch3_c008|SEV_batch2_c040|SEV_batch3_c017|SEV_batch1_c044|SEV_batch1_c013|SEV_batch2_c002|SEV_batch1_c030|SEV_batch3_c018|SEV_batch3_c030|SEV_batch1_c021|SEV_batch1_c000|SEV_batch2_c029|SEV_batch3_c040|SEV_batch2_c044|SEV_batch3_c027|SEV_batch2_c036|SEV_batch3_c012|SEV_batch3_c043,256|518|247|245|504|426|361|63|500|500|246|432|591|753|462|701|245|237|246|773|249|463|706,226.14|226.14|226.14|226.14|226.14|226.14|226.14|226.14|226.14|226.14|226.14|226.14|226.14|226.14|226.14|226.14|226.14|226.14|226.14|226.14|226.14|226.14|226.14,210.8264,273.4805,48.5943,205.8575,0.3478,0.3478,-196.6401,0
Informer,50,0,71,23,23,17185,52.68,SEV_batch1_c014|SEV_batch1_c017|SEV_batch2_c037|SEV_batch1_c037|SEV_batch1_c027|SEV_batch2_c022|SEV_batch1_c025|SEV_batch3_c039|SEV_batch2_c032|SEV_batch3_c003|SEV_batch1_c036|SEV_batch2_c041|SEV_batch2_c010|SEV_batch1_c011|SEV_batch1_c040|SEV_batch3_c038|SEV_batch2_c035|SEV_batch1_c034|SEV_batch2_c007|SEV_batch3_c006|SEV_batch1_c007|SEV_batch3_c007|SEV_batch2_c033,522|507|245|438|502|245|569|938|360|600|490|249|249|507|485|1681|246|541|530|549|569|389|246,224.96|224.96|224.96|224.96|224.96|224.96|224.96|224.96|224.96|224.96|224.96|224.96|224.96|224.96|224.96|224.96|224.96|224.96|224.96|224.96|224.96|224.96|224.96,281.8659,409.6186,44.9224,277.0398,0.2609,0.2609,-281.8659,1
Informer,50,1,71,23,23,17185,52.46,SEV_batch1_c014|SEV_batch1_c017|SEV_batch2_c037|SEV_batch1_c037|SEV_batch1_c027|SEV_batch2_c022|SEV_batch1_c025|SEV_batch3_c039|SEV_batch2_c032|SEV_batch3_c003|SEV_batch1_c036|SEV_batch2_c041|SEV_batch2_c010|SEV_batch1_c011|SEV_batch1_c040|SEV_batch3_c038|SEV_batch2_c035|SEV_batch1_c034|SEV_batch2_c007|SEV_batch3_c006|SEV_batch1_c007|SEV_batch3_c007|SEV_batch2_c033,522|507|245|438|502|245|569|938|360|600|490|249|249|507|485|1681|246|541|530|549|569|389|246,227.29|227.29|227.29|227.29|227.29|227.29|227.29|227.29|227.29|227.29|227.29|227.29|227.29|227.29|227.29|227.29|227.29|227.29|227.29|227.29|227.29|227.29|227.29,279.5339,408.0174,44.3514,274.7078,0.2609,0.2609,-279.5339,1
Informer,50,2,71,23,23,17185,53.33,SEV_batch1_c014|SEV_batch1_c017|SEV_batch2_c037|SEV_batch1_c037|SEV_batch1_c027|SEV_batch2_c022|SEV_batch1_c025|SEV_batch3_c039|SEV_batch2_c032|SEV_batch3_c003|SEV_batch1_c036|SEV_batch2_c041|SEV_batch2_c010|SEV_batch1_c011|SEV_batch1_c040|SEV_batch3_c038|SEV_batch2_c035|SEV_batch1_c034|SEV_batch2_c007|SEV_batch3_c006|SEV_batch1_c007|SEV_batch3_c007|SEV_batch2_c033,522|507|245|438|502|245|569|938|360|600|490|249|249|507|485|1681|246|541|530|549|569|389|246,226.14|226.14|226.14|226.14|226.14|226.14|226.14|226.14|226.14|226.14|226.14|226.14|226.14|226.14|226.14|226.14|226.14|226.14|226.14|226.14|226.14|226.14|226.14,280.6836,408.8059,44.6329,275.8575,0.2609,0.2609,-280.6836,1
Informer,50,0,71,23,23,17185,54.4,SEV_batch2_c001|SEV_batch1_c043|SEV_batch1_c019|SEV_batch2_c031|SEV_batch1_c042|SEV_batch2_c021|SEV_batch1_c009|SEV_batch2_c005|SEV_batch2_c038|SEV_batch2_c047|SEV_batch1_c031|SEV_batch1_c022|SEV_batch3_c016|SEV_batch3_c021|SEV_batch1_c029|SEV_batch1_c010|SEV_batch3_c019|SEV_batch2_c012|SEV_batch1_c015|SEV_batch3_c034|SEV_batch1_c005|SEV_batch1_c020|SEV_batch2_c000,92|498|507|252|500|250|887|390|251|259|629|793|568|409|505|506|904|252|517|133|906|421|71,224.96|224.96|224.96|224.96|224.96|224.96|224.96|224.96|224.96|224.96|224.96|224.96|224.96|224.96|224.96|224.96|224.96|224.96|224.96|224.96|224.96|224.96|224.96,264.5079,335.7371,59.7181,273.0401,0.2174,0.2609,-231.5619,2
Informer,50,1,71,23,23,17185,59.53,SEV_batch2_c001|SEV_batch1_c043|SEV_batch1_c019|SEV_batch2_c031|SEV_batch1_c042|SEV_batch2_c021|SEV_batch1_c009|SEV_batch2_c005|SEV_batch2_c038|SEV_batch2_c047|SEV_batch1_c031|SEV_batch1_c022|SEV_batch3_c016|SEV_batch3_c021|SEV_batch1_c029|SEV_batch1_c010|SEV_batch3_c019|SEV_batch2_c012|SEV_batch1_c015|SEV_batch3_c034|SEV_batch1_c005|SEV_batch1_c020|SEV_batch2_c000,92|498|507|252|500|250|887|390|251|259|629|793|568|409|505|506|904|252|517|133|906|421|71,227.29|227.29|227.29|227.29|227.29|227.29|227.29|227.29|227.29|227.29|227.29|227.29|227.29|227.29|227.29|227.29|227.29|227.29|227.29|227.29|227.29|227.29|227.29,262.7843,334.133,59.5709,270.7081,0.2174,0.2609,-229.2299,2
Informer,50,2,71,23,23,17185,61.23,SEV_batch2_c001|SEV_batch1_c043|SEV_batch1_c019|SEV_batch2_c031|SEV_batch1_c042|SEV_batch2_c021|SEV_batch1_c009|SEV_batch2_c005|SEV_batch2_c038|SEV_batch2_c047|SEV_batch1_c031|SEV_batch1_c022|SEV_batch3_c016|SEV_batch3_c021|SEV_batch1_c029|SEV_batch1_c010|SEV_batch3_c019|SEV_batch2_c012|SEV_batch1_c015|SEV_batch3_c034|SEV_batch1_c005|SEV_batch1_c020|SEV_batch2_c000,92|498|507|252|500|250|887|390|251|259|629|793|568|409|505|506|904|252|517|133|906|421|71,226.14|226.14|226.14|226.14|226.14|226.14|226.14|226.14|226.14|226.14|226.14|226.14|226.14|226.14|226.14|226.14|226.14|226.14|226.14|226.14|226.14|226.14|226.14,263.6341,334.9228,59.6435,271.858,0.2174,0.2609,-230.3797,2
Informer,50,0,71,23,23,17185,69.05,SEV_batch3_c013|SEV_batch1_c008|SEV_batch3_c011|SEV_batch3_c026|SEV_batch3_c042|SEV_batch2_c020|SEV_batch2_c013|SEV_batch3_c000|SEV_batch2_c009|SEV_batch3_c004|SEV_batch2_c028|SEV_batch3_c041|SEV_batch3_c001|SEV_batch3_c014|SEV_batch2_c003|SEV_batch2_c024|SEV_batch2_c011|SEV_batch3_c036|SEV_batch2_c023|SEV_batch2_c043|SEV_batch1_c039|SEV_batch3_c037|SEV_batch2_c025,377|494|145|673|1341|247|244|819|309|441|248|621|585|143|248|247|248|863|246|249|504|598|249,224.96|224.96|224.96|224.96|224.96|224.96|224.96|224.96|224.96|224.96|224.96|224.96|224.96|224.96|224.96|224.96|224.96|224.96|224.96|224.96|224.96|224.96|224.96,229.947,353.6545,39.311,84.0412,0.3913,0.5217,-215.8672,3
Informer,50,1,71,23,23,17185,73.0,SEV_batch3_c013|SEV_batch1_c008|SEV_batch3_c011|SEV_batch3_c026|SEV_batch3_c042|SEV_batch2_c020|SEV_batch2_c013|SEV_batch3_c000|SEV_batch2_c009|SEV_batch3_c004|SEV_batch2_c028|SEV_batch3_c041|SEV_batch3_c001|SEV_batch3_c014|SEV_batch2_c003|SEV_batch2_c024|SEV_batch2_c011|SEV_batch3_c036|SEV_batch2_c023|SEV_batch2_c043|SEV_batch1_c039|SEV_batch3_c037|SEV_batch2_c025,377|494|145|673|1341|247|244|819|309|441|248|621|585|143|248|247|248|863|246|249|504|598|249,227.30|227.30|227.30|227.30|227.30|227.30|227.30|227.30|227.30|227.30|227.30|227.30|227.30|227.30|227.30|227.30|227.30|227.30|227.30|227.30|227.30|227.30|227.30,228.017,352.2333,38.8613,84.2952,0.3913,0.5217,-213.5309,3
Informer,50,2,71,23,23,17185,72.35,SEV_batch3_c013|SEV_batch1_c008|SEV_batch3_c011|SEV_batch3_c026|SEV_batch3_c042|SEV_batch2_c020|SEV_batch2_c013|SEV_batch3_c000|SEV_batch2_c009|SEV_batch3_c004|SEV_batch2_c028|SEV_batch3_c041|SEV_batch3_c001|SEV_batch3_c014|SEV_batch2_c003|SEV_batch2_c024|SEV_batch2_c011|SEV_batch3_c036|SEV_batch2_c023|SEV_batch2_c043|SEV_batch1_c039|SEV_batch3_c037|SEV_batch2_c025,377|494|145|673|1341|247|244|819|309|441|248|621|585|143|248|247|248|863|246|249|504|598|249,226.14|226.14|226.14|226.14|226.14|226.14|226.14|226.14|226.14|226.14|226.14|226.14|226.14|226.14|226.14|226.14|226.14|226.14|226.14|226.14|226.14|226.14|226.14,228.9703,352.934,39.0834,83.1412,0.3913,0.5217,-214.6849,3
Informer,50,0,71,23,23,17185,67.02,SEV_batch2_c030|SEV_batch3_c020|SEV_batch1_c045|SEV_batch1_c035|SEV_batch3_c029|SEV_batch1_c003|SEV_batch2_c018|SEV_batch1_c024|SEV_batch1_c004|SEV_batch1_c026|SEV_batch3_c025|SEV_batch3_c010|SEV_batch3_c031|SEV_batch2_c042|SEV_batch3_c009|SEV_batch3_c005|SEV_batch3_c045|SEV_batch1_c023|SEV_batch2_c026|SEV_batch2_c039|SEV_batch3_c033|SEV_batch1_c016|SEV_batch3_c015,246|660|506|495|734|876|246|208|877|431|391|102|112|245|371|70|636|891|249|246|352|525|519,224.96|224.96|224.96|224.96|224.96|224.96|224.96|224.96|224.96|224.96|224.96|224.96|224.96|224.96|224.96|224.96|224.96|224.96|224.96|224.96|224.96|224.96|224.96,244.7661,323.0514,56.8421,166.0414,0.2609,0.2609,-209.3022,4
Informer,50,1,71,23,23,17185,66.2,SEV_batch2_c030|SEV_batch3_c020|SEV_batch1_c045|SEV_batch1_c035|SEV_batch3_c029|SEV_batch1_c003|SEV_batch2_c018|SEV_batch1_c024|SEV_batch1_c004|SEV_batch1_c026|SEV_batch3_c025|SEV_batch3_c010|SEV_batch3_c031|SEV_batch2_c042|SEV_batch3_c009|SEV_batch3_c005|SEV_batch3_c045|SEV_batch1_c023|SEV_batch2_c026|SEV_batch2_c039|SEV_batch3_c033|SEV_batch1_c016|SEV_batch3_c015,246|660|506|495|734|876|246|208|877|431|391|102|112|245|371|70|636|891|249|246|352|525|519,227.30|227.30|227.30|227.30|227.30|227.30|227.30|227.30|227.30|227.30|227.30|227.30|227.30|227.30|227.30|227.30|227.30|227.30|227.30|227.30|227.30|227.30|227.30,243.2405,321.5408,56.755,163.7021,0.2609,0.2609,-206.963,4
Informer,50,2,71,23,23,17185,65.91,SEV_batch2_c030|SEV_batch3_c020|SEV_batch1_c045|SEV_batch1_c035|SEV_batch3_c029|SEV_batch1_c003|SEV_batch2_c018|SEV_batch1_c024|SEV_batch1_c004|SEV_batch1_c026|SEV_batch3_c025|SEV_batch3_c010|SEV_batch3_c031|SEV_batch2_c042|SEV_batch3_c009|SEV_batch3_c005|SEV_batch3_c045|SEV_batch1_c023|SEV_batch2_c026|SEV_batch2_c039|SEV_batch3_c033|SEV_batch1_c016|SEV_batch3_c015,246|660|506|495|734|876|246|208|877|431|391|102|112|245|371|70|636|891|249|246|352|525|519,226.14|226.14|226.14|226.14|226.14|226.14|226.14|226.14|226.14|226.14|226.14|226.14|226.14|226.14|226.14|226.14|226.14|226.14|226.14|226.14|226.14|226.14|226.14,243.9951,322.2867,56.798,164.8591,0.2609,0.2609,-208.12,4
PatchTST,50,0,71,23,23,17473,56.45,SEV_batch2_c006|SEV_batch1_c006|SEV_batch2_c019|SEV_batch2_c004|SEV_batch1_c012|SEV_batch3_c008|SEV_batch2_c040|SEV_batch3_c017|SEV_batch1_c044|SEV_batch1_c013|SEV_batch2_c002|SEV_batch1_c030|SEV_batch3_c018|SEV_batch3_c030|SEV_batch1_c021|SEV_batch1_c000|SEV_batch2_c029|SEV_batch3_c040|SEV_batch2_c044|SEV_batch3_c027|SEV_batch2_c036|SEV_batch3_c012|SEV_batch3_c043,256|518|247|245|504|426|361|63|500|500|246|432|591|753|462|701|245|237|246|773|249|463|706,226.89|226.89|226.88|226.89|226.89|226.89|226.89|226.88|226.89|226.89|226.89|226.89|226.89|226.89|226.89|226.88|226.89|226.89|226.89|226.89|226.89|226.89|226.89,210.1459,272.945,48.4531,205.1121,0.3478,0.3478,-195.8954,0
PatchTST,50,1,71,23,23,17473,56.41,SEV_batch2_c006|SEV_batch1_c006|SEV_batch2_c019|SEV_batch2_c004|SEV_batch1_c012|SEV_batch3_c008|SEV_batch2_c040|SEV_batch3_c017|SEV_batch1_c044|SEV_batch1_c013|SEV_batch2_c002|SEV_batch1_c030|SEV_batch3_c018|SEV_batch3_c030|SEV_batch1_c021|SEV_batch1_c000|SEV_batch2_c029|SEV_batch3_c040|SEV_batch2_c044|SEV_batch3_c027|SEV_batch2_c036|SEV_batch3_c012|SEV_batch3_c043,256|518|247|245|504|426|361|63|500|500|246|432|591|753|462|701|245|237|246|773|249|463|706,225.99|225.99|225.99|225.99|225.99|225.99|225.99|225.98|225.99|225.99|225.99|225.99|225.99|225.99|225.99|225.98|225.99|225.99|225.99|225.99|225.99|225.99|225.99,210.9654,273.5902,48.6223,206.0102,0.3478,0.3478,-196.7935,0
PatchTST,50,2,71,23,23,17473,56.35,SEV_batch2_c006|SEV_batch1_c006|SEV_batch2_c019|SEV_batch2_c004|SEV_batch1_c012|SEV_batch3_c008|SEV_batch2_c040|SEV_batch3_c017|SEV_batch1_c044|SEV_batch1_c013|SEV_batch2_c002|SEV_batch1_c030|SEV_batch3_c018|SEV_batch3_c030|SEV_batch1_c021|SEV_batch1_c000|SEV_batch2_c029|SEV_batch3_c040|SEV_batch2_c044|SEV_batch3_c027|SEV_batch2_c036|SEV_batch3_c012|SEV_batch3_c043,256|518|247|245|504|426|361|63|500|500|246|432|591|753|462|701|245|237|246|773|249|463|706,227.28|227.29|227.27|227.28|227.29|227.29|227.29|227.27|227.29|227.29|227.29|227.28|227.29|227.29|227.28|227.27|227.29|227.29|227.29|227.29|227.29|227.28|227.29,209.7832,272.6604,48.3775,204.7167,0.3478,0.3478,-195.4991,0
PatchTST,50,0,71,23,23,17473,56.38,SEV_batch1_c014|SEV_batch1_c017|SEV_batch2_c037|SEV_batch1_c037|SEV_batch1_c027|SEV_batch2_c022|SEV_batch1_c025|SEV_batch3_c039|SEV_batch2_c032|SEV_batch3_c003|SEV_batch1_c036|SEV_batch2_c041|SEV_batch2_c010|SEV_batch1_c011|SEV_batch1_c040|SEV_batch3_c038|SEV_batch2_c035|SEV_batch1_c034|SEV_batch2_c007|SEV_batch3_c006|SEV_batch1_c007|SEV_batch3_c007|SEV_batch2_c033,522|507|245|438|502|245|569|938|360|600|490|249|249|507|485|1681|246|541|530|549|569|389|246,226.89|226.89|226.89|226.89|226.89|226.89|226.89|226.89|226.89|226.89|226.89|226.89|226.89|226.89|226.89|226.89|226.89|226.89|226.88|226.88|226.88|226.88|226.89,279.9394,408.2953,44.4506,275.1125,0.2609,0.2609,-279.9394,1
PatchTST,50,1,71,23,23,17473,56.88,SEV_batch1_c014|SEV_batch1_c017|SEV_batch2_c037|SEV_batch1_c037|SEV_batch1_c027|SEV_batch2_c022|SEV_batch1_c025|SEV_batch3_c039|SEV_batch2_c032|SEV_batch3_c003|SEV_batch1_c036|SEV_batch2_c041|SEV_batch2_c010|SEV_batch1_c011|SEV_batch1_c040|SEV_batch3_c038|SEV_batch2_c035|SEV_batch1_c034|SEV_batch2_c007|SEV_batch3_c006|SEV_batch1_c007|SEV_batch3_c007|SEV_batch2_c033,522|507|245|438|502|245|569|938|360|600|490|249|249|507|485|1681|246|541|530|549|569|389|246,225.99|225.99|225.99|225.99|225.99|225.99|225.99|225.99|225.99|225.99|225.99|225.99|225.99|225.99|225.99|225.99|225.99|225.99|225.98|225.98|225.98|225.98|225.99,280.8378,408.9118,44.6706,276.0112,0.2609,0.2609,-280.8378,1
PatchTST,50,2,71,23,23,17473,59.09,SEV_batch1_c014|SEV_batch1_c017|SEV_batch2_c037|SEV_batch1_c037|SEV_batch1_c027|SEV_batch2_c022|SEV_batch1_c025|SEV_batch3_c039|SEV_batch2_c032|SEV_batch3_c003|SEV_batch1_c036|SEV_batch2_c041|SEV_batch2_c010|SEV_batch1_c011|SEV_batch1_c040|SEV_batch3_c038|SEV_batch2_c035|SEV_batch1_c034|SEV_batch2_c007|SEV_batch3_c006|SEV_batch1_c007|SEV_batch3_c007|SEV_batch2_c033,522|507|245|438|502|245|569|938|360|600|490|249|249|507|485|1681|246|541|530|549|569|389|246,227.29|227.29|227.29|227.28|227.28|227.29|227.28|227.29|227.28|227.28|227.28|227.29|227.29|227.29|227.29|227.29|227.29|227.28|227.26|227.28|227.28|227.28|227.29,279.5432,408.0238,44.3536,274.716,0.2609,0.2609,-279.5432,1
PatchTST,50,0,71,23,23,17473,51.04,SEV_batch2_c001|SEV_batch1_c043|SEV_batch1_c019|SEV_batch2_c031|SEV_batch1_c042|SEV_batch2_c021|SEV_batch1_c009|SEV_batch2_c005|SEV_batch2_c038|SEV_batch2_c047|SEV_batch1_c031|SEV_batch1_c022|SEV_batch3_c016|SEV_batch3_c021|SEV_batch1_c029|SEV_batch1_c010|SEV_batch3_c019|SEV_batch2_c012|SEV_batch1_c015|SEV_batch3_c034|SEV_batch1_c005|SEV_batch1_c020|SEV_batch2_c000,92|498|507|252|500|250|887|390|251|259|629|793|568|409|505|506|904|252|517|133|906|421|71,226.88|226.89|226.89|226.89|226.89|226.89|226.89|226.89|226.89|226.89|226.89|226.89|226.89|226.88|226.89|226.89|226.89|226.89|226.89|226.89|226.89|226.88|226.88,263.0835,334.411,59.5962,271.113,0.2174,0.2609,-229.6353,2
PatchTST,50,1,71,23,23,17473,50.84,SEV_batch2_c001|SEV_batch1_c043|SEV_batch1_c019|SEV_batch2_c031|SEV_batch1_c042|SEV_batch2_c021|SEV_batch1_c009|SEV_batch2_c005|SEV_batch2_c038|SEV_batch2_c047|SEV_batch1_c031|SEV_batch1_c022|SEV_batch3_c016|SEV_batch3_c021|SEV_batch1_c029|SEV_batch1_c010|SEV_batch3_c019|SEV_batch2_c012|SEV_batch1_c015|SEV_batch3_c034|SEV_batch1_c005|SEV_batch1_c020|SEV_batch2_c000,92|498|507|252|500|250|887|390|251|259|629|793|568|409|505|506|904|252|517|133|906|421|71,225.99|225.99|225.99|225.99|225.99|225.99|225.99|225.99|225.99|225.99|225.99|225.99|225.99|225.99|225.99|225.99|225.99|225.99|225.99|225.99|225.99|225.99|225.99,263.7477,335.0286,59.6529,272.0111,0.2174,0.2609,-230.5337,2
PatchTST,50,2,71,23,23,17473,47.03,SEV_batch2_c001|SEV_batch1_c043|SEV_batch1_c019|SEV_batch2_c031|SEV_batch1_c042|SEV_batch2_c021|SEV_batch1_c009|SEV_batch2_c005|SEV_batch2_c038|SEV_batch2_c047|SEV_batch1_c031|SEV_batch1_c022|SEV_batch3_c016|SEV_batch3_c021|SEV_batch1_c029|SEV_batch1_c010|SEV_batch3_c019|SEV_batch2_c012|SEV_batch1_c015|SEV_batch3_c034|SEV_batch1_c005|SEV_batch1_c020|SEV_batch2_c000,92|498|507|252|500|250|887|390|251|259|629|793|568|409|505|506|904|252|517|133|906|421|71,227.28|227.29|227.29|227.29|227.29|227.29|227.29|227.29|227.29|227.29|227.28|227.29|227.28|227.28|227.29|227.28|227.29|227.28|227.29|227.29|227.29|227.28|227.28,262.7889,334.1373,59.5708,270.7139,0.2174,0.2609,-229.237,2
PatchTST,50,0,71,23,23,17473,46.14,SEV_batch3_c013|SEV_batch1_c008|SEV_batch3_c011|SEV_batch3_c026|SEV_batch3_c042|SEV_batch2_c020|SEV_batch2_c013|SEV_batch3_c000|SEV_batch2_c009|SEV_batch3_c004|SEV_batch2_c028|SEV_batch3_c041|SEV_batch3_c001|SEV_batch3_c014|SEV_batch2_c003|SEV_batch2_c024|SEV_batch2_c011|SEV_batch3_c036|SEV_batch2_c023|SEV_batch2_c043|SEV_batch1_c039|SEV_batch3_c037|SEV_batch2_c025,377|494|145|673|1341|247|244|819|309|441|248|621|585|143|248|247|248|863|246|249|504|598|249,226.89|226.89|226.88|226.89|226.89|226.89|226.88|226.88|226.88|226.89|226.88|226.89|226.89|226.88|226.88|226.88|226.88|226.88|226.88|226.89|226.89|226.88|226.89,228.3563,352.4824,38.9404,83.8848,0.3913,0.5217,-213.9416,3
PatchTST,50,1,71,23,23,17473,46.12,SEV_batch3_c013|SEV_batch1_c008|SEV_batch3_c011|SEV_batch3_c026|SEV_batch3_c042|SEV_batch2_c020|SEV_batch2_c013|SEV_batch3_c000|SEV_batch2_c009|SEV_batch3_c004|SEV_batch2_c028|SEV_batch3_c041|SEV_batch3_c001|SEV_batch3_c014|SEV_batch2_c003|SEV_batch2_c024|SEV_batch2_c011|SEV_batch3_c036|SEV_batch2_c023|SEV_batch2_c043|SEV_batch1_c039|SEV_batch3_c037|SEV_batch2_c025,377|494|145|673|1341|247|244|819|309|441|248|621|585|143|248|247|248|863|246|249|504|598|249,225.99|225.99|225.98|225.99|225.99|225.99|225.99|225.99|225.99|225.99|225.99|225.99|225.99|225.99|225.98|225.99|225.99|225.99|225.99|225.99|225.99|225.97|225.99,229.0995,353.0293,39.1135,83.0149,0.3913,0.5217,-214.8412,3
PatchTST,50,2,71,23,23,17473,46.34,SEV_batch3_c013|SEV_batch1_c008|SEV_batch3_c011|SEV_batch3_c026|SEV_batch3_c042|SEV_batch2_c020|SEV_batch2_c013|SEV_batch3_c000|SEV_batch2_c009|SEV_batch3_c004|SEV_batch2_c028|SEV_batch3_c041|SEV_batch3_c001|SEV_batch3_c014|SEV_batch2_c003|SEV_batch2_c024|SEV_batch2_c011|SEV_batch3_c036|SEV_batch2_c023|SEV_batch2_c043|SEV_batch1_c039|SEV_batch3_c037|SEV_batch2_c025,377|494|145|673|1341|247|244|819|309|441|248|621|585|143|248|247|248|863|246|249|504|598|249,227.29|227.29|227.28|227.28|227.29|227.28|227.28|227.28|227.28|227.28|227.28|227.29|227.28|227.28|227.28|227.28|227.28|227.28|227.28|227.28|227.29|227.26|227.28,228.0269,352.2406,38.8636,84.2838,0.3913,0.5217,-213.5429,3
PatchTST,50,0,71,23,23,17473,46.99,SEV_batch2_c030|SEV_batch3_c020|SEV_batch1_c045|SEV_batch1_c035|SEV_batch3_c029|SEV_batch1_c003|SEV_batch2_c018|SEV_batch1_c024|SEV_batch1_c004|SEV_batch1_c026|SEV_batch3_c025|SEV_batch3_c010|SEV_batch3_c031|SEV_batch2_c042|SEV_batch3_c009|SEV_batch3_c005|SEV_batch3_c045|SEV_batch1_c023|SEV_batch2_c026|SEV_batch2_c039|SEV_batch3_c033|SEV_batch1_c016|SEV_batch3_c015,246|660|506|495|734|876|246|208|877|431|391|102|112|245|371|70|636|891|249|246|352|525|519,226.89|226.89|226.89|226.89|226.89|226.89|226.89|226.89|226.89|226.89|226.89|226.89|226.89|226.89|226.89|226.89|226.89|226.89|226.89|226.89|226.89|226.89|226.89,243.5081,321.805,56.7703,164.112,0.2609,0.2609,-207.3732,4
PatchTST,50,1,71,23,23,17473,46.93,SEV_batch2_c030|SEV_batch3_c020|SEV_batch1_c045|SEV_batch1_c035|SEV_batch3_c029|SEV_batch1_c003|SEV_batch2_c018|SEV_batch1_c024|SEV_batch1_c004|SEV_batch1_c026|SEV_batch3_c025|SEV_batch3_c010|SEV_batch3_c031|SEV_batch2_c042|SEV_batch3_c009|SEV_batch3_c005|SEV_batch3_c045|SEV_batch1_c023|SEV_batch2_c026|SEV_batch2_c039|SEV_batch3_c033|SEV_batch1_c016|SEV_batch3_c015,246|660|506|495|734|876|246|208|877|431|391|102|112|245|371|70|636|891|249|246|352|525|519,225.99|225.99|225.99|225.99|225.99|225.99|225.99|225.99|225.99|225.98|225.99|225.99|225.99|225.99|225.99|225.99|225.98|225.99|225.99|225.99|225.99|225.99|225.98,244.0961,322.3869,56.8038,165.0133,0.2609,0.2609,-208.2749,4
PatchTST,50,2,71,23,23,17473,49.88,SEV_batch2_c030|SEV_batch3_c020|SEV_batch1_c045|SEV_batch1_c035|SEV_batch3_c029|SEV_batch1_c003|SEV_batch2_c018|SEV_batch1_c024|SEV_batch1_c004|SEV_batch1_c026|SEV_batch3_c025|SEV_batch3_c010|SEV_batch3_c031|SEV_batch2_c042|SEV_batch3_c009|SEV_batch3_c005|SEV_batch3_c045|SEV_batch1_c023|SEV_batch2_c026|SEV_batch2_c039|SEV_batch3_c033|SEV_batch1_c016|SEV_batch3_c015,246|660|506|495|734|876|246|208|877|431|391|102|112|245|371|70|636|891|249|246|352|525|519,227.29|227.29|227.29|227.28|227.29|227.29|227.28|227.28|227.29|227.28|227.29|227.28|227.29|227.29|227.29|227.29|227.28|227.28|227.29|227.29|227.29|227.29|227.28,243.2491,321.5494,56.7555,163.7139,0.2609,0.2609,-206.9762,4
Bayesian_LSTM,50,0,71,23,23,331393,71.71,SEV_batch2_c006|SEV_batch1_c006|SEV_batch2_c019|SEV_batch2_c004|SEV_batch1_c012|SEV_batch3_c008|SEV_batch2_c040|SEV_batch3_c017|SEV_batch1_c044|SEV_batch1_c013|SEV_batch2_c002|SEV_batch1_c030|SEV_batch3_c018|SEV_batch3_c030|SEV_batch1_c021|SEV_batch1_c000|SEV_batch2_c029|SEV_batch3_c040|SEV_batch2_c044|SEV_batch3_c027|SEV_batch2_c036|SEV_batch3_c012|SEV_batch3_c043,256|518|247|245|504|426|361|63|500|500|246|432|591|753|462|701|245|237|246|773|249|463|706,196.75|196.75|196.75|196.75|196.75|196.75|196.75|196.75|196.75|196.75|196.75|196.75|196.75|196.75|196.75|196.75|196.75|196.75|196.75|196.75|196.75|196.75|196.75,237.6656,295.324,54.146,235.2528,0.2174,0.3478,-226.0354,0
Bayesian_LSTM,50,1,71,23,23,331393,72.53,SEV_batch2_c006|SEV_batch1_c006|SEV_batch2_c019|SEV_batch2_c004|SEV_batch1_c012|SEV_batch3_c008|SEV_batch2_c040|SEV_batch3_c017|SEV_batch1_c044|SEV_batch1_c013|SEV_batch2_c002|SEV_batch1_c030|SEV_batch3_c018|SEV_batch3_c030|SEV_batch1_c021|SEV_batch1_c000|SEV_batch2_c029|SEV_batch3_c040|SEV_batch2_c044|SEV_batch3_c027|SEV_batch2_c036|SEV_batch3_c012|SEV_batch3_c043,256|518|247|245|504|426|361|63|500|500|246|432|591|753|462|701|245|237|246|773|249|463|706,199.58|199.58|199.58|199.58|199.58|199.58|199.58|199.58|199.58|199.58|199.58|199.58|199.58|199.58|199.58|199.58|199.58|199.58|199.58|199.58|199.58|199.58|199.58,235.0792,293.1615,53.611,232.42,0.3043,0.3478,-223.2026,0
Bayesian_LSTM,50,2,71,23,23,331393,79.19,SEV_batch2_c006|SEV_batch1_c006|SEV_batch2_c019|SEV_batch2_c004|SEV_batch1_c012|SEV_batch3_c008|SEV_batch2_c040|SEV_batch3_c017|SEV_batch1_c044|SEV_batch1_c013|SEV_batch2_c002|SEV_batch1_c030|SEV_batch3_c018|SEV_batch3_c030|SEV_batch1_c021|SEV_batch1_c000|SEV_batch2_c029|SEV_batch3_c040|SEV_batch2_c044|SEV_batch3_c027|SEV_batch2_c036|SEV_batch3_c012|SEV_batch3_c043,256|518|247|245|504|426|361|63|500|500|246|432|591|753|462|701|245|237|246|773|249|463|706,197.71|197.71|197.71|197.71|197.71|197.71|197.71|197.71|197.71|197.71|197.71|197.71|197.71|197.71|197.71|197.71|197.71|197.71|197.71|197.71|197.71|197.71|197.71,236.7839,294.5856,53.9636,234.2872,0.2609,0.3478,-225.0698,0
Bayesian_LSTM,50,0,71,23,23,331393,79.29,SEV_batch1_c014|SEV_batch1_c017|SEV_batch2_c037|SEV_batch1_c037|SEV_batch1_c027|SEV_batch2_c022|SEV_batch1_c025|SEV_batch3_c039|SEV_batch2_c032|SEV_batch3_c003|SEV_batch1_c036|SEV_batch2_c041|SEV_batch2_c010|SEV_batch1_c011|SEV_batch1_c040|SEV_batch3_c038|SEV_batch2_c035|SEV_batch1_c034|SEV_batch2_c007|SEV_batch3_c006|SEV_batch1_c007|SEV_batch3_c007|SEV_batch2_c033,522|507|245|438|502|245|569|938|360|600|490|249|249|507|485|1681|246|541|530|549|569|389|246,196.75|196.75|196.75|196.75|196.75|196.75|196.75|196.75|196.75|196.75|196.75|196.75|196.75|196.75|196.75|196.75|196.75|196.75|196.75|196.75|196.75|196.75|196.75,310.0789,429.5206,51.8298,305.2528,0.1739,0.2609,-310.0789,1
Bayesian_LSTM,50,1,71,23,23,331393,78.36,SEV_batch1_c014|SEV_batch1_c017|SEV_batch2_c037|SEV_batch1_c037|SEV_batch1_c027|SEV_batch2_c022|SEV_batch1_c025|SEV_batch3_c039|SEV_batch2_c032|SEV_batch3_c003|SEV_batch1_c036|SEV_batch2_c041|SEV_batch2_c010|SEV_batch1_c011|SEV_batch1_c040|SEV_batch3_c038|SEV_batch2_c035|SEV_batch1_c034|SEV_batch2_c007|SEV_batch3_c006|SEV_batch1_c007|SEV_batch3_c007|SEV_batch2_c033,522|507|245|438|502|245|569|938|360|600|490|249|249|507|485|1681|246|541|530|549|569|389|246,199.58|199.58|199.58|199.58|199.58|199.58|199.58|199.58|199.58|199.58|199.58|199.58|199.58|199.58|199.58|199.58|199.58|199.58|199.58|199.58|199.58|199.58|199.58,307.2461,427.48,51.1363,302.42,0.2609,0.2609,-307.2461,1
Bayesian_LSTM,50,2,71,23,23,331393,79.14,SEV_batch1_c014|SEV_batch1_c017|SEV_batch2_c037|SEV_batch1_c037|SEV_batch1_c027|SEV_batch2_c022|SEV_batch1_c025|SEV_batch3_c039|SEV_batch2_c032|SEV_batch3_c003|SEV_batch1_c036|SEV_batch2_c041|SEV_batch2_c010|SEV_batch1_c011|SEV_batch1_c040|SEV_batch3_c038|SEV_batch2_c035|SEV_batch1_c034|SEV_batch2_c007|SEV_batch3_c006|SEV_batch1_c007|SEV_batch3_c007|SEV_batch2_c033,522|507|245|438|502|245|569|938|360|600|490|249|249|507|485|1681|246|541|530|549|569|389|246,197.71|197.71|197.71|197.71|197.71|197.71|197.71|197.71|197.71|197.71|197.71|197.71|197.71|197.71|197.71|197.71|197.71|197.71|197.71|197.71|197.71|197.71|197.71,309.1133,428.824,51.5934,304.2872,0.1739,0.2609,-309.1133,1
Bayesian_LSTM,50,0,71,23,23,331393,80.88,SEV_batch2_c001|SEV_batch1_c043|SEV_batch1_c019|SEV_batch2_c031|SEV_batch1_c042|SEV_batch2_c021|SEV_batch1_c009|SEV_batch2_c005|SEV_batch2_c038|SEV_batch2_c047|SEV_batch1_c031|SEV_batch1_c022|SEV_batch3_c016|SEV_batch3_c021|SEV_batch1_c029|SEV_batch1_c010|SEV_batch3_c019|SEV_batch2_c012|SEV_batch1_c015|SEV_batch3_c034|SEV_batch1_c005|SEV_batch1_c020|SEV_batch2_c000,92|498|507|252|500|250|887|390|251|259|629|793|568|409|505|506|904|252|517|133|906|421|71,196.81|196.81|196.81|196.81|196.81|196.81|196.81|196.81|196.81|196.81|196.81|196.81|196.81|196.81|196.81|196.81|196.81|196.81|196.81|196.81|196.81|196.81|196.81,285.311,355.7336,61.4941,301.1855,0.0,0.2609,-259.7072,2
Bayesian_LSTM,50,1,71,23,23,331393,81.26,SEV_batch2_c001|SEV_batch1_c043|SEV_batch1_c019|SEV_batch2_c031|SEV_batch1_c042|SEV_batch2_c021|SEV_batch1_c009|SEV_batch2_c005|SEV_batch2_c038|SEV_batch2_c047|SEV_batch1_c031|SEV_batch1_c022|SEV_batch3_c016|SEV_batch3_c021|SEV_batch1_c029|SEV_batch1_c010|SEV_batch3_c019|SEV_batch2_c012|SEV_batch1_c015|SEV_batch3_c034|SEV_batch1_c005|SEV_batch1_c020|SEV_batch2_c000,92|498|507|252|500|250|887|390|251|259|629|793|568|409|505|506|904|252|517|133|906|421|71,199.56|199.56|199.56|199.56|199.56|199.56|199.56|199.56|199.56|199.56|199.56|199.56|199.56|199.56|199.56|199.56|199.56|199.56|199.56|199.56|199.56|199.56|199.56,283.2833,353.7356,61.3209,298.4421,0.0,0.2609,-256.9638,2
Bayesian_LSTM,50,2,71,23,23,331393,80.45,SEV_batch2_c001|SEV_batch1_c043|SEV_batch1_c019|SEV_batch2_c031|SEV_batch1_c042|SEV_batch2_c021|SEV_batch1_c009|SEV_batch2_c005|SEV_batch2_c038|SEV_batch2_c047|SEV_batch1_c031|SEV_batch1_c022|SEV_batch3_c016|SEV_batch3_c021|SEV_batch1_c029|SEV_batch1_c010|SEV_batch3_c019|SEV_batch2_c012|SEV_batch1_c015|SEV_batch3_c034|SEV_batch1_c005|SEV_batch1_c020|SEV_batch2_c000,92|498|507|252|500|250|887|390|251|259|629|793|568|409|505|506|904|252|517|133|906|421|71,197.75|197.75|197.75|197.75|197.75|197.75|197.75|197.75|197.75|197.75|197.75|197.75|197.75|197.75|197.75|197.75|197.75|197.75|197.75|197.75|197.75|197.75|197.75,284.6163,355.0479,61.4347,300.2455,0.0,0.2609,-258.7673,2
Bayesian_LSTM,50,0,71,23,23,331393,84.47,SEV_batch3_c013|SEV_batch1_c008|SEV_batch3_c011|SEV_batch3_c026|SEV_batch3_c042|SEV_batch2_c020|SEV_batch2_c013|SEV_batch3_c000|SEV_batch2_c009|SEV_batch3_c004|SEV_batch2_c028|SEV_batch3_c041|SEV_batch3_c001|SEV_batch3_c014|SEV_batch2_c003|SEV_batch2_c024|SEV_batch2_c011|SEV_batch3_c036|SEV_batch2_c023|SEV_batch2_c043|SEV_batch1_c039|SEV_batch3_c037|SEV_batch2_c025,377|494|145|673|1341|247|244|819|309|441|248|621|585|143|248|247|248|863|246|249|504|598|249,196.70|196.70|196.70|196.70|196.70|196.70|196.70|196.70|196.70|196.70|196.70|196.70|196.70|196.70|196.70|196.70|196.70|196.70|196.70|196.70|196.70|196.70|196.70,253.2942,371.5805,44.7506,112.3035,0.087,0.4783,-244.1296,3
Bayesian_LSTM,50,1,71,23,23,331393,88.38,SEV_batch3_c013|SEV_batch1_c008|SEV_batch3_c011|SEV_batch3_c026|SEV_batch3_c042|SEV_batch2_c020|SEV_batch2_c013|SEV_batch3_c000|SEV_batch2_c009|SEV_batch3_c004|SEV_batch2_c028|SEV_batch3_c041|SEV_batch3_c001|SEV_batch3_c014|SEV_batch2_c003|SEV_batch2_c024|SEV_batch2_c011|SEV_batch3_c036|SEV_batch2_c023|SEV_batch2_c043|SEV_batch1_c039|SEV_batch3_c037|SEV_batch2_c025,377|494|145|673|1341|247|244|819|309|441|248|621|585|143|248|247|248|863|246|249|504|598|249,199.58|199.58|199.58|199.58|199.58|199.58|199.58|199.58|199.58|199.58|199.58|199.58|199.58|199.58|199.58|199.58|199.58|199.58|199.58|199.58|199.58|199.58|199.58,250.9145,369.6943,44.1962,109.4228,0.3913,0.4783,-241.2489,3
Bayesian_LSTM,50,2,71,23,23,331393,91.98,SEV_batch3_c013|SEV_batch1_c008|SEV_batch3_c011|SEV_batch3_c026|SEV_batch3_c042|SEV_batch2_c020|SEV_batch2_c013|SEV_batch3_c000|SEV_batch2_c009|SEV_batch3_c004|SEV_batch2_c028|SEV_batch3_c041|SEV_batch3_c001|SEV_batch3_c014|SEV_batch2_c003|SEV_batch2_c024|SEV_batch2_c011|SEV_batch3_c036|SEV_batch2_c023|SEV_batch2_c043|SEV_batch1_c039|SEV_batch3_c037|SEV_batch2_c025,377|494|145|673|1341|247|244|819|309|441|248|621|585|143|248|247|248|863|246|249|504|598|249,197.73|197.73|197.73|197.73|197.73|197.73|197.73|197.73|197.73|197.73|197.73|197.73|197.73|197.73|197.73|197.73|197.73|197.73|197.73|197.73|197.73|197.73|197.73,252.4426,370.9041,44.5522,111.2726,0.1739,0.4783,-243.0987,3
Bayesian_LSTM,50,0,71,23,23,331393,94.3,SEV_batch2_c030|SEV_batch3_c020|SEV_batch1_c045|SEV_batch1_c035|SEV_batch3_c029|SEV_batch1_c003|SEV_batch2_c018|SEV_batch1_c024|SEV_batch1_c004|SEV_batch1_c026|SEV_batch3_c025|SEV_batch3_c010|SEV_batch3_c031|SEV_batch2_c042|SEV_batch3_c009|SEV_batch3_c005|SEV_batch3_c045|SEV_batch1_c023|SEV_batch2_c026|SEV_batch2_c039|SEV_batch3_c033|SEV_batch1_c016|SEV_batch3_c015,246|660|506|495|734|876|246|208|877|431|391|102|112|245|371|70|636|891|249|246|352|525|519,196.74|196.74|196.74|196.74|196.74|196.74|196.74|196.74|196.74|196.74|196.74|196.74|196.74|196.74|196.74|196.74|196.74|196.74|196.74|196.74|196.74|196.74|196.74,264.1497,342.0111,58.3635,194.2614,0.2174,0.3478,-237.5222,4
Bayesian_LSTM,50,1,71,23,23,331393,95.27,SEV_batch2_c030|SEV_batch3_c020|SEV_batch1_c045|SEV_batch1_c035|SEV_batch3_c029|SEV_batch1_c003|SEV_batch2_c018|SEV_batch1_c024|SEV_batch1_c004|SEV_batch1_c026|SEV_batch3_c025|SEV_batch3_c010|SEV_batch3_c031|SEV_batch2_c042|SEV_batch3_c009|SEV_batch3_c005|SEV_batch3_c045|SEV_batch1_c023|SEV_batch2_c026|SEV_batch2_c039|SEV_batch3_c033|SEV_batch1_c016|SEV_batch3_c015,246|660|506|495|734|876|246|208|877|431|391|102|112|245|371|70|636|891|249|246|352|525|519,199.57|199.57|199.57|199.57|199.57|199.57|199.57|199.57|199.57|199.57|199.57|199.57|199.57|199.57|199.57|199.57|199.57|199.57|199.57|199.57|199.57|199.57|199.57,262.0593,340.053,58.14,191.4331,0.2609,0.3478,-234.694,4
Bayesian_LSTM,50,2,71,23,23,331393,94.44,SEV_batch2_c030|SEV_batch3_c020|SEV_batch1_c045|SEV_batch1_c035|SEV_batch3_c029|SEV_batch1_c003|SEV_batch2_c018|SEV_batch1_c024|SEV_batch1_c004|SEV_batch1_c026|SEV_batch3_c025|SEV_batch3_c010|SEV_batch3_c031|SEV_batch2_c042|SEV_batch3_c009|SEV_batch3_c005|SEV_batch3_c045|SEV_batch1_c023|SEV_batch2_c026|SEV_batch2_c039|SEV_batch3_c033|SEV_batch1_c016|SEV_batch3_c015,246|660|506|495|734|876|246|208|877|431|391|102|112|245|371|70|636|891|249|246|352|525|519,197.36|197.36|197.36|197.36|197.36|197.36|197.36|197.36|197.36|197.36|197.36|197.36|197.36|197.36|197.36|197.36|197.36|197.36|197.36|197.36|197.36|197.36|197.36,263.693,341.5823,58.3147,193.6435,0.2174,0.3478,-236.9044,4
PINN_Knee,100,0,68,23,22,7591,6.81,SEV_batch2_c006|SEV_batch1_c006|SEV_batch2_c019|SEV_batch2_c004|SEV_batch1_c012|SEV_batch3_c008|SEV_batch2_c040|SEV_batch1_c044|SEV_batch1_c013|SEV_batch2_c002|SEV_batch1_c030|SEV_batch3_c018|SEV_batch3_c030|SEV_batch1_c021|SEV_batch1_c000|SEV_batch2_c029|SEV_batch3_c040|SEV_batch2_c044|SEV_batch3_c027|SEV_batch2_c036|SEV_batch3_c012|SEV_batch3_c043,256|518|247|245|504|426|361|500|500|246|432|591|753|462|701|245|237|246|773|249|463|706,324.68|477.60|297.14|281.02|434.49|393.49|335.16|464.69|434.41|240.33|444.01|453.64|429.57|483.57|312.01|296.97|359.24|279.62|387.07|261.91|470.64|451.97,99.1525,155.2371,19.501,45.2694,0.5,0.7273,-61.2631,0
PINN_Knee,100,1,68,23,22,7591,6.01,SEV_batch2_c006|SEV_batch1_c006|SEV_batch2_c019|SEV_batch2_c004|SEV_batch1_c012|SEV_batch3_c008|SEV_batch2_c040|SEV_batch1_c044|SEV_batch1_c013|SEV_batch2_c002|SEV_batch1_c030|SEV_batch3_c018|SEV_batch3_c030|SEV_batch1_c021|SEV_batch1_c000|SEV_batch2_c029|SEV_batch3_c040|SEV_batch2_c044|SEV_batch3_c027|SEV_batch2_c036|SEV_batch3_c012|SEV_batch3_c043,256|518|247|245|504|426|361|500|500|246|432|591|753|462|701|245|237|246|773|249|463|706,337.00|563.46|291.36|282.17|464.24|410.97|289.34|477.47|476.46|249.73|466.13|514.08|449.10|562.93|324.73|288.64|362.97|286.38|397.99|264.55|492.45|488.75,96.5291,147.639,19.6188,43.9996,0.5909,0.7273,-41.8222,0
PINN_Knee,100,2,68,23,22,7591,6.74,SEV_batch2_c006|SEV_batch1_c006|SEV_batch2_c019|SEV_batch2_c004|SEV_batch1_c012|SEV_batch3_c008|SEV_batch2_c040|SEV_batch1_c044|SEV_batch1_c013|SEV_batch2_c002|SEV_batch1_c030|SEV_batch3_c018|SEV_batch3_c030|SEV_batch1_c021|SEV_batch1_c000|SEV_batch2_c029|SEV_batch3_c040|SEV_batch2_c044|SEV_batch3_c027|SEV_batch2_c036|SEV_batch3_c012|SEV_batch3_c043,256|518|247|245|504|426|361|500|500|246|432|591|753|462|701|245|237|246|773|249|463|706,448.79|527.59|298.02|259.56|485.15|413.44|403.81|478.81|484.71|271.53|433.12|446.43|436.82|502.79|332.75|301.88|380.91|272.21|392.00|287.76|475.55|476.81,98.3452,154.608,21.0305,39.7749,0.5909,0.6818,-38.6623,0
PINN_Knee,100,0,68,22,23,7591,5.82,SEV_batch1_c014|SEV_batch1_c017|SEV_batch2_c037|SEV_batch1_c037|SEV_batch1_c027|SEV_batch2_c022|SEV_batch1_c025|SEV_batch3_c039|SEV_batch2_c032|SEV_batch3_c003|SEV_batch1_c036|SEV_batch2_c041|SEV_batch2_c010|SEV_batch1_c011|SEV_batch1_c040|SEV_batch3_c038|SEV_batch2_c035|SEV_batch1_c034|SEV_batch2_c007|SEV_batch3_c006|SEV_batch1_c007|SEV_batch3_c007|SEV_batch2_c033,522|507|245|438|502|245|569|938|360|600|490|249|249|507|485|1681|246|541|530|549|569|389|246,499.59|412.76|298.24|426.38|439.89|289.00|462.86|357.94|303.67|423.76|445.58|238.79|191.41|438.80|447.02|468.55|258.70|427.83|321.91|416.59|460.15|410.80|346.91,145.0072,293.2536,21.2186,62.1145,0.3478,0.6087,-124.7774,1
PINN_Knee,100,1,68,22,23,7591,5.1,SEV_batch1_c014|SEV_batch1_c017|SEV_batch2_c037|SEV_batch1_c037|SEV_batch1_c027|SEV_batch2_c022|SEV_batch1_c025|SEV_batch3_c039|SEV_batch2_c032|SEV_batch3_c003|SEV_batch1_c036|SEV_batch2_c041|SEV_batch2_c010|SEV_batch1_c011|SEV_batch1_c040|SEV_batch3_c038|SEV_batch2_c035|SEV_batch1_c034|SEV_batch2_c007|SEV_batch3_c006|SEV_batch1_c007|SEV_batch3_c007|SEV_batch2_c033,522|507|245|438|502|245|569|938|360|600|490|249|249|507|485|1681|246|541|530|549|569|389|246,559.25|432.95|303.89|442.40|453.44|309.31|511.77|365.11|299.95|451.63|459.50|241.59|227.92|457.48|448.62|486.15|266.56|468.07|363.15|438.86|518.75|452.73|331.55,131.9897,284.8672,18.8973,58.8945,0.3913,0.7826,-102.8843,1
PINN_Knee,100,2,68,22,23,7591,8.63,SEV_batch1_c014|SEV_batch1_c017|SEV_batch2_c037|SEV_batch1_c037|SEV_batch1_c027|SEV_batch2_c022|SEV_batch1_c025|SEV_batch3_c039|SEV_batch2_c032|SEV_batch3_c003|SEV_batch1_c036|SEV_batch2_c041|SEV_batch2_c010|SEV_batch1_c011|SEV_batch1_c040|SEV_batch3_c038|SEV_batch2_c035|SEV_batch1_c034|SEV_batch2_c007|SEV_batch3_c006|SEV_batch1_c007|SEV_batch3_c007|SEV_batch2_c033,522|507|245|438|502|245|569|938|360|600|490|249|249|507|485|1681|246|541|530|549|569|389|246,483.78|440.14|318.76|408.16|414.20|292.32|506.85|369.91|249.93|438.62|423.49|219.57|205.05|457.64|473.47|471.72|275.34|413.31|325.33|401.36|513.25|409.49|326.32,144.4107,291.1701,21.6973,66.5114,0.3913,0.6957,-122.5652,1
PINN_Knee,100,0,70,22,21,7591,10.72,SEV_batch1_c043|SEV_batch1_c019|SEV_batch2_c031|SEV_batch1_c042|SEV_batch2_c021|SEV_batch1_c009|SEV_batch2_c005|SEV_batch2_c038|SEV_batch2_c047|SEV_batch1_c031|SEV_batch1_c022|SEV_batch3_c016|SEV_batch3_c021|SEV_batch1_c029|SEV_batch1_c010|SEV_batch3_c019|SEV_batch2_c012|SEV_batch1_c015|SEV_batch3_c034|SEV_batch1_c005|SEV_batch1_c020,498|507|252|500|250|887|390|251|259|629|793|568|409|505|506|904|252|517|133|906|421,475.34|419.19|281.18|468.94|216.20|465.07|290.04|289.76|187.95|425.90|453.46|404.34|469.10|500.80|455.61|465.03|331.50|484.04|447.97|506.47|357.11,142.2388,202.1609,32.4396,71.048,0.3333,0.6667,-92.4763,2
PINN_Knee,100,1,70,22,21,7591,6.99,SEV_batch1_c043|SEV_batch1_c019|SEV_batch2_c031|SEV_batch1_c042|SEV_batch2_c021|SEV_batch1_c009|SEV_batch2_c005|SEV_batch2_c038|SEV_batch2_c047|SEV_batch1_c031|SEV_batch1_c022|SEV_batch3_c016|SEV_batch3_c021|SEV_batch1_c029|SEV_batch1_c010|SEV_batch3_c019|SEV_batch2_c012|SEV_batch1_c015|SEV_batch3_c034|SEV_batch1_c005|SEV_batch1_c020,498|507|252|500|250|887|390|251|259|629|793|568|409|505|506|904|252|517|133|906|421,486.57|439.25|267.73|493.24|226.26|467.80|324.83|288.83|209.75|453.46|471.58|447.84|479.84|496.09|394.95|484.55|226.48|474.40|474.96|548.74|379.23,130.1595,192.74,30.127,65.1744,0.4762,0.619,-85.744,2
PINN_Knee,100,2,70,22,21,7591,5.54,SEV_batch1_c043|SEV_batch1_c019|SEV_batch2_c031|SEV_batch1_c042|SEV_batch2_c021|SEV_batch1_c009|SEV_batch2_c005|SEV_batch2_c038|SEV_batch2_c047|SEV_batch1_c031|SEV_batch1_c022|SEV_batch3_c016|SEV_batch3_c021|SEV_batch1_c029|SEV_batch1_c010|SEV_batch3_c019|SEV_batch2_c012|SEV_batch1_c015|SEV_batch3_c034|SEV_batch1_c005|SEV_batch1_c020,498|507|252|500|250|887|390|251|259|629|793|568|409|505|506|904|252|517|133|906|421,464.01|428.72|284.37|477.31|194.27|502.02|290.13|291.38|184.20|399.56|437.50|394.37|439.14|496.89|403.14|451.40|289.30|381.14|425.40|454.93|387.41,148.8378,208.4952,32.66,78.2819,0.381,0.5714,-107.6379,2
PINN_Knee,100,0,68,22,23,7591,13.86,SEV_batch3_c013|SEV_batch1_c008|SEV_batch3_c011|SEV_batch3_c026|SEV_batch3_c042|SEV_batch2_c020|SEV_batch2_c013|SEV_batch3_c000|SEV_batch2_c009|SEV_batch3_c004|SEV_batch2_c028|SEV_batch3_c041|SEV_batch3_c001|SEV_batch3_c014|SEV_batch2_c003|SEV_batch2_c024|SEV_batch2_c011|SEV_batch3_c036|SEV_batch2_c023|SEV_batch2_c043|SEV_batch1_c039|SEV_batch3_c037|SEV_batch2_c025,377|494|145|673|1341|247|244|819|309|441|248|621|585|143|248|247|248|863|246|249|504|598|249,393.82|499.88|447.52|543.36|518.54|247.04|297.52|485.71|343.03|606.87|358.94|424.51|409.45|443.48|196.74|234.26|247.43|433.27|344.67|251.42|538.28|208.74|212.88,160.9807,251.164,40.2604,98.6747,0.3913,0.5217,-63.1143,3
PINN_Knee,100,1,68,22,23,7591,4.32,SEV_batch3_c013|SEV_batch1_c008|SEV_batch3_c011|SEV_batch3_c026|SEV_batch3_c042|SEV_batch2_c020|SEV_batch2_c013|SEV_batch3_c000|SEV_batch2_c009|SEV_batch3_c004|SEV_batch2_c028|SEV_batch3_c041|SEV_batch3_c001|SEV_batch3_c014|SEV_batch2_c003|SEV_batch2_c024|SEV_batch2_c011|SEV_batch3_c036|SEV_batch2_c023|SEV_batch2_c043|SEV_batch1_c039|SEV_batch3_c037|SEV_batch2_c025,377|494|145|673|1341|247|244|819|309|441|248|621|585|143|248|247|248|863|246|249|504|598|249,385.53|474.17|443.21|493.21|460.73|274.08|270.44|429.09|339.47|489.27|272.40|367.13|412.87|412.56|269.22|287.83|255.87|426.39|331.66|248.35|461.84|259.50|247.33,156.6923,258.5207,36.6404,42.1613,0.5652,0.6087,-79.4283,3
PINN_Knee,100,2,68,22,23,7591,4.99,SEV_batch3_c013|SEV_batch1_c008|SEV_batch3_c011|SEV_batch3_c026|SEV_batch3_c042|SEV_batch2_c020|SEV_batch2_c013|SEV_batch3_c000|SEV_batch2_c009|SEV_batch3_c004|SEV_batch2_c028|SEV_batch3_c041|SEV_batch3_c001|SEV_batch3_c014|SEV_batch2_c003|SEV_batch2_c024|SEV_batch2_c011|SEV_batch3_c036|SEV_batch2_c023|SEV_batch2_c043|SEV_batch1_c039|SEV_batch3_c037|SEV_batch2_c025,377|494|145|673|1341|247|244|819|309|441|248|621|585|143|248|247|248|863|246|249|504|598|249,415.52|491.81|440.72|485.78|453.35|296.15|266.40|452.50|324.71|507.52|370.35|364.68|423.86|439.21|361.35|267.83|256.32|438.25|271.77|261.10|497.29|286.40|266.98,161.2612,258.7788,39.5919,66.5202,0.4783,0.5217,-65.1805,3
PINN_Knee,100,0,69,22,22,7591,6.72,SEV_batch2_c030|SEV_batch3_c020|SEV_batch1_c045|SEV_batch1_c035|SEV_batch3_c029|SEV_batch1_c003|SEV_batch2_c018|SEV_batch1_c024|SEV_batch1_c004|SEV_batch1_c026|SEV_batch3_c025|SEV_batch3_c010|SEV_batch3_c031|SEV_batch2_c042|SEV_batch3_c009|SEV_batch3_c045|SEV_batch1_c023|SEV_batch2_c026|SEV_batch2_c039|SEV_batch3_c033|SEV_batch1_c016|SEV_batch3_c015,246|660|506|495|734|876|246|208|877|431|391|102|112|245|371|636|891|249|246|352|525|519,288.61|518.75|492.14|493.80|446.92|495.34|262.24|479.61|503.79|434.55|487.54|506.25|524.94|303.46|514.48|546.33|528.02|227.52|178.67|510.72|523.49|510.27,152.6073,213.1935,58.8625,93.1029,0.3636,0.5455,-6.3896,4
PINN_Knee,100,1,69,22,22,7591,4.52,SEV_batch2_c030|SEV_batch3_c020|SEV_batch1_c045|SEV_batch1_c035|SEV_batch3_c029|SEV_batch1_c003|SEV_batch2_c018|SEV_batch1_c024|SEV_batch1_c004|SEV_batch1_c026|SEV_batch3_c025|SEV_batch3_c010|SEV_batch3_c031|SEV_batch2_c042|SEV_batch3_c009|SEV_batch3_c045|SEV_batch1_c023|SEV_batch2_c026|SEV_batch2_c039|SEV_batch3_c033|SEV_batch1_c016|SEV_batch3_c015,246|660|506|495|734|876|246|208|877|431|391|102|112|245|371|636|891|249|246|352|525|519,286.07|527.54|472.79|543.32|439.89|525.81|292.68|535.86|532.66|458.29|513.43|557.82|540.45|309.59|523.84|602.67|549.43|224.13|167.48|529.49|553.72|540.05,162.4648,218.6643,64.9394,100.4761,0.4091,0.5,14.0474,4
PINN_Knee,100,2,69,22,22,7591,4.59,SEV_batch2_c030|SEV_batch3_c020|SEV_batch1_c045|SEV_batch1_c035|SEV_batch3_c029|SEV_batch1_c003|SEV_batch2_c018|SEV_batch1_c024|SEV_batch1_c004|SEV_batch1_c026|SEV_batch3_c025|SEV_batch3_c010|SEV_batch3_c031|SEV_batch2_c042|SEV_batch3_c009|SEV_batch3_c045|SEV_batch1_c023|SEV_batch2_c026|SEV_batch2_c039|SEV_batch3_c033|SEV_batch1_c016|SEV_batch3_c015,246|660|506|495|734|876|246|208|877|431|391|102|112|245|371|636|891|249|246|352|525|519,298.62|496.08|477.14|469.21|455.50|438.61|256.01|468.96|446.21|427.58|454.57|470.36|508.88|293.43|503.47|517.33|482.24|230.86|185.55|503.73|419.67|486.92,163.5056,222.7144,58.0648,112.0037,0.3182,0.4545,-28.5028,4
PINN_UQ,100,0,68,23,22,36359,2.43,SEV_batch2_c006|SEV_batch1_c006|SEV_batch2_c019|SEV_batch2_c004|SEV_batch1_c012|SEV_batch3_c008|SEV_batch2_c040|SEV_batch1_c044|SEV_batch1_c013|SEV_batch2_c002|SEV_batch1_c030|SEV_batch3_c018|SEV_batch3_c030|SEV_batch1_c021|SEV_batch1_c000|SEV_batch2_c029|SEV_batch3_c040|SEV_batch2_c044|SEV_batch3_c027|SEV_batch2_c036|SEV_batch3_c012|SEV_batch3_c043,256|518|247|245|504|426|361|500|500|246|432|591|753|462|701|245|237|246|773|249|463|706,101.41|638.14|309.03|268.54|573.23|478.12|346.84|498.14|540.85|241.31|487.41|509.07|508.37|552.10|266.80|408.03|419.03|321.63|458.32|295.68|515.85|544.52,111.1755,152.839,25.7773,72.4327,0.2727,0.6364,-17.2079,0
PINN_UQ,100,1,68,23,22,36359,1.75,SEV_batch2_c006|SEV_batch1_c006|SEV_batch2_c019|SEV_batch2_c004|SEV_batch1_c012|SEV_batch3_c008|SEV_batch2_c040|SEV_batch1_c044|SEV_batch1_c013|SEV_batch2_c002|SEV_batch1_c030|SEV_batch3_c018|SEV_batch3_c030|SEV_batch1_c021|SEV_batch1_c000|SEV_batch2_c029|SEV_batch3_c040|SEV_batch2_c044|SEV_batch3_c027|SEV_batch2_c036|SEV_batch3_c012|SEV_batch3_c043,256|518|247|245|504|426|361|500|500|246|432|591|753|462|701|245|237|246|773|249|463|706,53.09|619.71|389.08|257.17|617.82|489.57|282.17|555.10|581.11|219.73|553.52|594.74|501.14|569.26|307.21|394.22|420.84|278.38|441.95|271.10|547.98|590.47,121.5844,156.3687,29.0144,104.485,0.2273,0.4545,-5.7099,0
PINN_UQ,100,2,68,23,22,36359,1.96,SEV_batch2_c006|SEV_batch1_c006|SEV_batch2_c019|SEV_batch2_c004|SEV_batch1_c012|SEV_batch3_c008|SEV_batch2_c040|SEV_batch1_c044|SEV_batch1_c013|SEV_batch2_c002|SEV_batch1_c030|SEV_batch3_c018|SEV_batch3_c030|SEV_batch1_c021|SEV_batch1_c000|SEV_batch2_c029|SEV_batch3_c040|SEV_batch2_c044|SEV_batch3_c027|SEV_batch2_c036|SEV_batch3_c012|SEV_batch3_c043,256|518|247|245|504|426|361|500|500|246|432|591|753|462|701|245|237|246|773|249|463|706,125.76|564.01|331.71|269.76|549.47|487.32|253.29|478.90|504.58|195.88|492.14|566.57|520.50|489.75|302.81|323.92|467.05|326.17|489.21|271.02|560.47|549.36,103.0937,142.3029,24.7873,70.1177,0.3636,0.6818,-24.6072,0
PINN_UQ,100,0,68,22,23,36359,2.46,SEV_batch1_c014|SEV_batch1_c017|SEV_batch2_c037|SEV_batch1_c037|SEV_batch1_c027|SEV_batch2_c022|SEV_batch1_c025|SEV_batch3_c039|SEV_batch2_c032|SEV_batch3_c003|SEV_batch1_c036|SEV_batch2_c041|SEV_batch2_c010|SEV_batch1_c011|SEV_batch1_c040|SEV_batch3_c038|SEV_batch2_c035|SEV_batch1_c034|SEV_batch2_c007|SEV_batch3_c006|SEV_batch1_c007|SEV_batch3_c007|SEV_batch2_c033,522|507|245|438|502|245|569|938|360|600|490|249|249|507|485|1681|246|541|530|549|569|389|246,682.45|540.87|332.05|437.03|440.01|287.75|565.80|386.43|276.64|468.35|453.28|263.01|197.11|538.71|496.73|524.79|251.43|398.95|322.30|366.89|469.74|301.32|378.71,144.1767,283.0375,22.3304,83.3606,0.3913,0.6522,-98.9845,1
PINN_UQ,100,1,68,22,23,36359,2.74,SEV_batch1_c014|SEV_batch1_c017|SEV_batch2_c037|SEV_batch1_c037|SEV_batch1_c027|SEV_batch2_c022|SEV_batch1_c025|SEV_batch3_c039|SEV_batch2_c032|SEV_batch3_c003|SEV_batch1_c036|SEV_batch2_c041|SEV_batch2_c010|SEV_batch1_c011|SEV_batch1_c040|SEV_batch3_c038|SEV_batch2_c035|SEV_batch1_c034|SEV_batch2_c007|SEV_batch3_c006|SEV_batch1_c007|SEV_batch3_c007|SEV_batch2_c033,522|507|245|438|502|245|569|938|360|600|490|249|249|507|485|1681|246|541|530|549|569|389|246,706.27|561.51|386.98|470.37|470.14|292.71|595.63|389.12|246.77|503.43|481.47|243.65|228.60|442.95|544.44|556.48|213.90|384.34|318.35|401.93|473.07|321.13|335.51,146.1348,277.5729,23.0978,67.8715,0.3478,0.6522,-90.7938,1
PINN_UQ,100,2,68,22,23,36359,2.08,SEV_batch1_c014|SEV_batch1_c017|SEV_batch2_c037|SEV_batch1_c037|SEV_batch1_c027|SEV_batch2_c022|SEV_batch1_c025|SEV_batch3_c039|SEV_batch2_c032|SEV_batch3_c003|SEV_batch1_c036|SEV_batch2_c041|SEV_batch2_c010|SEV_batch1_c011|SEV_batch1_c040|SEV_batch3_c038|SEV_batch2_c035|SEV_batch1_c034|SEV_batch2_c007|SEV_batch3_c006|SEV_batch1_c007|SEV_batch3_c007|SEV_batch2_c033,522|507|245|438|502|245|569|938|360|600|490|249|249|507|485|1681|246|541|530|549|569|389|246,607.05|496.41|359.45|478.21|485.98|310.65|603.39|386.80|204.46|492.57|474.28|188.16|235.18|560.78|555.80|538.29|285.59|424.12|165.23|464.80|487.98|439.96|324.23,145.8186,284.0576,23.3719,70.7968,0.3043,0.6957,-90.7666,1
PINN_UQ,100,0,70,22,21,36359,4.86,SEV_batch1_c043|SEV_batch1_c019|SEV_batch2_c031|SEV_batch1_c042|SEV_batch2_c021|SEV_batch1_c009|SEV_batch2_c005|SEV_batch2_c038|SEV_batch2_c047|SEV_batch1_c031|SEV_batch1_c022|SEV_batch3_c016|SEV_batch3_c021|SEV_batch1_c029|SEV_batch1_c010|SEV_batch3_c019|SEV_batch2_c012|SEV_batch1_c015|SEV_batch3_c034|SEV_batch1_c005|SEV_batch1_c020,498|507|252|500|250|887|390|251|259|629|793|568|409|505|506|904|252|517|133|906|421,400.25|397.70|264.45|594.80|261.06|579.67|287.24|270.46|214.02|398.25|507.90|354.97|437.28|549.82|459.48|384.97|282.36|562.72|402.06|715.78|259.56,136.3914,186.4584,30.0335,97.748,0.4286,0.5238,-83.4382,2
PINN_UQ,100,1,70,22,21,36359,2.88,SEV_batch1_c043|SEV_batch1_c019|SEV_batch2_c031|SEV_batch1_c042|SEV_batch2_c021|SEV_batch1_c009|SEV_batch2_c005|SEV_batch2_c038|SEV_batch2_c047|SEV_batch1_c031|SEV_batch1_c022|SEV_batch3_c016|SEV_batch3_c021|SEV_batch1_c029|SEV_batch1_c010|SEV_batch3_c019|SEV_batch2_c012|SEV_batch1_c015|SEV_batch3_c034|SEV_batch1_c005|SEV_batch1_c020,498|507|252|500|250|887|390|251|259|629|793|568|409|505|506|904|252|517|133|906|421,492.86|467.92|308.11|559.29|221.47|627.22|285.56|300.37|172.38|430.83|532.67|358.66|418.31|612.42|509.13|461.42|310.96|522.91|465.02|608.45|245.55,132.7871,181.1094,32.6889,86.6157,0.3333,0.5238,-67.8808,2
PINN_UQ,100,2,70,22,21,36359,1.57,SEV_batch1_c043|SEV_batch1_c019|SEV_batch2_c031|SEV_batch1_c042|SEV_batch2_c021|SEV_batch1_c009|SEV_batch2_c005|SEV_batch2_c038|SEV_batch2_c047|SEV_batch1_c031|SEV_batch1_c022|SEV_batch3_c016|SEV_batch3_c021|SEV_batch1_c029|SEV_batch1_c010|SEV_batch3_c019|SEV_batch2_c012|SEV_batch1_c015|SEV_batch3_c034|SEV_batch1_c005|SEV_batch1_c020,498|507|252|500|250|887|390|251|259|629|793|568|409|505|506|904|252|517|133|906|421,586.55|523.37|332.28|563.93|233.35|481.33|321.47|384.33|97.07|430.39|499.88|438.72|360.46|592.27|557.09|537.44|312.58|454.84|537.61|503.64|107.41,164.4288,212.993,41.9776,88.5502,0.1429,0.5238,-70.523,2
PINN_UQ,100,0,68,22,23,36359,3.3,SEV_batch3_c013|SEV_batch1_c008|SEV_batch3_c011|SEV_batch3_c026|SEV_batch3_c042|SEV_batch2_c020|SEV_batch2_c013|SEV_batch3_c000|SEV_batch2_c009|SEV_batch3_c004|SEV_batch2_c028|SEV_batch3_c041|SEV_batch3_c001|SEV_batch3_c014|SEV_batch2_c003|SEV_batch2_c024|SEV_batch2_c011|SEV_batch3_c036|SEV_batch2_c023|SEV_batch2_c043|SEV_batch1_c039|SEV_batch3_c037|SEV_batch2_c025,377|494|145|673|1341|247|244|819|309|441|248|621|585|143|248|247|248|863|246|249|504|598|249,415.26|475.56|458.51|600.99|563.32|218.92|304.57|532.27|283.80|668.99|421.18|396.38|432.47|478.46|183.53|238.09|237.81|413.84|321.40|219.76|557.16|296.03|221.29,163.237,244.3266,43.3402,72.0077,0.3478,0.5652,-52.1475,3
PINN_UQ,100,1,68,22,23,36359,4.77,SEV_batch3_c013|SEV_batch1_c008|SEV_batch3_c011|SEV_batch3_c026|SEV_batch3_c042|SEV_batch2_c020|SEV_batch2_c013|SEV_batch3_c000|SEV_batch2_c009|SEV_batch3_c004|SEV_batch2_c028|SEV_batch3_c041|SEV_batch3_c001|SEV_batch3_c014|SEV_batch2_c003|SEV_batch2_c024|SEV_batch2_c011|SEV_batch3_c036|SEV_batch2_c023|SEV_batch2_c043|SEV_batch1_c039|SEV_batch3_c037|SEV_batch2_c025,377|494|145|673|1341|247|244|819|309|441|248|621|585|143|248|247|248|863|246|249|504|598|249,387.33|437.85|427.90|645.15|642.42|214.52|277.00|578.21|388.04|734.50|411.37|502.53|414.44|478.32|96.81|265.61|244.52|406.54|294.61|231.73|503.63|528.24|221.29,145.0347,223.2865,40.635,69.7606,0.4348,0.5652,-35.0629,3
PINN_UQ,100,2,68,22,23,36359,3.68,SEV_batch3_c013|SEV_batch1_c008|SEV_batch3_c011|SEV_batch3_c026|SEV_batch3_c042|SEV_batch2_c020|SEV_batch2_c013|SEV_batch3_c000|SEV_batch2_c009|SEV_batch3_c004|SEV_batch2_c028|SEV_batch3_c041|SEV_batch3_c001|SEV_batch3_c014|SEV_batch2_c003|SEV_batch2_c024|SEV_batch2_c011|SEV_batch3_c036|SEV_batch2_c023|SEV_batch2_c043|SEV_batch1_c039|SEV_batch3_c037|SEV_batch2_c025,377|494|145|673|1341|247|244|819|309|441|248|621|585|143|248|247|248|863|246|249|504|598|249,425.27|492.52|482.85|598.94|563.87|227.89|269.29|520.58|247.86|638.64|398.35|478.16|440.85|479.82|264.55|247.95|259.21|444.60|340.54|221.06|540.03|150.62|243.50,159.6982,248.705,42.2561,74.0569,0.4348,0.5652,-50.5236,3
PINN_UQ,100,0,69,22,22,36359,2.87,SEV_batch2_c030|SEV_batch3_c020|SEV_batch1_c045|SEV_batch1_c035|SEV_batch3_c029|SEV_batch1_c003|SEV_batch2_c018|SEV_batch1_c024|SEV_batch1_c004|SEV_batch1_c026|SEV_batch3_c025|SEV_batch3_c010|SEV_batch3_c031|SEV_batch2_c042|SEV_batch3_c009|SEV_batch3_c045|SEV_batch1_c023|SEV_batch2_c026|SEV_batch2_c039|SEV_batch3_c033|SEV_batch1_c016|SEV_batch3_c015,246|660|506|495|734|876|246|208|877|431|391|102|112|245|371|636|891|249|246|352|525|519,270.21|559.77|531.76|500.61|494.30|576.56|248.60|473.65|583.65|419.06|519.82|506.55|573.70|283.69|559.91|551.50|560.41|213.13|164.17|553.67|642.47|534.16,152.6482,205.0428,61.4653,108.8519,0.3636,0.4545,18.3339,4
PINN_UQ,100,1,69,22,22,36359,3.19,SEV_batch2_c030|SEV_batch3_c020|SEV_batch1_c045|SEV_batch1_c035|SEV_batch3_c029|SEV_batch1_c003|SEV_batch2_c018|SEV_batch1_c024|SEV_batch1_c004|SEV_batch1_c026|SEV_batch3_c025|SEV_batch3_c010|SEV_batch3_c031|SEV_batch2_c042|SEV_batch3_c009|SEV_batch3_c045|SEV_batch1_c023|SEV_batch2_c026|SEV_batch2_c039|SEV_batch3_c033|SEV_batch1_c016|SEV_batch3_c015,246|660|506|495|734|876|246|208|877|431|391|102|112|245|371|636|891|249|246|352|525|519,252.00|560.49|554.84|513.28|505.76|622.88|238.87|463.06|639.49|434.02|545.89|539.97|559.47|276.94|577.55|570.92|606.00|231.68|200.91|545.75|713.85|502.32,147.604,199.0131,61.051,127.1996,0.4091,0.5,33.5434,4
PINN_UQ,100,2,69,22,22,36359,1.55,SEV_batch2_c030|SEV_batch3_c020|SEV_batch1_c045|SEV_batch1_c035|SEV_batch3_c029|SEV_batch1_c003|SEV_batch2_c018|SEV_batch1_c024|SEV_batch1_c004|SEV_batch1_c026|SEV_batch3_c025|SEV_batch3_c010|SEV_batch3_c031|SEV_batch2_c042|SEV_batch3_c009|SEV_batch3_c045|SEV_batch1_c023|SEV_batch2_c026|SEV_batch2_c039|SEV_batch3_c033|SEV_batch1_c016|SEV_batch3_c015,246|660|506|495|734|876|246|208|877|431|391|102|112|245|371|636|891|249|246|352|525|519,337.22|574.55|520.98|527.17|484.82|499.54|284.18|533.82|531.04|491.86|475.75|516.98|571.43|299.00|534.24|582.41|545.65|263.96|132.32|552.92|424.53|580.30,167.5883,219.6321,66.1063,95.8478,0.1818,0.5,15.7579,4
XGBoost,100,0,68,23,22,0,0.35,SEV_batch2_c006|SEV_batch1_c006|SEV_batch2_c019|SEV_batch2_c004|SEV_batch1_c012|SEV_batch3_c008|SEV_batch2_c040|SEV_batch1_c044|SEV_batch1_c013|SEV_batch2_c002|SEV_batch1_c030|SEV_batch3_c018|SEV_batch3_c030|SEV_batch1_c021|SEV_batch1_c000|SEV_batch2_c029|SEV_batch3_c040|SEV_batch2_c044|SEV_batch3_c027|SEV_batch2_c036|SEV_batch3_c012|SEV_batch3_c043,256|518|247|245|504|426|361|500|500|246|432|591|753|462|701|245|237|246|773|249|463|706,249.72|692.49|303.64|257.62|578.57|653.10|471.08|553.30|514.87|279.46|767.11|426.16|592.03|500.91|308.03|253.41|429.51|247.68|900.31|271.35|341.51|652.87,108.3217,150.7611,23.9057,65.6039,0.3636,0.5455,26.533,0
XGBoost,100,1,68,23,22,0,0.25,SEV_batch2_c006|SEV_batch1_c006|SEV_batch2_c019|SEV_batch2_c004|SEV_batch1_c012|SEV_batch3_c008|SEV_batch2_c040|SEV_batch1_c044|SEV_batch1_c013|SEV_batch2_c002|SEV_batch1_c030|SEV_batch3_c018|SEV_batch3_c030|SEV_batch1_c021|SEV_batch1_c000|SEV_batch2_c029|SEV_batch3_c040|SEV_batch2_c044|SEV_batch3_c027|SEV_batch2_c036|SEV_batch3_c012|SEV_batch3_c043,256|518|247|245|504|426|361|500|500|246|432|591|753|462|701|245|237|246|773|249|463|706,249.72|692.49|303.64|257.62|578.57|653.10|471.08|553.30|514.87|279.46|767.11|426.16|592.03|500.91|308.03|253.41|429.51|247.68|900.31|271.35|341.51|652.87,108.3217,150.7611,23.9057,65.6039,0.3636,0.5455,26.533,0
XGBoost,100,2,68,23,22,0,0.24,SEV_batch2_c006|SEV_batch1_c006|SEV_batch2_c019|SEV_batch2_c004|SEV_batch1_c012|SEV_batch3_c008|SEV_batch2_c040|SEV_batch1_c044|SEV_batch1_c013|SEV_batch2_c002|SEV_batch1_c030|SEV_batch3_c018|SEV_batch3_c030|SEV_batch1_c021|SEV_batch1_c000|SEV_batch2_c029|SEV_batch3_c040|SEV_batch2_c044|SEV_batch3_c027|SEV_batch2_c036|SEV_batch3_c012|SEV_batch3_c043,256|518|247|245|504|426|361|500|500|246|432|591|753|462|701|245|237|246|773|249|463|706,249.72|692.49|303.64|257.62|578.57|653.10|471.08|553.30|514.87|279.46|767.11|426.16|592.03|500.91|308.03|253.41|429.51|247.68|900.31|271.35|341.51|652.87,108.3217,150.7611,23.9057,65.6039,0.3636,0.5455,26.533,0
XGBoost,100,0,68,22,23,0,0.33,SEV_batch1_c014|SEV_batch1_c017|SEV_batch2_c037|SEV_batch1_c037|SEV_batch1_c027|SEV_batch2_c022|SEV_batch1_c025|SEV_batch3_c039|SEV_batch2_c032|SEV_batch3_c003|SEV_batch1_c036|SEV_batch2_c041|SEV_batch2_c010|SEV_batch1_c011|SEV_batch1_c040|SEV_batch3_c038|SEV_batch2_c035|SEV_batch1_c034|SEV_batch2_c007|SEV_batch3_c006|SEV_batch1_c007|SEV_batch3_c007|SEV_batch2_c033,522|507|245|438|502|245|569|938|360|600|490|249|249|507|485|1681|246|541|530|549|569|389|246,595.57|439.17|354.48|571.04|682.50|337.78|626.25|743.78|412.16|651.14|791.83|254.49|285.51|492.96|501.33|450.81|249.18|703.72|314.64|365.82|511.64|390.33|313.68,143.7898,283.4415,23.0968,67.834,0.2609,0.6087,-26.8348,1
XGBoost,100,1,68,22,23,0,0.32,SEV_batch1_c014|SEV_batch1_c017|SEV_batch2_c037|SEV_batch1_c037|SEV_batch1_c027|SEV_batch2_c022|SEV_batch1_c025|SEV_batch3_c039|SEV_batch2_c032|SEV_batch3_c003|SEV_batch1_c036|SEV_batch2_c041|SEV_batch2_c010|SEV_batch1_c011|SEV_batch1_c040|SEV_batch3_c038|SEV_batch2_c035|SEV_batch1_c034|SEV_batch2_c007|SEV_batch3_c006|SEV_batch1_c007|SEV_batch3_c007|SEV_batch2_c033,522|507|245|438|502|245|569|938|360|600|490|249|249|507|485|1681|246|541|530|549|569|389|246,595.57|439.17|354.48|571.04|682.50|337.78|626.25|743.78|412.16|651.14|791.83|254.49|285.51|492.96|501.33|450.81|249.18|703.72|314.64|365.82|511.64|390.33|313.68,143.7898,283.4415,23.0968,67.834,0.2609,0.6087,-26.8348,1
XGBoost,100,2,68,22,23,0,0.39,SEV_batch1_c014|SEV_batch1_c017|SEV_batch2_c037|SEV_batch1_c037|SEV_batch1_c027|SEV_batch2_c022|SEV_batch1_c025|SEV_batch3_c039|SEV_batch2_c032|SEV_batch3_c003|SEV_batch1_c036|SEV_batch2_c041|SEV_batch2_c010|SEV_batch1_c011|SEV_batch1_c040|SEV_batch3_c038|SEV_batch2_c035|SEV_batch1_c034|SEV_batch2_c007|SEV_batch3_c006|SEV_batch1_c007|SEV_batch3_c007|SEV_batch2_c033,522|507|245|438|502|245|569|938|360|600|490|249|249|507|485|1681|246|541|530|549|569|389|246,595.57|439.17|354.48|571.04|682.50|337.78|626.25|743.78|412.16|651.14|791.83|254.49|285.51|492.96|501.33|450.81|249.18|703.72|314.64|365.82|511.64|390.33|313.68,143.7898,283.4415,23.0968,67.834,0.2609,0.6087,-26.8348,1
XGBoost,100,0,70,22,21,0,0.36,SEV_batch1_c043|SEV_batch1_c019|SEV_batch2_c031|SEV_batch1_c042|SEV_batch2_c021|SEV_batch1_c009|SEV_batch2_c005|SEV_batch2_c038|SEV_batch2_c047|SEV_batch1_c031|SEV_batch1_c022|SEV_batch3_c016|SEV_batch3_c021|SEV_batch1_c029|SEV_batch1_c010|SEV_batch3_c019|SEV_batch2_c012|SEV_batch1_c015|SEV_batch3_c034|SEV_batch1_c005|SEV_batch1_c020,498|507|252|500|250|887|390|251|259|629|793|568|409|505|506|904|252|517|133|906|421,453.65|542.98|245.64|751.06|247.74|508.64|248.38|246.14|445.53|430.79|623.88|324.36|525.92|739.38|298.77|441.22|245.29|337.41|480.74|606.45|320.12,172.2922,214.971,40.0632,179.5876,0.2857,0.2857,-60.6155,2
XGBoost,100,1,70,22,21,0,0.28,SEV_batch1_c043|SEV_batch1_c019|SEV_batch2_c031|SEV_batch1_c042|SEV_batch2_c021|SEV_batch1_c009|SEV_batch2_c005|SEV_batch2_c038|SEV_batch2_c047|SEV_batch1_c031|SEV_batch1_c022|SEV_batch3_c016|SEV_batch3_c021|SEV_batch1_c029|SEV_batch1_c010|SEV_batch3_c019|SEV_batch2_c012|SEV_batch1_c015|SEV_batch3_c034|SEV_batch1_c005|SEV_batch1_c020,498|507|252|500|250|887|390|251|259|629|793|568|409|505|506|904|252|517|133|906|421,453.65|542.98|245.64|751.06|247.74|508.64|248.38|246.14|445.53|430.79|623.88|324.36|525.92|739.38|298.77|441.22|245.29|337.41|480.74|606.45|320.12,172.2922,214.971,40.0632,179.5876,0.2857,0.2857,-60.6155,2
XGBoost,100,2,70,22,21,0,0.45,SEV_batch1_c043|SEV_batch1_c019|SEV_batch2_c031|SEV_batch1_c042|SEV_batch2_c021|SEV_batch1_c009|SEV_batch2_c005|SEV_batch2_c038|SEV_batch2_c047|SEV_batch1_c031|SEV_batch1_c022|SEV_batch3_c016|SEV_batch3_c021|SEV_batch1_c029|SEV_batch1_c010|SEV_batch3_c019|SEV_batch2_c012|SEV_batch1_c015|SEV_batch3_c034|SEV_batch1_c005|SEV_batch1_c020,498|507|252|500|250|887|390|251|259|629|793|568|409|505|506|904|252|517|133|906|421,453.65|542.98|245.64|751.06|247.74|508.64|248.38|246.14|445.53|430.79|623.88|324.36|525.92|739.38|298.77|441.22|245.29|337.41|480.74|606.45|320.12,172.2922,214.971,40.0632,179.5876,0.2857,0.2857,-60.6155,2
XGBoost,100,0,68,22,23,0,0.25,SEV_batch3_c013|SEV_batch1_c008|SEV_batch3_c011|SEV_batch3_c026|SEV_batch3_c042|SEV_batch2_c020|SEV_batch2_c013|SEV_batch3_c000|SEV_batch2_c009|SEV_batch3_c004|SEV_batch2_c028|SEV_batch3_c041|SEV_batch3_c001|SEV_batch3_c014|SEV_batch2_c003|SEV_batch2_c024|SEV_batch2_c011|SEV_batch3_c036|SEV_batch2_c023|SEV_batch2_c043|SEV_batch1_c039|SEV_batch3_c037|SEV_batch2_c025,377|494|145|673|1341|247|244|819|309|441|248|621|585|143|248|247|248|863|246|249|504|598|249,588.41|738.31|353.19|398.30|1217.24|399.68|252.66|752.38|398.50|648.88|469.96|484.44|512.39|606.85|271.21|246.41|380.35|355.74|511.62|249.22|532.16|424.43|378.23,162.7352,208.4555,52.7546,136.5589,0.2174,0.3478,44.8512,3
XGBoost,100,1,68,22,23,0,0.34,SEV_batch3_c013|SEV_batch1_c008|SEV_batch3_c011|SEV_batch3_c026|SEV_batch3_c042|SEV_batch2_c020|SEV_batch2_c013|SEV_batch3_c000|SEV_batch2_c009|SEV_batch3_c004|SEV_batch2_c028|SEV_batch3_c041|SEV_batch3_c001|SEV_batch3_c014|SEV_batch2_c003|SEV_batch2_c024|SEV_batch2_c011|SEV_batch3_c036|SEV_batch2_c023|SEV_batch2_c043|SEV_batch1_c039|SEV_batch3_c037|SEV_batch2_c025,377|494|145|673|1341|247|244|819|309|441|248|621|585|143|248|247|248|863|246|249|504|598|249,588.41|738.31|353.19|398.30|1217.24|399.68|252.66|752.38|398.50|648.88|469.96|484.44|512.39|606.85|271.21|246.41|380.35|355.74|511.62|249.22|532.16|424.43|378.23,162.7352,208.4555,52.7546,136.5589,0.2174,0.3478,44.8512,3
XGBoost,100,2,68,22,23,0,0.27,SEV_batch3_c013|SEV_batch1_c008|SEV_batch3_c011|SEV_batch3_c026|SEV_batch3_c042|SEV_batch2_c020|SEV_batch2_c013|SEV_batch3_c000|SEV_batch2_c009|SEV_batch3_c004|SEV_batch2_c028|SEV_batch3_c041|SEV_batch3_c001|SEV_batch3_c014|SEV_batch2_c003|SEV_batch2_c024|SEV_batch2_c011|SEV_batch3_c036|SEV_batch2_c023|SEV_batch2_c043|SEV_batch1_c039|SEV_batch3_c037|SEV_batch2_c025,377|494|145|673|1341|247|244|819|309|441|248|621|585|143|248|247|248|863|246|249|504|598|249,588.41|738.31|353.19|398.30|1217.24|399.68|252.66|752.38|398.50|648.88|469.96|484.44|512.39|606.85|271.21|246.41|380.35|355.74|511.62|249.22|532.16|424.43|378.23,162.7352,208.4555,52.7546,136.5589,0.2174,0.3478,44.8512,3
XGBoost,100,0,69,22,22,0,0.42,SEV_batch2_c030|SEV_batch3_c020|SEV_batch1_c045|SEV_batch1_c035|SEV_batch3_c029|SEV_batch1_c003|SEV_batch2_c018|SEV_batch1_c024|SEV_batch1_c004|SEV_batch1_c026|SEV_batch3_c025|SEV_batch3_c010|SEV_batch3_c031|SEV_batch2_c042|SEV_batch3_c009|SEV_batch3_c045|SEV_batch1_c023|SEV_batch2_c026|SEV_batch2_c039|SEV_batch3_c033|SEV_batch1_c016|SEV_batch3_c015,246|660|506|495|734|876|246|208|877|431|391|102|112|245|371|636|891|249|246|352|525|519,252.68|652.77|473.07|686.39|487.84|591.42|657.75|563.25|542.36|571.37|526.07|496.86|475.86|244.32|777.16|980.97|498.40|241.87|245.78|844.51|611.30|461.50,213.3123,270.089,74.9499,218.7741,0.2727,0.3636,89.3399,4
XGBoost,100,1,69,22,22,0,0.33,SEV_batch2_c030|SEV_batch3_c020|SEV_batch1_c045|SEV_batch1_c035|SEV_batch3_c029|SEV_batch1_c003|SEV_batch2_c018|SEV_batch1_c024|SEV_batch1_c004|SEV_batch1_c026|SEV_batch3_c025|SEV_batch3_c010|SEV_batch3_c031|SEV_batch2_c042|SEV_batch3_c009|SEV_batch3_c045|SEV_batch1_c023|SEV_batch2_c026|SEV_batch2_c039|SEV_batch3_c033|SEV_batch1_c016|SEV_batch3_c015,246|660|506|495|734|876|246|208|877|431|391|102|112|245|371|636|891|249|246|352|525|519,252.68|652.77|473.07|686.39|487.84|591.42|657.75|563.25|542.36|571.37|526.07|496.86|475.86|244.32|777.16|980.97|498.40|241.87|245.78|844.51|611.30|461.50,213.3123,270.089,74.9499,218.7741,0.2727,0.3636,89.3399,4
XGBoost,100,2,69,22,22,0,2.0,SEV_batch2_c030|SEV_batch3_c020|SEV_batch1_c045|SEV_batch1_c035|SEV_batch3_c029|SEV_batch1_c003|SEV_batch2_c018|SEV_batch1_c024|SEV_batch1_c004|SEV_batch1_c026|SEV_batch3_c025|SEV_batch3_c010|SEV_batch3_c031|SEV_batch2_c042|SEV_batch3_c009|SEV_batch3_c045|SEV_batch1_c023|SEV_batch2_c026|SEV_batch2_c039|SEV_batch3_c033|SEV_batch1_c016|SEV_batch3_c015,246|660|506|495|734|876|246|208|877|431|391|102|112|245|371|636|891|249|246|352|525|519,252.68|652.77|473.07|686.39|487.84|591.42|657.75|563.25|542.36|571.37|526.07|496.86|475.86|244.32|777.16|980.97|498.40|241.87|245.78|844.51|611.30|461.50,213.3123,270.089,74.9499,218.7741,0.2727,0.3636,89.3399,4
RandomForest,100,0,68,23,22,0,1.35,SEV_batch2_c006|SEV_batch1_c006|SEV_batch2_c019|SEV_batch2_c004|SEV_batch1_c012|SEV_batch3_c008|SEV_batch2_c040|SEV_batch1_c044|SEV_batch1_c013|SEV_batch2_c002|SEV_batch1_c030|SEV_batch3_c018|SEV_batch3_c030|SEV_batch1_c021|SEV_batch1_c000|SEV_batch2_c029|SEV_batch3_c040|SEV_batch2_c044|SEV_batch3_c027|SEV_batch2_c036|SEV_batch3_c012|SEV_batch3_c043,256|518|247|245|504|426|361|500|500|246|432|591|753|462|701|245|237|246|773|249|463|706,260.90|597.35|305.72|272.95|617.31|556.27|455.51|555.08|557.91|298.68|545.72|495.73|649.31|506.26|484.30|271.93|465.84|256.38|594.60|308.10|464.34|682.60,80.7601,102.0707,19.7529,58.9101,0.3182,0.6818,24.6266,0
RandomForest,100,1,68,23,22,0,0.74,SEV_batch2_c006|SEV_batch1_c006|SEV_batch2_c019|SEV_batch2_c004|SEV_batch1_c012|SEV_batch3_c008|SEV_batch2_c040|SEV_batch1_c044|SEV_batch1_c013|SEV_batch2_c002|SEV_batch1_c030|SEV_batch3_c018|SEV_batch3_c030|SEV_batch1_c021|SEV_batch1_c000|SEV_batch2_c029|SEV_batch3_c040|SEV_batch2_c044|SEV_batch3_c027|SEV_batch2_c036|SEV_batch3_c012|SEV_batch3_c043,256|518|247|245|504|426|361|500|500|246|432|591|753|462|701|245|237|246|773|249|463|706,260.90|597.35|305.72|272.95|617.31|556.27|455.51|555.08|557.91|298.68|545.72|495.73|649.31|506.26|484.30|271.93|465.84|256.38|594.60|308.10|464.34|682.60,80.7601,102.0707,19.7529,58.9101,0.3182,0.6818,24.6266,0
RandomForest,100,2,68,23,22,0,1.04,SEV_batch2_c006|SEV_batch1_c006|SEV_batch2_c019|SEV_batch2_c004|SEV_batch1_c012|SEV_batch3_c008|SEV_batch2_c040|SEV_batch1_c044|SEV_batch1_c013|SEV_batch2_c002|SEV_batch1_c030|SEV_batch3_c018|SEV_batch3_c030|SEV_batch1_c021|SEV_batch1_c000|SEV_batch2_c029|SEV_batch3_c040|SEV_batch2_c044|SEV_batch3_c027|SEV_batch2_c036|SEV_batch3_c012|SEV_batch3_c043,256|518|247|245|504|426|361|500|500|246|432|591|753|462|701|245|237|246|773|249|463|706,260.90|597.35|305.72|272.95|617.31|556.27|455.51|555.08|557.91|298.68|545.72|495.73|649.31|506.26|484.30|271.93|465.84|256.38|594.60|308.10|464.34|682.60,80.7601,102.0707,19.7529,58.9101,0.3182,0.6818,24.6266,0
RandomForest,100,0,68,22,23,0,0.7,SEV_batch1_c014|SEV_batch1_c017|SEV_batch2_c037|SEV_batch1_c037|SEV_batch1_c027|SEV_batch2_c022|SEV_batch1_c025|SEV_batch3_c039|SEV_batch2_c032|SEV_batch3_c003|SEV_batch1_c036|SEV_batch2_c041|SEV_batch2_c010|SEV_batch1_c011|SEV_batch1_c040|SEV_batch3_c038|SEV_batch2_c035|SEV_batch1_c034|SEV_batch2_c007|SEV_batch3_c006|SEV_batch1_c007|SEV_batch3_c007|SEV_batch2_c033,522|507|245|438|502|245|569|938|360|600|490|249|249|507|485|1681|246|541|530|549|569|389|246,508.55|466.05|416.39|483.40|580.42|333.74|549.71|620.95|362.30|553.25|631.35|268.84|267.20|453.38|521.25|670.22|266.42|527.12|375.72|422.81|512.41|459.42|347.71,115.0986,233.6678,19.265,53.6154,0.4783,0.6957,-46.0176,1
RandomForest,100,1,68,22,23,0,0.7,SEV_batch1_c014|SEV_batch1_c017|SEV_batch2_c037|SEV_batch1_c037|SEV_batch1_c027|SEV_batch2_c022|SEV_batch1_c025|SEV_batch3_c039|SEV_batch2_c032|SEV_batch3_c003|SEV_batch1_c036|SEV_batch2_c041|SEV_batch2_c010|SEV_batch1_c011|SEV_batch1_c040|SEV_batch3_c038|SEV_batch2_c035|SEV_batch1_c034|SEV_batch2_c007|SEV_batch3_c006|SEV_batch1_c007|SEV_batch3_c007|SEV_batch2_c033,522|507|245|438|502|245|569|938|360|600|490|249|249|507|485|1681|246|541|530|549|569|389|246,508.55|466.05|416.39|483.40|580.42|333.74|549.71|620.95|362.30|553.25|631.35|268.84|267.20|453.38|521.25|670.22|266.42|527.12|375.72|422.81|512.41|459.42|347.71,115.0986,233.6678,19.265,53.6154,0.4783,0.6957,-46.0176,1
RandomForest,100,2,68,22,23,0,0.77,SEV_batch1_c014|SEV_batch1_c017|SEV_batch2_c037|SEV_batch1_c037|SEV_batch1_c027|SEV_batch2_c022|SEV_batch1_c025|SEV_batch3_c039|SEV_batch2_c032|SEV_batch3_c003|SEV_batch1_c036|SEV_batch2_c041|SEV_batch2_c010|SEV_batch1_c011|SEV_batch1_c040|SEV_batch3_c038|SEV_batch2_c035|SEV_batch1_c034|SEV_batch2_c007|SEV_batch3_c006|SEV_batch1_c007|SEV_batch3_c007|SEV_batch2_c033,522|507|245|438|502|245|569|938|360|600|490|249|249|507|485|1681|246|541|530|549|569|389|246,508.55|466.05|416.39|483.40|580.42|333.74|549.71|620.95|362.30|553.25|631.35|268.84|267.20|453.38|521.25|670.22|266.42|527.12|375.72|422.81|512.41|459.42|347.71,115.0986,233.6678,19.265,53.6154,0.4783,0.6957,-46.0176,1
RandomForest,100,0,70,22,21,0,0.79,SEV_batch1_c043|SEV_batch1_c019|SEV_batch2_c031|SEV_batch1_c042|SEV_batch2_c021|SEV_batch1_c009|SEV_batch2_c005|SEV_batch2_c038|SEV_batch2_c047|SEV_batch1_c031|SEV_batch1_c022|SEV_batch3_c016|SEV_batch3_c021|SEV_batch1_c029|SEV_batch1_c010|SEV_batch3_c019|SEV_batch2_c012|SEV_batch1_c015|SEV_batch3_c034|SEV_batch1_c005|SEV_batch1_c020,498|507|252|500|250|887|390|251|259|629|793|568|409|505|506|904|252|517|133|906|421,470.55|506.74|250.84|726.00|249.19|553.08|271.37|251.19|392.97|489.26|524.18|409.09|482.97|640.67|398.20|683.08|257.72|379.41|426.09|568.02|391.99,131.0291,171.3597,30.4591,133.9715,0.3333,0.381,-48.3046,2
RandomForest,100,1,70,22,21,0,1.23,SEV_batch1_c043|SEV_batch1_c019|SEV_batch2_c031|SEV_batch1_c042|SEV_batch2_c021|SEV_batch1_c009|SEV_batch2_c005|SEV_batch2_c038|SEV_batch2_c047|SEV_batch1_c031|SEV_batch1_c022|SEV_batch3_c016|SEV_batch3_c021|SEV_batch1_c029|SEV_batch1_c010|SEV_batch3_c019|SEV_batch2_c012|SEV_batch1_c015|SEV_batch3_c034|SEV_batch1_c005|SEV_batch1_c020,498|507|252|500|250|887|390|251|259|629|793|568|409|505|506|904|252|517|133|906|421,470.55|506.74|250.84|726.00|249.19|553.08|271.37|251.19|392.97|489.26|524.18|409.09|482.97|640.67|398.20|683.08|257.72|379.41|426.09|568.02|391.99,131.0291,171.3597,30.4591,133.9715,0.3333,0.381,-48.3046,2
RandomForest,100,2,70,22,21,0,0.84,SEV_batch1_c043|SEV_batch1_c019|SEV_batch2_c031|SEV_batch1_c042|SEV_batch2_c021|SEV_batch1_c009|SEV_batch2_c005|SEV_batch2_c038|SEV_batch2_c047|SEV_batch1_c031|SEV_batch1_c022|SEV_batch3_c016|SEV_batch3_c021|SEV_batch1_c029|SEV_batch1_c010|SEV_batch3_c019|SEV_batch2_c012|SEV_batch1_c015|SEV_batch3_c034|SEV_batch1_c005|SEV_batch1_c020,498|507|252|500|250|887|390|251|259|629|793|568|409|505|506|904|252|517|133|906|421,470.55|506.74|250.84|726.00|249.19|553.08|271.37|251.19|392.97|489.26|524.18|409.09|482.97|640.67|398.20|683.08|257.72|379.41|426.09|568.02|391.99,131.0291,171.3597,30.4591,133.9715,0.3333,0.381,-48.3046,2
RandomForest,100,0,68,22,23,0,0.51,SEV_batch3_c013|SEV_batch1_c008|SEV_batch3_c011|SEV_batch3_c026|SEV_batch3_c042|SEV_batch2_c020|SEV_batch2_c013|SEV_batch3_c000|SEV_batch2_c009|SEV_batch3_c004|SEV_batch2_c028|SEV_batch3_c041|SEV_batch3_c001|SEV_batch3_c014|SEV_batch2_c003|SEV_batch2_c024|SEV_batch2_c011|SEV_batch3_c036|SEV_batch2_c023|SEV_batch2_c043|SEV_batch1_c039|SEV_batch3_c037|SEV_batch2_c025,377|494|145|673|1341|247|244|819|309|441|248|621|585|143|248|247|248|863|246|249|504|598|249,550.63|701.05|445.74|466.40|685.30|387.67|345.17|575.66|464.40|788.34|425.89|484.24|521.22|565.67|297.19|276.74|377.36|599.56|466.98|256.87|536.82|455.14|389.69,189.1168,236.1653,57.6885,155.3995,0.1739,0.2174,40.2062,3
RandomForest,100,1,68,22,23,0,0.67,SEV_batch3_c013|SEV_batch1_c008|SEV_batch3_c011|SEV_batch3_c026|SEV_batch3_c042|SEV_batch2_c020|SEV_batch2_c013|SEV_batch3_c000|SEV_batch2_c009|SEV_batch3_c004|SEV_batch2_c028|SEV_batch3_c041|SEV_batch3_c001|SEV_batch3_c014|SEV_batch2_c003|SEV_batch2_c024|SEV_batch2_c011|SEV_batch3_c036|SEV_batch2_c023|SEV_batch2_c043|SEV_batch1_c039|SEV_batch3_c037|SEV_batch2_c025,377|494|145|673|1341|247|244|819|309|441|248|621|585|143|248|247|248|863|246|249|504|598|249,550.63|701.05|445.74|466.40|685.30|387.67|345.17|575.66|464.40|788.34|425.89|484.24|521.22|565.67|297.19|276.74|377.36|599.56|466.98|256.87|536.82|455.14|389.69,189.1168,236.1653,57.6885,155.3995,0.1739,0.2174,40.2062,3
RandomForest,100,2,68,22,23,0,0.75,SEV_batch3_c013|SEV_batch1_c008|SEV_batch3_c011|SEV_batch3_c026|SEV_batch3_c042|SEV_batch2_c020|SEV_batch2_c013|SEV_batch3_c000|SEV_batch2_c009|SEV_batch3_c004|SEV_batch2_c028|SEV_batch3_c041|SEV_batch3_c001|SEV_batch3_c014|SEV_batch2_c003|SEV_batch2_c024|SEV_batch2_c011|SEV_batch3_c036|SEV_batch2_c023|SEV_batch2_c043|SEV_batch1_c039|SEV_batch3_c037|SEV_batch2_c025,377|494|145|673|1341|247|244|819|309|441|248|621|585|143|248|247|248|863|246|249|504|598|249,550.63|701.05|445.74|466.40|685.30|387.67|345.17|575.66|464.40|788.34|425.89|484.24|521.22|565.67|297.19|276.74|377.36|599.56|466.98|256.87|536.82|455.14|389.69,189.1168,236.1653,57.6885,155.3995,0.1739,0.2174,40.2062,3
RandomForest,100,0,69,22,22,0,0.78,SEV_batch2_c030|SEV_batch3_c020|SEV_batch1_c045|SEV_batch1_c035|SEV_batch3_c029|SEV_batch1_c003|SEV_batch2_c018|SEV_batch1_c024|SEV_batch1_c004|SEV_batch1_c026|SEV_batch3_c025|SEV_batch3_c010|SEV_batch3_c031|SEV_batch2_c042|SEV_batch3_c009|SEV_batch3_c045|SEV_batch1_c023|SEV_batch2_c026|SEV_batch2_c039|SEV_batch3_c033|SEV_batch1_c016|SEV_batch3_c015,246|660|506|495|734|876|246|208|877|431|391|102|112|245|371|636|891|249|246|352|525|519,265.91|517.96|440.85|588.93|535.62|613.51|417.36|602.90|578.94|538.43|550.05|491.16|473.31|260.08|492.01|702.22|558.77|255.98|255.43|934.01|536.72|480.33,174.8422,234.0371,65.9012,131.5229,0.2727,0.4091,53.2945,4
RandomForest,100,1,69,22,22,0,0.82,SEV_batch2_c030|SEV_batch3_c020|SEV_batch1_c045|SEV_batch1_c035|SEV_batch3_c029|SEV_batch1_c003|SEV_batch2_c018|SEV_batch1_c024|SEV_batch1_c004|SEV_batch1_c026|SEV_batch3_c025|SEV_batch3_c010|SEV_batch3_c031|SEV_batch2_c042|SEV_batch3_c009|SEV_batch3_c045|SEV_batch1_c023|SEV_batch2_c026|SEV_batch2_c039|SEV_batch3_c033|SEV_batch1_c016|SEV_batch3_c015,246|660|506|495|734|876|246|208|877|431|391|102|112|245|371|636|891|249|246|352|525|519,265.91|517.96|440.85|588.93|535.62|613.51|417.36|602.90|578.94|538.43|550.05|491.16|473.31|260.08|492.01|702.22|558.77|255.98|255.43|934.01|536.72|480.33,174.8422,234.0371,65.9012,131.5229,0.2727,0.4091,53.2945,4
RandomForest,100,2,69,22,22,0,0.96,SEV_batch2_c030|SEV_batch3_c020|SEV_batch1_c045|SEV_batch1_c035|SEV_batch3_c029|SEV_batch1_c003|SEV_batch2_c018|SEV_batch1_c024|SEV_batch1_c004|SEV_batch1_c026|SEV_batch3_c025|SEV_batch3_c010|SEV_batch3_c031|SEV_batch2_c042|SEV_batch3_c009|SEV_batch3_c045|SEV_batch1_c023|SEV_batch2_c026|SEV_batch2_c039|SEV_batch3_c033|SEV_batch1_c016|SEV_batch3_c015,246|660|506|495|734|876|246|208|877|431|391|102|112|245|371|636|891|249|246|352|525|519,265.91|517.96|440.85|588.93|535.62|613.51|417.36|602.90|578.94|538.43|550.05|491.16|473.31|260.08|492.01|702.22|558.77|255.98|255.43|934.01|536.72|480.33,174.8422,234.0371,65.9012,131.5229,0.2727,0.4091,53.2945,4
GaussianProcess,100,0,68,23,22,0,0.3,SEV_batch2_c006|SEV_batch1_c006|SEV_batch2_c019|SEV_batch2_c004|SEV_batch1_c012|SEV_batch3_c008|SEV_batch2_c040|SEV_batch1_c044|SEV_batch1_c013|SEV_batch2_c002|SEV_batch1_c030|SEV_batch3_c018|SEV_batch3_c030|SEV_batch1_c021|SEV_batch1_c000|SEV_batch2_c029|SEV_batch3_c040|SEV_batch2_c044|SEV_batch3_c027|SEV_batch2_c036|SEV_batch3_c012|SEV_batch3_c043,256|518|247|245|504|426|361|500|500|246|432|591|753|462|701|245|237|246|773|249|463|706,455.75|529.01|450.56|399.06|504.95|658.34|450.54|479.08|522.47|416.61|565.31|448.45|713.21|455.54|414.18|389.40|499.82|345.82|608.95|307.54|521.16|621.06,117.5848,144.6082,34.7875,116.564,0.2727,0.5,49.8096,0
GaussianProcess,100,1,68,23,22,0,0.33,SEV_batch2_c006|SEV_batch1_c006|SEV_batch2_c019|SEV_batch2_c004|SEV_batch1_c012|SEV_batch3_c008|SEV_batch2_c040|SEV_batch1_c044|SEV_batch1_c013|SEV_batch2_c002|SEV_batch1_c030|SEV_batch3_c018|SEV_batch3_c030|SEV_batch1_c021|SEV_batch1_c000|SEV_batch2_c029|SEV_batch3_c040|SEV_batch2_c044|SEV_batch3_c027|SEV_batch2_c036|SEV_batch3_c012|SEV_batch3_c043,256|518|247|245|504|426|361|500|500|246|432|591|753|462|701|245|237|246|773|249|463|706,455.75|529.01|450.56|399.06|504.95|658.34|450.54|479.08|522.47|416.61|565.31|448.45|713.21|455.54|414.18|389.40|499.82|345.82|608.95|307.54|521.16|621.06,117.5848,144.6082,34.7875,116.564,0.2727,0.5,49.8096,0
GaussianProcess,100,2,68,23,22,0,0.21,SEV_batch2_c006|SEV_batch1_c006|SEV_batch2_c019|SEV_batch2_c004|SEV_batch1_c012|SEV_batch3_c008|SEV_batch2_c040|SEV_batch1_c044|SEV_batch1_c013|SEV_batch2_c002|SEV_batch1_c030|SEV_batch3_c018|SEV_batch3_c030|SEV_batch1_c021|SEV_batch1_c000|SEV_batch2_c029|SEV_batch3_c040|SEV_batch2_c044|SEV_batch3_c027|SEV_batch2_c036|SEV_batch3_c012|SEV_batch3_c043,256|518|247|245|504|426|361|500|500|246|432|591|753|462|701|245|237|246|773|249|463|706,455.75|529.01|450.56|399.06|504.95|658.34|450.54|479.08|522.47|416.61|565.31|448.45|713.21|455.54|414.18|389.40|499.82|345.82|608.95|307.54|521.16|621.06,117.5848,144.6082,34.7875,116.564,0.2727,0.5,49.8096,0
GaussianProcess,100,0,68,22,23,0,0.25,SEV_batch1_c014|SEV_batch1_c017|SEV_batch2_c037|SEV_batch1_c037|SEV_batch1_c027|SEV_batch2_c022|SEV_batch1_c025|SEV_batch3_c039|SEV_batch2_c032|SEV_batch3_c003|SEV_batch1_c036|SEV_batch2_c041|SEV_batch2_c010|SEV_batch1_c011|SEV_batch1_c040|SEV_batch3_c038|SEV_batch2_c035|SEV_batch1_c034|SEV_batch2_c007|SEV_batch3_c006|SEV_batch1_c007|SEV_batch3_c007|SEV_batch2_c033,522|507|245|438|502|245|569|938|360|600|490|249|249|507|485|1681|246|541|530|549|569|389|246,578.69|410.00|383.88|549.59|618.67|355.65|500.17|480.05|419.99|473.28|641.76|382.49|380.29|457.76|511.55|523.70|337.49|449.55|455.75|449.25|468.66|424.70|421.07,159.2463,278.1218,29.7764,100.3443,0.1304,0.4783,-42.7396,1
GaussianProcess,100,1,68,22,23,0,0.27,SEV_batch1_c014|SEV_batch1_c017|SEV_batch2_c037|SEV_batch1_c037|SEV_batch1_c027|SEV_batch2_c022|SEV_batch1_c025|SEV_batch3_c039|SEV_batch2_c032|SEV_batch3_c003|SEV_batch1_c036|SEV_batch2_c041|SEV_batch2_c010|SEV_batch1_c011|SEV_batch1_c040|SEV_batch3_c038|SEV_batch2_c035|SEV_batch1_c034|SEV_batch2_c007|SEV_batch3_c006|SEV_batch1_c007|SEV_batch3_c007|SEV_batch2_c033,522|507|245|438|502|245|569|938|360|600|490|249|249|507|485|1681|246|541|530|549|569|389|246,578.69|410.00|383.88|549.59|618.67|355.65|500.17|480.05|419.99|473.28|641.76|382.49|380.29|457.76|511.55|523.70|337.49|449.55|455.75|449.25|468.66|424.70|421.07,159.2463,278.1218,29.7764,100.3443,0.1304,0.4783,-42.7396,1
GaussianProcess,100,2,68,22,23,0,0.26,SEV_batch1_c014|SEV_batch1_c017|SEV_batch2_c037|SEV_batch1_c037|SEV_batch1_c027|SEV_batch2_c022|SEV_batch1_c025|SEV_batch3_c039|SEV_batch2_c032|SEV_batch3_c003|SEV_batch1_c036|SEV_batch2_c041|SEV_batch2_c010|SEV_batch1_c011|SEV_batch1_c040|SEV_batch3_c038|SEV_batch2_c035|SEV_batch1_c034|SEV_batch2_c007|SEV_batch3_c006|SEV_batch1_c007|SEV_batch3_c007|SEV_batch2_c033,522|507|245|438|502|245|569|938|360|600|490|249|249|507|485|1681|246|541|530|549|569|389|246,578.69|410.00|383.88|549.59|618.67|355.65|500.17|480.05|419.99|473.28|641.76|382.49|380.29|457.76|511.55|523.70|337.49|449.55|455.75|449.25|468.66|424.70|421.07,159.2463,278.1218,29.7764,100.3443,0.1304,0.4783,-42.7396,1
GaussianProcess,100,0,70,22,21,0,0.27,SEV_batch1_c043|SEV_batch1_c019|SEV_batch2_c031|SEV_batch1_c042|SEV_batch2_c021|SEV_batch1_c009|SEV_batch2_c005|SEV_batch2_c038|SEV_batch2_c047|SEV_batch1_c031|SEV_batch1_c022|SEV_batch3_c016|SEV_batch3_c021|SEV_batch1_c029|SEV_batch1_c010|SEV_batch3_c019|SEV_batch2_c012|SEV_batch1_c015|SEV_batch3_c034|SEV_batch1_c005|SEV_batch1_c020,498|507|252|500|250|887|390|251|259|629|793|568|409|505|506|904|252|517|133|906|421,495.59|507.57|273.78|534.97|305.79|493.14|374.70|302.41|463.60|477.90|525.83|431.41|459.35|571.67|476.66|491.18|415.85|452.64|525.25|559.73|454.87,137.8728,195.3883,36.3689,64.3578,0.3333,0.5714,-35.387,2
GaussianProcess,100,1,70,22,21,0,0.3,SEV_batch1_c043|SEV_batch1_c019|SEV_batch2_c031|SEV_batch1_c042|SEV_batch2_c021|SEV_batch1_c009|SEV_batch2_c005|SEV_batch2_c038|SEV_batch2_c047|SEV_batch1_c031|SEV_batch1_c022|SEV_batch3_c016|SEV_batch3_c021|SEV_batch1_c029|SEV_batch1_c010|SEV_batch3_c019|SEV_batch2_c012|SEV_batch1_c015|SEV_batch3_c034|SEV_batch1_c005|SEV_batch1_c020,498|507|252|500|250|887|390|251|259|629|793|568|409|505|506|904|252|517|133|906|421,495.59|507.57|273.78|534.97|305.79|493.14|374.70|302.41|463.60|477.90|525.83|431.41|459.35|571.67|476.66|491.18|415.85|452.64|525.25|559.73|454.87,137.8728,195.3883,36.3689,64.3578,0.3333,0.5714,-35.387,2
GaussianProcess,100,2,70,22,21,0,0.16,SEV_batch1_c043|SEV_batch1_c019|SEV_batch2_c031|SEV_batch1_c042|SEV_batch2_c021|SEV_batch1_c009|SEV_batch2_c005|SEV_batch2_c038|SEV_batch2_c047|SEV_batch1_c031|SEV_batch1_c022|SEV_batch3_c016|SEV_batch3_c021|SEV_batch1_c029|SEV_batch1_c010|SEV_batch3_c019|SEV_batch2_c012|SEV_batch1_c015|SEV_batch3_c034|SEV_batch1_c005|SEV_batch1_c020,498|507|252|500|250|887|390|251|259|629|793|568|409|505|506|904|252|517|133|906|421,495.59|507.57|273.78|534.97|305.79|493.14|374.70|302.41|463.60|477.90|525.83|431.41|459.35|571.67|476.66|491.18|415.85|452.64|525.25|559.73|454.87,137.8728,195.3883,36.3689,64.3578,0.3333,0.5714,-35.387,2
GaussianProcess,100,0,68,22,23,0,0.16,SEV_batch3_c013|SEV_batch1_c008|SEV_batch3_c011|SEV_batch3_c026|SEV_batch3_c042|SEV_batch2_c020|SEV_batch2_c013|SEV_batch3_c000|SEV_batch2_c009|SEV_batch3_c004|SEV_batch2_c028|SEV_batch3_c041|SEV_batch3_c001|SEV_batch3_c014|SEV_batch2_c003|SEV_batch2_c024|SEV_batch2_c011|SEV_batch3_c036|SEV_batch2_c023|SEV_batch2_c043|SEV_batch1_c039|SEV_batch3_c037|SEV_batch2_c025,377|494|145|673|1341|247|244|819|309|441|248|621|585|143|248|247|248|863|246|249|504|598|249,460.59|533.69|532.98|535.39|581.87|353.71|446.96|580.56|486.96|679.97|451.42|530.98|543.24|477.08|477.96|324.77|362.88|454.21|437.95|308.63|535.25|477.73|374.56,191.4082,249.0156,59.8266,137.6142,0.1304,0.3043,35.2316,3
GaussianProcess,100,1,68,22,23,0,0.2,SEV_batch3_c013|SEV_batch1_c008|SEV_batch3_c011|SEV_batch3_c026|SEV_batch3_c042|SEV_batch2_c020|SEV_batch2_c013|SEV_batch3_c000|SEV_batch2_c009|SEV_batch3_c004|SEV_batch2_c028|SEV_batch3_c041|SEV_batch3_c001|SEV_batch3_c014|SEV_batch2_c003|SEV_batch2_c024|SEV_batch2_c011|SEV_batch3_c036|SEV_batch2_c023|SEV_batch2_c043|SEV_batch1_c039|SEV_batch3_c037|SEV_batch2_c025,377|494|145|673|1341|247|244|819|309|441|248|621|585|143|248|247|248|863|246|249|504|598|249,460.59|533.69|532.98|535.39|581.87|353.71|446.96|580.56|486.96|679.97|451.42|530.98|543.24|477.08|477.96|324.77|362.88|454.21|437.95|308.63|535.25|477.73|374.56,191.4082,249.0156,59.8266,137.6142,0.1304,0.3043,35.2316,3
GaussianProcess,100,2,68,22,23,0,0.46,SEV_batch3_c013|SEV_batch1_c008|SEV_batch3_c011|SEV_batch3_c026|SEV_batch3_c042|SEV_batch2_c020|SEV_batch2_c013|SEV_batch3_c000|SEV_batch2_c009|SEV_batch3_c004|SEV_batch2_c028|SEV_batch3_c041|SEV_batch3_c001|SEV_batch3_c014|SEV_batch2_c003|SEV_batch2_c024|SEV_batch2_c011|SEV_batch3_c036|SEV_batch2_c023|SEV_batch2_c043|SEV_batch1_c039|SEV_batch3_c037|SEV_batch2_c025,377|494|145|673|1341|247|244|819|309|441|248|621|585|143|248|247|248|863|246|249|504|598|249,460.59|533.69|532.98|535.39|581.87|353.71|446.96|580.56|486.96|679.97|451.42|530.98|543.24|477.08|477.96|324.77|362.88|454.21|437.95|308.63|535.25|477.73|374.56,191.4082,249.0156,59.8266,137.6142,0.1304,0.3043,35.2316,3
GaussianProcess,100,0,69,22,22,0,0.21,SEV_batch2_c030|SEV_batch3_c020|SEV_batch1_c045|SEV_batch1_c035|SEV_batch3_c029|SEV_batch1_c003|SEV_batch2_c018|SEV_batch1_c024|SEV_batch1_c004|SEV_batch1_c026|SEV_batch3_c025|SEV_batch3_c010|SEV_batch3_c031|SEV_batch2_c042|SEV_batch3_c009|SEV_batch3_c045|SEV_batch1_c023|SEV_batch2_c026|SEV_batch2_c039|SEV_batch3_c033|SEV_batch1_c016|SEV_batch3_c015,246|660|506|495|734|876|246|208|877|431|391|102|112|245|371|636|891|249|246|352|525|519,309.12|715.07|536.31|548.01|588.29|520.53|379.68|524.24|520.61|515.90|594.74|581.00|607.43|311.61|689.78|630.05|571.08|324.15|295.89|639.94|550.66|554.85,179.9005,236.2841,74.36,109.29,0.2273,0.5,72.3156,4
GaussianProcess,100,1,69,22,22,0,0.21,SEV_batch2_c030|SEV_batch3_c020|SEV_batch1_c045|SEV_batch1_c035|SEV_batch3_c029|SEV_batch1_c003|SEV_batch2_c018|SEV_batch1_c024|SEV_batch1_c004|SEV_batch1_c026|SEV_batch3_c025|SEV_batch3_c010|SEV_batch3_c031|SEV_batch2_c042|SEV_batch3_c009|SEV_batch3_c045|SEV_batch1_c023|SEV_batch2_c026|SEV_batch2_c039|SEV_batch3_c033|SEV_batch1_c016|SEV_batch3_c015,246|660|506|495|734|876|246|208|877|431|391|102|112|245|371|636|891|249|246|352|525|519,309.12|715.07|536.31|548.01|588.29|520.53|379.68|524.24|520.61|515.90|594.74|581.00|607.43|311.61|689.78|630.05|571.08|324.15|295.89|639.94|550.66|554.85,179.9005,236.2841,74.36,109.29,0.2273,0.5,72.3156,4
GaussianProcess,100,2,69,22,22,0,0.19,SEV_batch2_c030|SEV_batch3_c020|SEV_batch1_c045|SEV_batch1_c035|SEV_batch3_c029|SEV_batch1_c003|SEV_batch2_c018|SEV_batch1_c024|SEV_batch1_c004|SEV_batch1_c026|SEV_batch3_c025|SEV_batch3_c010|SEV_batch3_c031|SEV_batch2_c042|SEV_batch3_c009|SEV_batch3_c045|SEV_batch1_c023|SEV_batch2_c026|SEV_batch2_c039|SEV_batch3_c033|SEV_batch1_c016|SEV_batch3_c015,246|660|506|495|734|876|246|208|877|431|391|102|112|245|371|636|891|249|246|352|525|519,309.12|715.07|536.31|548.01|588.29|520.53|379.68|524.24|520.61|515.90|594.74|581.00|607.43|311.61|689.78|630.05|571.08|324.15|295.89|639.94|550.66|554.85,179.9005,236.2841,74.36,109.29,0.2273,0.5,72.3156,4
Pure_NN,100,0,68,23,22,36353,1.4,SEV_batch2_c006|SEV_batch1_c006|SEV_batch2_c019|SEV_batch2_c004|SEV_batch1_c012|SEV_batch3_c008|SEV_batch2_c040|SEV_batch1_c044|SEV_batch1_c013|SEV_batch2_c002|SEV_batch1_c030|SEV_batch3_c018|SEV_batch3_c030|SEV_batch1_c021|SEV_batch1_c000|SEV_batch2_c029|SEV_batch3_c040|SEV_batch2_c044|SEV_batch3_c027|SEV_batch2_c036|SEV_batch3_c012|SEV_batch3_c043,256|518|247|245|504|426|361|500|500|246|432|591|753|462|701|245|237|246|773|249|463|706,32.93|669.20|375.75|299.08|609.69|483.65|374.81|536.16|555.84|206.58|554.86|556.05|546.28|486.63|318.60|424.77|395.36|287.06|452.88|290.55|602.23|573.28,120.4562,153.587,29.4919,114.2753,0.3182,0.4545,-1.3073,0
Pure_NN,100,1,68,23,22,36353,1.5,SEV_batch2_c006|SEV_batch1_c006|SEV_batch2_c019|SEV_batch2_c004|SEV_batch1_c012|SEV_batch3_c008|SEV_batch2_c040|SEV_batch1_c044|SEV_batch1_c013|SEV_batch2_c002|SEV_batch1_c030|SEV_batch3_c018|SEV_batch3_c030|SEV_batch1_c021|SEV_batch1_c000|SEV_batch2_c029|SEV_batch3_c040|SEV_batch2_c044|SEV_batch3_c027|SEV_batch2_c036|SEV_batch3_c012|SEV_batch3_c043,256|518|247|245|504|426|361|500|500|246|432|591|753|462|701|245|237|246|773|249|463|706,46.78|745.81|275.90|299.26|619.91|451.95|285.92|594.16|571.98|275.47|629.19|631.88|445.68|642.12|321.55|452.48|406.91|280.94|388.20|290.68|523.44|532.32,141.3916,178.6688,32.5406,105.0345,0.2727,0.5,2.3429,0
Pure_NN,100,2,68,23,22,36353,1.4,SEV_batch2_c006|SEV_batch1_c006|SEV_batch2_c019|SEV_batch2_c004|SEV_batch1_c012|SEV_batch3_c008|SEV_batch2_c040|SEV_batch1_c044|SEV_batch1_c013|SEV_batch2_c002|SEV_batch1_c030|SEV_batch3_c018|SEV_batch3_c030|SEV_batch1_c021|SEV_batch1_c000|SEV_batch2_c029|SEV_batch3_c040|SEV_batch2_c044|SEV_batch3_c027|SEV_batch2_c036|SEV_batch3_c012|SEV_batch3_c043,256|518|247|245|504|426|361|500|500|246|432|591|753|462|701|245|237|246|773|249|463|706,215.29|687.53|527.58|371.20|687.15|562.23|339.27|608.64|665.19|169.27|658.56|743.11|658.29|891.86|598.17|346.74|418.41|359.31|543.58|327.09|796.36|702.95,152.5076,181.8304,39.5506,131.2139,0.1364,0.2727,100.7628,0
Pure_NN,100,0,68,22,23,36353,1.74,SEV_batch1_c014|SEV_batch1_c017|SEV_batch2_c037|SEV_batch1_c037|SEV_batch1_c027|SEV_batch2_c022|SEV_batch1_c025|SEV_batch3_c039|SEV_batch2_c032|SEV_batch3_c003|SEV_batch1_c036|SEV_batch2_c041|SEV_batch2_c010|SEV_batch1_c011|SEV_batch1_c040|SEV_batch3_c038|SEV_batch2_c035|SEV_batch1_c034|SEV_batch2_c007|SEV_batch3_c006|SEV_batch1_c007|SEV_batch3_c007|SEV_batch2_c033,522|507|245|438|502|245|569|938|360|600|490|249|249|507|485|1681|246|541|530|549|569|389|246,738.67|465.45|274.05|506.75|483.43|330.23|542.55|246.95|253.29|435.60|497.60|220.46|280.06|651.78|459.39|556.16|310.77|401.62|455.57|360.95|437.41|412.43|351.94,153.8463,291.9827,23.911,74.4256,0.3913,0.5652,-86.256,1
Pure_NN,100,1,68,22,23,36353,1.25,SEV_batch1_c014|SEV_batch1_c017|SEV_batch2_c037|SEV_batch1_c037|SEV_batch1_c027|SEV_batch2_c022|SEV_batch1_c025|SEV_batch3_c039|SEV_batch2_c032|SEV_batch3_c003|SEV_batch1_c036|SEV_batch2_c041|SEV_batch2_c010|SEV_batch1_c011|SEV_batch1_c040|SEV_batch3_c038|SEV_batch2_c035|SEV_batch1_c034|SEV_batch2_c007|SEV_batch3_c006|SEV_batch1_c007|SEV_batch3_c007|SEV_batch2_c033,522|507|245|438|502|245|569|938|360|600|490|249|249|507|485|1681|246|541|530|549|569|389|246,702.44|567.46|315.94|500.41|467.50|268.60|568.95|305.66|257.22|461.23|479.48|281.58|247.13|450.54|474.23|485.13|269.10|352.54|278.11|325.76|394.68|334.35|348.24,157.9242,302.4759,23.6714,62.414,0.3478,0.5652,-109.5967,1
Pure_NN,100,2,68,22,23,36353,1.15,SEV_batch1_c014|SEV_batch1_c017|SEV_batch2_c037|SEV_batch1_c037|SEV_batch1_c027|SEV_batch2_c022|SEV_batch1_c025|SEV_batch3_c039|SEV_batch2_c032|SEV_batch3_c003|SEV_batch1_c036|SEV_batch2_c041|SEV_batch2_c010|SEV_batch1_c011|SEV_batch1_c040|SEV_batch3_c038|SEV_batch2_c035|SEV_batch1_c034|SEV_batch2_c007|SEV_batch3_c006|SEV_batch1_c007|SEV_batch3_c007|SEV_batch2_c033,522|507|245|438|502|245|569|938|360|600|490|249|249|507|485|1681|246|541|530|549|569|389|246,831.53|545.70|383.23|488.49|520.05|322.50|715.71|379.24|216.40|474.89|500.41|164.88|208.37|752.16|548.45|564.61|302.99|544.24|280.19|646.20|533.11|592.03|330.52,169.4572,290.3781,29.4668,84.5187,0.2609,0.5652,-35.2642,1
Pure_NN,100,0,70,22,21,36353,1.9,SEV_batch1_c043|SEV_batch1_c019|SEV_batch2_c031|SEV_batch1_c042|SEV_batch2_c021|SEV_batch1_c009|SEV_batch2_c005|SEV_batch2_c038|SEV_batch2_c047|SEV_batch1_c031|SEV_batch1_c022|SEV_batch3_c016|SEV_batch3_c021|SEV_batch1_c029|SEV_batch1_c010|SEV_batch3_c019|SEV_batch2_c012|SEV_batch1_c015|SEV_batch3_c034|SEV_batch1_c005|SEV_batch1_c020,498|507|252|500|250|887|390|251|259|629|793|568|409|505|506|904|252|517|133|906|421,447.70|446.56|293.89|480.04|259.95|588.35|242.51|276.07|126.68|347.51|529.54|348.42|352.15|624.95|509.11|379.60|254.22|496.97|438.66|579.71|51.87,156.1058,214.2046,35.7311,119.9527,0.3333,0.4762,-107.74,2
Pure_NN,100,1,70,22,21,36353,3.05,SEV_batch1_c043|SEV_batch1_c019|SEV_batch2_c031|SEV_batch1_c042|SEV_batch2_c021|SEV_batch1_c009|SEV_batch2_c005|SEV_batch2_c038|SEV_batch2_c047|SEV_batch1_c031|SEV_batch1_c022|SEV_batch3_c016|SEV_batch3_c021|SEV_batch1_c029|SEV_batch1_c010|SEV_batch3_c019|SEV_batch2_c012|SEV_batch1_c015|SEV_batch3_c034|SEV_batch1_c005|SEV_batch1_c020,498|507|252|500|250|887|390|251|259|629|793|568|409|505|506|904|252|517|133|906|421,457.55|468.76|260.95|568.19|262.43|667.92|281.12|253.73|115.27|388.70|561.16|228.47|411.08|686.38|404.74|432.32|256.81|467.61|407.97|656.90|121.10,147.0913,196.5139,33.3235,108.8799,0.381,0.4286,-94.1832,2
Pure_NN,100,2,70,22,21,36353,1.77,SEV_batch1_c043|SEV_batch1_c019|SEV_batch2_c031|SEV_batch1_c042|SEV_batch2_c021|SEV_batch1_c009|SEV_batch2_c005|SEV_batch2_c038|SEV_batch2_c047|SEV_batch1_c031|SEV_batch1_c022|SEV_batch3_c016|SEV_batch3_c021|SEV_batch1_c029|SEV_batch1_c010|SEV_batch3_c019|SEV_batch2_c012|SEV_batch1_c015|SEV_batch3_c034|SEV_batch1_c005|SEV_batch1_c020,498|507|252|500|250|887|390|251|259|629|793|568|409|505|506|904|252|517|133|906|421,551.30|463.83|293.93|566.51|200.22|554.35|258.88|331.78|80.18|353.95|464.09|347.15|356.13|587.19|533.61|507.21|302.36|482.08|502.21|533.86|98.84,167.196,214.0792,41.2377,82.1852,0.2381,0.5238,-93.6833,2
Pure_NN,100,0,68,22,23,36353,2.61,SEV_batch3_c013|SEV_batch1_c008|SEV_batch3_c011|SEV_batch3_c026|SEV_batch3_c042|SEV_batch2_c020|SEV_batch2_c013|SEV_batch3_c000|SEV_batch2_c009|SEV_batch3_c004|SEV_batch2_c028|SEV_batch3_c041|SEV_batch3_c001|SEV_batch3_c014|SEV_batch2_c003|SEV_batch2_c024|SEV_batch2_c011|SEV_batch3_c036|SEV_batch2_c023|SEV_batch2_c043|SEV_batch1_c039|SEV_batch3_c037|SEV_batch2_c025,377|494|145|673|1341|247|244|819|309|441|248|621|585|143|248|247|248|863|246|249|504|598|249,371.56|289.39|416.13|608.07|649.26|184.17|527.11|551.18|604.04|769.05|390.13|445.07|367.28|492.04|83.32|256.36|228.95|338.11|456.65|237.89|489.45|224.17|139.31,208.5795,269.3443,58.2738,204.6054,0.2174,0.3043,-44.3615,3
Pure_NN,100,1,68,22,23,36353,1.82,SEV_batch3_c013|SEV_batch1_c008|SEV_batch3_c011|SEV_batch3_c026|SEV_batch3_c042|SEV_batch2_c020|SEV_batch2_c013|SEV_batch3_c000|SEV_batch2_c009|SEV_batch3_c004|SEV_batch2_c028|SEV_batch3_c041|SEV_batch3_c001|SEV_batch3_c014|SEV_batch2_c003|SEV_batch2_c024|SEV_batch2_c011|SEV_batch3_c036|SEV_batch2_c023|SEV_batch2_c043|SEV_batch1_c039|SEV_batch3_c037|SEV_batch2_c025,377|494|145|673|1341|247|244|819|309|441|248|621|585|143|248|247|248|863|246|249|504|598|249,411.29|365.93|475.18|558.35|562.68|218.06|275.58|532.86|243.47|663.84|395.56|434.83|422.80|436.98|26.51|251.45|288.09|369.89|328.51|229.87|538.27|415.42|241.68,169.3651,245.6515,45.1234,128.0736,0.3478,0.4348,-63.1262,3
Pure_NN,100,2,68,22,23,36353,2.0,SEV_batch3_c013|SEV_batch1_c008|SEV_batch3_c011|SEV_batch3_c026|SEV_batch3_c042|SEV_batch2_c020|SEV_batch2_c013|SEV_batch3_c000|SEV_batch2_c009|SEV_batch3_c004|SEV_batch2_c028|SEV_batch3_c041|SEV_batch3_c001|SEV_batch3_c014|SEV_batch2_c003|SEV_batch2_c024|SEV_batch2_c011|SEV_batch3_c036|SEV_batch2_c023|SEV_batch2_c043|SEV_batch1_c039|SEV_batch3_c037|SEV_batch2_c025,377|494|145|673|1341|247|244|819|309|441|248|621|585|143|248|247|248|863|246|249|504|598|249,378.04|386.08|471.68|565.69|579.69|209.73|304.59|477.41|290.18|613.02|368.86|494.68|381.34|464.51|382.50|233.30|276.33|372.11|449.32|214.22|562.62|51.29|193.48,185.7943,267.4016,48.9409,120.8612,0.2609,0.3913,-61.6669,3
Pure_NN,100,0,69,22,22,36353,2.65,SEV_batch2_c030|SEV_batch3_c020|SEV_batch1_c045|SEV_batch1_c035|SEV_batch3_c029|SEV_batch1_c003|SEV_batch2_c018|SEV_batch1_c024|SEV_batch1_c004|SEV_batch1_c026|SEV_batch3_c025|SEV_batch3_c010|SEV_batch3_c031|SEV_batch2_c042|SEV_batch3_c009|SEV_batch3_c045|SEV_batch1_c023|SEV_batch2_c026|SEV_batch2_c039|SEV_batch3_c033|SEV_batch1_c016|SEV_batch3_c015,246|660|506|495|734|876|246|208|877|431|391|102|112|245|371|636|891|249|246|352|525|519,251.93|685.02|562.28|489.76|545.69|601.66|206.42|450.97|601.31|380.01|548.82|501.53|632.71|272.95|660.55|561.90|611.70|181.08|171.26|589.45|781.93|513.22,161.6426,214.2858,66.1875,116.2775,0.2727,0.5,40.1888,4
Pure_NN,100,1,69,22,22,36353,1.58,SEV_batch2_c030|SEV_batch3_c020|SEV_batch1_c045|SEV_batch1_c035|SEV_batch3_c029|SEV_batch1_c003|SEV_batch2_c018|SEV_batch1_c024|SEV_batch1_c004|SEV_batch1_c026|SEV_batch3_c025|SEV_batch3_c010|SEV_batch3_c031|SEV_batch2_c042|SEV_batch3_c009|SEV_batch3_c045|SEV_batch1_c023|SEV_batch2_c026|SEV_batch2_c039|SEV_batch3_c033|SEV_batch1_c016|SEV_batch3_c015,246|660|506|495|734|876|246|208|877|431|391|102|112|245|371|636|891|249|246|352|525|519,284.09|549.64|576.60|466.39|466.02|534.27|165.25|410.32|578.16|411.72|455.36|483.18|600.45|268.24|489.34|489.59|569.00|253.85|144.55|576.50|590.22|591.29,157.7669,207.0405,61.6475,105.9087,0.2273,0.4545,1.6365,4
Pure_NN,100,2,69,22,22,36353,1.13,SEV_batch2_c030|SEV_batch3_c020|SEV_batch1_c045|SEV_batch1_c035|SEV_batch3_c029|SEV_batch1_c003|SEV_batch2_c018|SEV_batch1_c024|SEV_batch1_c004|SEV_batch1_c026|SEV_batch3_c025|SEV_batch3_c010|SEV_batch3_c031|SEV_batch2_c042|SEV_batch3_c009|SEV_batch3_c045|SEV_batch1_c023|SEV_batch2_c026|SEV_batch2_c039|SEV_batch3_c033|SEV_batch1_c016|SEV_batch3_c015,246|660|506|495|734|876|246|208|877|431|391|102|112|245|371|636|891|249|246|352|525|519,371.63|640.31|475.86|632.10|561.73|613.28|236.86|645.77|658.22|457.52|558.69|601.61|575.52|329.60|643.65|723.02|559.87|163.15|122.75|547.73|533.55|577.09,173.5184,226.6829,74.7669,131.3616,0.2273,0.4091,59.6144,4
Ensemble_NN,100,0,68,23,22,36353,6.26,SEV_batch2_c006|SEV_batch1_c006|SEV_batch2_c019|SEV_batch2_c004|SEV_batch1_c012|SEV_batch3_c008|SEV_batch2_c040|SEV_batch1_c044|SEV_batch1_c013|SEV_batch2_c002|SEV_batch1_c030|SEV_batch3_c018|SEV_batch3_c030|SEV_batch1_c021|SEV_batch1_c000|SEV_batch2_c029|SEV_batch3_c040|SEV_batch2_c044|SEV_batch3_c027|SEV_batch2_c036|SEV_batch3_c012|SEV_batch3_c043,256|518|247|245|504|426|361|500|500|246|432|591|753|462|701|245|237|246|773|249|463|706,120.03|718.31|684.74|385.97|615.19|556.06|372.14|574.93|617.27|250.04|630.85|659.19|615.18|392.99|407.54|354.78|481.82|327.99|525.85|288.56|722.80|647.39,144.2117,176.487,38.5767,123.6622,0.1364,0.3636,58.5737,0
Ensemble_NN,100,1,68,23,22,36353,7.27,SEV_batch2_c006|SEV_batch1_c006|SEV_batch2_c019|SEV_batch2_c004|SEV_batch1_c012|SEV_batch3_c008|SEV_batch2_c040|SEV_batch1_c044|SEV_batch1_c013|SEV_batch2_c002|SEV_batch1_c030|SEV_batch3_c018|SEV_batch3_c030|SEV_batch1_c021|SEV_batch1_c000|SEV_batch2_c029|SEV_batch3_c040|SEV_batch2_c044|SEV_batch3_c027|SEV_batch2_c036|SEV_batch3_c012|SEV_batch3_c043,256|518|247|245|504|426|361|500|500|246|432|591|753|462|701|245|237|246|773|249|463|706,132.75|832.94|649.34|383.16|683.03|595.86|278.61|594.14|665.91|247.84|643.05|709.87|632.04|531.81|462.96|392.60|488.72|303.79|539.30|290.18|742.19|686.53,157.3287,185.5449,41.5035,142.8797,0.1364,0.3182,82.983,0
Ensemble_NN,100,2,68,23,22,36353,7.36,SEV_batch2_c006|SEV_batch1_c006|SEV_batch2_c019|SEV_batch2_c004|SEV_batch1_c012|SEV_batch3_c008|SEV_batch2_c040|SEV_batch1_c044|SEV_batch1_c013|SEV_batch2_c002|SEV_batch1_c030|SEV_batch3_c018|SEV_batch3_c030|SEV_batch1_c021|SEV_batch1_c000|SEV_batch2_c029|SEV_batch3_c040|SEV_batch2_c044|SEV_batch3_c027|SEV_batch2_c036|SEV_batch3_c012|SEV_batch3_c043,256|518|247|245|504|426|361|500|500|246|432|591|753|462|701|245|237|246|773|249|463|706,186.63|868.75|581.92|345.46|636.59|592.28|390.42|497.50|648.65|248.61|637.62|661.43|624.21|667.60|496.27|340.07|474.11|290.51|545.32|280.43|735.42|659.71,141.2388,173.5652,35.9516,130.6908,0.2727,0.4091,79.4776,0
Ensemble_NN,100,0,68,22,23,36353,5.98,SEV_batch1_c014|SEV_batch1_c017|SEV_batch2_c037|SEV_batch1_c037|SEV_batch1_c027|SEV_batch2_c022|SEV_batch1_c025|SEV_batch3_c039|SEV_batch2_c032|SEV_batch3_c003|SEV_batch1_c036|SEV_batch2_c041|SEV_batch2_c010|SEV_batch1_c011|SEV_batch1_c040|SEV_batch3_c038|SEV_batch2_c035|SEV_batch1_c034|SEV_batch2_c007|SEV_batch3_c006|SEV_batch1_c007|SEV_batch3_c007|SEV_batch2_c033,522|507|245|438|502|245|569|938|360|600|490|249|249|507|485|1681|246|541|530|549|569|389|246,768.93|564.53|347.27|505.98|509.35|277.69|627.39|381.38|258.55|488.92|518.79|227.27|227.70|525.84|514.98|563.87|261.88|439.50|194.12|540.75|450.28|374.59|360.54,143.011,281.1613,22.0765,58.3944,0.4348,0.5652,-75.0817,1
Ensemble_NN,100,1,68,22,23,36353,11.41,SEV_batch1_c014|SEV_batch1_c017|SEV_batch2_c037|SEV_batch1_c037|SEV_batch1_c027|SEV_batch2_c022|SEV_batch1_c025|SEV_batch3_c039|SEV_batch2_c032|SEV_batch3_c003|SEV_batch1_c036|SEV_batch2_c041|SEV_batch2_c010|SEV_batch1_c011|SEV_batch1_c040|SEV_batch3_c038|SEV_batch2_c035|SEV_batch1_c034|SEV_batch2_c007|SEV_batch3_c006|SEV_batch1_c007|SEV_batch3_c007|SEV_batch2_c033,522|507|245|438|502|245|569|938|360|600|490|249|249|507|485|1681|246|541|530|549|569|389|246,741.73|555.51|329.27|475.44|465.33|269.48|618.69|389.87|202.03|476.31|473.85|225.59|242.59|457.12|505.81|523.83|277.28|408.89|179.00|484.71|397.98|369.46|308.58,149.401,289.4055,22.4954,49.8835,0.5217,0.6522,-99.0723,1
Ensemble_NN,100,2,68,22,23,36353,7.91,SEV_batch1_c014|SEV_batch1_c017|SEV_batch2_c037|SEV_batch1_c037|SEV_batch1_c027|SEV_batch2_c022|SEV_batch1_c025|SEV_batch3_c039|SEV_batch2_c032|SEV_batch3_c003|SEV_batch1_c036|SEV_batch2_c041|SEV_batch2_c010|SEV_batch1_c011|SEV_batch1_c040|SEV_batch3_c038|SEV_batch2_c035|SEV_batch1_c034|SEV_batch2_c007|SEV_batch3_c006|SEV_batch1_c007|SEV_batch3_c007|SEV_batch2_c033,522|507|245|438|502|245|569|938|360|600|490|249|249|507|485|1681|246|541|530|549|569|389|246,780.15|561.25|322.42|524.94|523.47|269.26|655.65|358.69|261.09|486.13|535.05|220.13|206.78|572.53|485.24|553.32|295.34|516.47|133.07|524.77|526.88|489.56|343.93,149.8469,288.4227,23.6518,65.5265,0.4348,0.7391,-65.6901,1
Ensemble_NN,100,0,70,22,21,36353,9.21,SEV_batch1_c043|SEV_batch1_c019|SEV_batch2_c031|SEV_batch1_c042|SEV_batch2_c021|SEV_batch1_c009|SEV_batch2_c005|SEV_batch2_c038|SEV_batch2_c047|SEV_batch1_c031|SEV_batch1_c022|SEV_batch3_c016|SEV_batch3_c021|SEV_batch1_c029|SEV_batch1_c010|SEV_batch3_c019|SEV_batch2_c012|SEV_batch1_c015|SEV_batch3_c034|SEV_batch1_c005|SEV_batch1_c020,498|507|252|500|250|887|390|251|259|629|793|568|409|505|506|904|252|517|133|906|421,522.51|470.33|290.41|513.66|252.00|568.95|240.24|297.61|90.91|364.11|538.38|337.49|421.67|621.41|451.78|485.31|262.23|496.22|458.13|578.41|159.96,147.3594,197.5338,35.1114,116.4103,0.4286,0.4762,-91.2039,2
Ensemble_NN,100,1,70,22,21,36353,10.0,SEV_batch1_c043|SEV_batch1_c019|SEV_batch2_c031|SEV_batch1_c042|SEV_batch2_c021|SEV_batch1_c009|SEV_batch2_c005|SEV_batch2_c038|SEV_batch2_c047|SEV_batch1_c031|SEV_batch1_c022|SEV_batch3_c016|SEV_batch3_c021|SEV_batch1_c029|SEV_batch1_c010|SEV_batch3_c019|SEV_batch2_c012|SEV_batch1_c015|SEV_batch3_c034|SEV_batch1_c005|SEV_batch1_c020,498|507|252|500|250|887|390|251|259|629|793|568|409|505|506|904|252|517|133|906|421,513.44|459.56|294.03|528.34|222.24|562.44|259.76|306.57|80.37|350.91|521.52|343.17|406.40|608.63|501.57|478.46|269.49|486.58|454.18|555.16|141.86,150.4608,202.5965,35.8798,103.6266,0.4286,0.4762,-94.8735,2
Ensemble_NN,100,2,70,22,21,36353,9.97,SEV_batch1_c043|SEV_batch1_c019|SEV_batch2_c031|SEV_batch1_c042|SEV_batch2_c021|SEV_batch1_c009|SEV_batch2_c005|SEV_batch2_c038|SEV_batch2_c047|SEV_batch1_c031|SEV_batch1_c022|SEV_batch3_c016|SEV_batch3_c021|SEV_batch1_c029|SEV_batch1_c010|SEV_batch3_c019|SEV_batch2_c012|SEV_batch1_c015|SEV_batch3_c034|SEV_batch1_c005|SEV_batch1_c020,498|507|252|500|250|887|390|251|259|629|793|568|409|505|506|904|252|517|133|906|421,530.81|454.35|291.73|491.56|227.87|516.10|252.61|304.90|112.42|341.70|512.12|369.75|404.00|581.67|438.46|482.53|281.92|474.94|476.65|555.18|139.90,154.7232,206.8491,36.8878,76.6661,0.3333,0.5238,-99.8022,2
Ensemble_NN,100,0,68,22,23,36353,10.47,SEV_batch3_c013|SEV_batch1_c008|SEV_batch3_c011|SEV_batch3_c026|SEV_batch3_c042|SEV_batch2_c020|SEV_batch2_c013|SEV_batch3_c000|SEV_batch2_c009|SEV_batch3_c004|SEV_batch2_c028|SEV_batch3_c041|SEV_batch3_c001|SEV_batch3_c014|SEV_batch2_c003|SEV_batch2_c024|SEV_batch2_c011|SEV_batch3_c036|SEV_batch2_c023|SEV_batch2_c043|SEV_batch1_c039|SEV_batch3_c037|SEV_batch2_c025,377|494|145|673|1341|247|244|819|309|441|248|621|585|143|248|247|248|863|246|249|504|598|249,411.13|397.95|463.49|568.76|557.52|204.90|283.20|530.65|252.76|653.05|369.09|447.55|411.97|472.31|39.51|255.57|266.34|380.99|353.51|222.75|542.27|315.69|218.16,172.7739,248.8952,46.3263,107.5102,0.3478,0.4348,-66.0816,3
Ensemble_NN,100,1,68,22,23,36353,8.27,SEV_batch3_c013|SEV_batch1_c008|SEV_batch3_c011|SEV_batch3_c026|SEV_batch3_c042|SEV_batch2_c020|SEV_batch2_c013|SEV_batch3_c000|SEV_batch2_c009|SEV_batch3_c004|SEV_batch2_c028|SEV_batch3_c041|SEV_batch3_c001|SEV_batch3_c014|SEV_batch2_c003|SEV_batch2_c024|SEV_batch2_c011|SEV_batch3_c036|SEV_batch2_c023|SEV_batch2_c043|SEV_batch1_c039|SEV_batch3_c037|SEV_batch2_c025,377|494|145|673|1341|247|244|819|309|441|248|621|585|143|248|247|248|863|246|249|504|598|249,430.84|395.14|488.40|559.87|537.92|194.66|269.92|524.88|212.33|638.46|376.91|412.45|413.47|481.43|64.86|246.74|279.44|407.26|358.03|218.24|546.90|289.37|227.02,178.8307,254.0064,48.236,113.1251,0.2609,0.4348,-68.0194,3
Ensemble_NN,100,2,68,22,23,36353,12.13,SEV_batch3_c013|SEV_batch1_c008|SEV_batch3_c011|SEV_batch3_c026|SEV_batch3_c042|SEV_batch2_c020|SEV_batch2_c013|SEV_batch3_c000|SEV_batch2_c009|SEV_batch3_c004|SEV_batch2_c028|SEV_batch3_c041|SEV_batch3_c001|SEV_batch3_c014|SEV_batch2_c003|SEV_batch2_c024|SEV_batch2_c011|SEV_batch3_c036|SEV_batch2_c023|SEV_batch2_c043|SEV_batch1_c039|SEV_batch3_c037|SEV_batch2_c025,377|494|145|673|1341|247|244|819|309|441|248|621|585|143|248|247|248|863|246|249|504|598|249,438.56|376.92|501.62|561.73|522.60|205.65|289.43|514.84|256.43|635.34|357.78|408.59|428.26|482.67|70.17|248.65|280.35|401.68|361.21|218.92|548.49|134.42|238.25,185.1584,266.8203,49.0593,115.2143,0.3043,0.3913,-72.019,3
Ensemble_NN,100,0,69,22,22,36353,8.91,SEV_batch2_c030|SEV_batch3_c020|SEV_batch1_c045|SEV_batch1_c035|SEV_batch3_c029|SEV_batch1_c003|SEV_batch2_c018|SEV_batch1_c024|SEV_batch1_c004|SEV_batch1_c026|SEV_batch3_c025|SEV_batch3_c010|SEV_batch3_c031|SEV_batch2_c042|SEV_batch3_c009|SEV_batch3_c045|SEV_batch1_c023|SEV_batch2_c026|SEV_batch2_c039|SEV_batch3_c033|SEV_batch1_c016|SEV_batch3_c015,246|660|506|495|734|876|246|208|877|431|391|102|112|245|371|636|891|249|246|352|525|519,306.98|606.15|533.94|531.26|508.02|594.77|207.40|513.40|621.36|454.58|522.02|515.41|624.05|302.63|576.90|575.00|610.58|229.93|159.40|574.15|619.94|602.33,158.0439,207.9173,66.4556,90.7698,0.2273,0.5455,39.6447,4
Ensemble_NN,100,1,69,22,22,36353,9.94,SEV_batch2_c030|SEV_batch3_c020|SEV_batch1_c045|SEV_batch1_c035|SEV_batch3_c029|SEV_batch1_c003|SEV_batch2_c018|SEV_batch1_c024|SEV_batch1_c004|SEV_batch1_c026|SEV_batch3_c025|SEV_batch3_c010|SEV_batch3_c031|SEV_batch2_c042|SEV_batch3_c009|SEV_batch3_c045|SEV_batch1_c023|SEV_batch2_c026|SEV_batch2_c039|SEV_batch3_c033|SEV_batch1_c016|SEV_batch3_c015,246|660|506|495|734|876|246|208|877|431|391|102|112|245|371|636|891|249|246|352|525|519,310.43|562.01|524.23|501.25|527.83|579.44|219.81|484.30|614.23|426.18|502.43|490.24|588.53|299.19|550.44|529.10|574.90|269.09|169.96|551.11|603.35|579.72,151.2204,200.345,61.9065,102.4463,0.2273,0.5,24.5354,4
Ensemble_NN,100,2,69,22,22,36353,6.88,SEV_batch2_c030|SEV_batch3_c020|SEV_batch1_c045|SEV_batch1_c035|SEV_batch3_c029|SEV_batch1_c003|SEV_batch2_c018|SEV_batch1_c024|SEV_batch1_c004|SEV_batch1_c026|SEV_batch3_c025|SEV_batch3_c010|SEV_batch3_c031|SEV_batch2_c042|SEV_batch3_c009|SEV_batch3_c045|SEV_batch1_c023|SEV_batch2_c026|SEV_batch2_c039|SEV_batch3_c033|SEV_batch1_c016|SEV_batch3_c015,246|660|506|495|734|876|246|208|877|431|391|102|112|245|371|636|891|249|246|352|525|519,307.70|590.24|517.53|532.36|520.66|589.48|195.52|517.05|617.19|439.78|519.58|521.45|606.37|302.38|564.13|575.30|581.29|220.79|159.94|560.10|613.05|587.76,156.8568,207.2012,65.8531,87.0573,0.1818,0.5455,32.8026,4
Neural_ODE,100,0,68,23,22,36353,2.49,SEV_batch2_c006|SEV_batch1_c006|SEV_batch2_c019|SEV_batch2_c004|SEV_batch1_c012|SEV_batch3_c008|SEV_batch2_c040|SEV_batch1_c044|SEV_batch1_c013|SEV_batch2_c002|SEV_batch1_c030|SEV_batch3_c018|SEV_batch3_c030|SEV_batch1_c021|SEV_batch1_c000|SEV_batch2_c029|SEV_batch3_c040|SEV_batch2_c044|SEV_batch3_c027|SEV_batch2_c036|SEV_batch3_c012|SEV_batch3_c043,256|518|247|245|504|426|361|500|500|246|432|591|753|462|701|245|237|246|773|249|463|706,321.53|784.94|322.36|277.22|690.34|564.93|454.86|620.20|664.98|313.44|543.10|586.53|624.42|613.69|310.64|372.27|485.35|329.02|557.61|307.05|636.63|655.76,134.2717,159.9448,32.6902,123.7379,0.0909,0.4091,62.5407,0
Neural_ODE,100,1,68,23,22,36353,3.96,SEV_batch2_c006|SEV_batch1_c006|SEV_batch2_c019|SEV_batch2_c004|SEV_batch1_c012|SEV_batch3_c008|SEV_batch2_c040|SEV_batch1_c044|SEV_batch1_c013|SEV_batch2_c002|SEV_batch1_c030|SEV_batch3_c018|SEV_batch3_c030|SEV_batch1_c021|SEV_batch1_c000|SEV_batch2_c029|SEV_batch3_c040|SEV_batch2_c044|SEV_batch3_c027|SEV_batch2_c036|SEV_batch3_c012|SEV_batch3_c043,256|518|247|245|504|426|361|500|500|246|432|591|753|462|701|245|237|246|773|249|463|706,318.11|567.11|223.69|227.76|609.91|477.36|423.60|534.15|599.61|344.88|532.03|575.08|455.26|948.49|356.00|355.82|425.67|264.05|398.85|272.68|508.24|573.93,124.6427,179.4685,27.5476,80.7418,0.3636,0.5909,15.0581,0
Neural_ODE,100,2,68,23,22,36353,3.08,SEV_batch2_c006|SEV_batch1_c006|SEV_batch2_c019|SEV_batch2_c004|SEV_batch1_c012|SEV_batch3_c008|SEV_batch2_c040|SEV_batch1_c044|SEV_batch1_c013|SEV_batch2_c002|SEV_batch1_c030|SEV_batch3_c018|SEV_batch3_c030|SEV_batch1_c021|SEV_batch1_c000|SEV_batch2_c029|SEV_batch3_c040|SEV_batch2_c044|SEV_batch3_c027|SEV_batch2_c036|SEV_batch3_c012|SEV_batch3_c043,256|518|247|245|504|426|361|500|500|246|432|591|753|462|701|245|237|246|773|249|463|706,97.01|438.22|324.72|279.52|601.52|524.13|441.24|592.02|605.49|251.91|475.63|479.39|557.23|497.39|456.40|298.82|409.96|269.14|498.08|289.98|589.94|604.06,102.546,123.3924,23.8793,94.7701,0.2727,0.5909,-3.6,0
Neural_ODE,100,0,68,22,23,36353,2.75,SEV_batch1_c014|SEV_batch1_c017|SEV_batch2_c037|SEV_batch1_c037|SEV_batch1_c027|SEV_batch2_c022|SEV_batch1_c025|SEV_batch3_c039|SEV_batch2_c032|SEV_batch3_c003|SEV_batch1_c036|SEV_batch2_c041|SEV_batch2_c010|SEV_batch1_c011|SEV_batch1_c040|SEV_batch3_c038|SEV_batch2_c035|SEV_batch1_c034|SEV_batch2_c007|SEV_batch3_c006|SEV_batch1_c007|SEV_batch3_c007|SEV_batch2_c033,522|507|245|438|502|245|569|938|360|600|490|249|249|507|485|1681|246|541|530|549|569|389|246,685.46|571.91|271.40|478.01|480.18|297.65|634.70|424.16|313.68|569.25|501.08|291.36|216.74|532.83|558.66|630.50|290.36|460.96|302.04|508.12|522.77|366.11|370.16,123.8288,255.4282,18.9979,46.2296,0.5652,0.7826,-59.9521,1
Neural_ODE,100,1,68,22,23,36353,2.09,SEV_batch1_c014|SEV_batch1_c017|SEV_batch2_c037|SEV_batch1_c037|SEV_batch1_c027|SEV_batch2_c022|SEV_batch1_c025|SEV_batch3_c039|SEV_batch2_c032|SEV_batch3_c003|SEV_batch1_c036|SEV_batch2_c041|SEV_batch2_c010|SEV_batch1_c011|SEV_batch1_c040|SEV_batch3_c038|SEV_batch2_c035|SEV_batch1_c034|SEV_batch2_c007|SEV_batch3_c006|SEV_batch1_c007|SEV_batch3_c007|SEV_batch2_c033,522|507|245|438|502|245|569|938|360|600|490|249|249|507|485|1681|246|541|530|549|569|389|246,567.75|579.66|270.30|527.64|481.70|278.77|647.26|345.91|330.61|532.11|524.33|319.82|192.24|423.87|517.83|556.45|334.52|462.27|394.82|518.66|498.54|522.61|359.67,135.129,274.3171,21.3426,70.8159,0.3478,0.7826,-63.8996,1
Neural_ODE,100,2,68,22,23,36353,2.21,SEV_batch1_c014|SEV_batch1_c017|SEV_batch2_c037|SEV_batch1_c037|SEV_batch1_c027|SEV_batch2_c022|SEV_batch1_c025|SEV_batch3_c039|SEV_batch2_c032|SEV_batch3_c003|SEV_batch1_c036|SEV_batch2_c041|SEV_batch2_c010|SEV_batch1_c011|SEV_batch1_c040|SEV_batch3_c038|SEV_batch2_c035|SEV_batch1_c034|SEV_batch2_c007|SEV_batch3_c006|SEV_batch1_c007|SEV_batch3_c007|SEV_batch2_c033,522|507|245|438|502|245|569|938|360|600|490|249|249|507|485|1681|246|541|530|549|569|389|246,698.80|589.15|320.14|442.98|451.01|309.79|655.47|411.58|312.31|549.05|456.94|295.28|254.21|472.01|552.30|586.72|324.41|450.31|423.04|721.69|531.90|405.00|373.49,133.7747,265.3894,21.1984,67.2986,0.3478,0.7391,-46.4971,1
Neural_ODE,100,0,70,22,21,36353,2.12,SEV_batch1_c043|SEV_batch1_c019|SEV_batch2_c031|SEV_batch1_c042|SEV_batch2_c021|SEV_batch1_c009|SEV_batch2_c005|SEV_batch2_c038|SEV_batch2_c047|SEV_batch1_c031|SEV_batch1_c022|SEV_batch3_c016|SEV_batch3_c021|SEV_batch1_c029|SEV_batch1_c010|SEV_batch3_c019|SEV_batch2_c012|SEV_batch1_c015|SEV_batch3_c034|SEV_batch1_c005|SEV_batch1_c020,498|507|252|500|250|887|390|251|259|629|793|568|409|505|506|904|252|517|133|906|421,551.20|452.83|353.41|456.96|219.11|601.19|230.90|334.16|139.91|402.86|492.90|422.25|275.57|603.25|680.96|485.76|291.96|405.89|493.90|428.47|189.94,173.6813,214.6986,42.0654,133.429,0.1429,0.3333,-86.839,2
Neural_ODE,100,1,70,22,21,36353,2.52,SEV_batch1_c043|SEV_batch1_c019|SEV_batch2_c031|SEV_batch1_c042|SEV_batch2_c021|SEV_batch1_c009|SEV_batch2_c005|SEV_batch2_c038|SEV_batch2_c047|SEV_batch1_c031|SEV_batch1_c022|SEV_batch3_c016|SEV_batch3_c021|SEV_batch1_c029|SEV_batch1_c010|SEV_batch3_c019|SEV_batch2_c012|SEV_batch1_c015|SEV_batch3_c034|SEV_batch1_c005|SEV_batch1_c020,498|507|252|500|250|887|390|251|259|629|793|568|409|505|506|904|252|517|133|906|421,607.05|437.47|311.70|511.85|230.41|631.12|288.68|314.15|166.84|398.48|524.05|368.67|359.10|614.85|395.78|550.83|304.95|419.54|504.90|527.11|111.00,157.8741,197.1149,39.0704,109.0533,0.1429,0.4286,-83.7363,2
Neural_ODE,100,2,70,22,21,36353,3.48,SEV_batch1_c043|SEV_batch1_c019|SEV_batch2_c031|SEV_batch1_c042|SEV_batch2_c021|SEV_batch1_c009|SEV_batch2_c005|SEV_batch2_c038|SEV_batch2_c047|SEV_batch1_c031|SEV_batch1_c022|SEV_batch3_c016|SEV_batch3_c021|SEV_batch1_c029|SEV_batch1_c010|SEV_batch3_c019|SEV_batch2_c012|SEV_batch1_c015|SEV_batch3_c034|SEV_batch1_c005|SEV_batch1_c020,498|507|252|500|250|887|390|251|259|629|793|568|409|505|506|904|252|517|133|906|421,466.51|382.20|257.39|553.13|282.03|626.53|287.81|270.17|216.12|449.73|501.17|322.55|374.82|649.78|451.02|419.30|236.39|569.43|427.74|644.55|223.25,139.4636,187.1973,31.4322,102.1926,0.3333,0.4762,-82.1614,2
Neural_ODE,100,0,68,22,23,36353,2.94,SEV_batch3_c013|SEV_batch1_c008|SEV_batch3_c011|SEV_batch3_c026|SEV_batch3_c042|SEV_batch2_c020|SEV_batch2_c013|SEV_batch3_c000|SEV_batch2_c009|SEV_batch3_c004|SEV_batch2_c028|SEV_batch3_c041|SEV_batch3_c001|SEV_batch3_c014|SEV_batch2_c003|SEV_batch2_c024|SEV_batch2_c011|SEV_batch3_c036|SEV_batch2_c023|SEV_batch2_c043|SEV_batch1_c039|SEV_batch3_c037|SEV_batch2_c025,377|494|145|673|1341|247|244|819|309|441|248|621|585|143|248|247|248|863|246|249|504|598|249,458.62|463.02|438.69|603.94|527.60|240.02|263.67|570.94|196.84|741.23|372.06|351.92|466.14|447.67|92.33|272.91|236.00|428.19|341.59|239.54|547.71|128.55|242.59,175.8928,260.8826,44.9804,112.1641,0.3478,0.4783,-63.7934,3
Neural_ODE,100,1,68,22,23,36353,2.6,SEV_batch3_c013|SEV_batch1_c008|SEV_batch3_c011|SEV_batch3_c026|SEV_batch3_c042|SEV_batch2_c020|SEV_batch2_c013|SEV_batch3_c000|SEV_batch2_c009|SEV_batch3_c004|SEV_batch2_c028|SEV_batch3_c041|SEV_batch3_c001|SEV_batch3_c014|SEV_batch2_c003|SEV_batch2_c024|SEV_batch2_c011|SEV_batch3_c036|SEV_batch2_c023|SEV_batch2_c043|SEV_batch1_c039|SEV_batch3_c037|SEV_batch2_c025,377|494|145|673|1341|247|244|819|309|441|248|621|585|143|248|247|248|863|246|249|504|598|249,449.18|411.08|520.73|555.70|508.87|242.45|187.52|547.76|121.55|658.04|352.99|335.27|467.77|448.69|331.12|290.06|294.40|517.99|269.94|233.17|499.48|451.88|302.16,164.8622,244.3551,45.0908,104.9864,0.2609,0.4783,-49.6179,3
Neural_ODE,100,2,68,22,23,36353,2.69,SEV_batch3_c013|SEV_batch1_c008|SEV_batch3_c011|SEV_batch3_c026|SEV_batch3_c042|SEV_batch2_c020|SEV_batch2_c013|SEV_batch3_c000|SEV_batch2_c009|SEV_batch3_c004|SEV_batch2_c028|SEV_batch3_c041|SEV_batch3_c001|SEV_batch3_c014|SEV_batch2_c003|SEV_batch2_c024|SEV_batch2_c011|SEV_batch3_c036|SEV_batch2_c023|SEV_batch2_c043|SEV_batch1_c039|SEV_batch3_c037|SEV_batch2_c025,377|494|145|673|1341|247|244|819|309|441|248|621|585|143|248|247|248|863|246|249|504|598|249,480.06|514.43|491.75|631.75|545.21|247.49|233.44|579.56|152.44|723.77|379.69|412.20|472.13|495.16|98.01|284.94|273.53|503.40|347.20|231.02|556.32|159.38|273.20,174.3476,254.186,48.1097,112.8701,0.3478,0.3913,-45.7792,3
Neural_ODE,100,0,69,22,22,36353,2.65,SEV_batch2_c030|SEV_batch3_c020|SEV_batch1_c045|SEV_batch1_c035|SEV_batch3_c029|SEV_batch1_c003|SEV_batch2_c018|SEV_batch1_c024|SEV_batch1_c004|SEV_batch1_c026|SEV_batch3_c025|SEV_batch3_c010|SEV_batch3_c031|SEV_batch2_c042|SEV_batch3_c009|SEV_batch3_c045|SEV_batch1_c023|SEV_batch2_c026|SEV_batch2_c039|SEV_batch3_c033|SEV_batch1_c016|SEV_batch3_c015,246|660|506|495|734|876|246|208|877|431|391|102|112|245|371|636|891|249|246|352|525|519,255.54|577.70|484.60|464.68|448.76|507.31|209.11|435.74|525.03|358.41|481.00|477.38|582.43|267.10|552.66|547.99|528.85|191.50|176.72|543.93|608.52|494.61,159.2273,213.5324,60.8648,85.7684,0.2727,0.5909,-9.0183,4
Neural_ODE,100,1,69,22,22,36353,2.46,SEV_batch2_c030|SEV_batch3_c020|SEV_batch1_c045|SEV_batch1_c035|SEV_batch3_c029|SEV_batch1_c003|SEV_batch2_c018|SEV_batch1_c024|SEV_batch1_c004|SEV_batch1_c026|SEV_batch3_c025|SEV_batch3_c010|SEV_batch3_c031|SEV_batch2_c042|SEV_batch3_c009|SEV_batch3_c045|SEV_batch1_c023|SEV_batch2_c026|SEV_batch2_c039|SEV_batch3_c033|SEV_batch1_c016|SEV_batch3_c015,246|660|506|495|734|876|246|208|877|431|391|102|112|245|371|636|891|249|246|352|525|519,318.55|590.43|579.13|626.33|564.07|557.74|259.41|575.10|600.65|462.44|574.35|662.60|595.68|328.93|635.83|682.61|635.55|280.69|203.31|624.39|619.53|589.36,177.8715,232.8201,75.9212,112.9287,0.2273,0.5,74.9396,4
Neural_ODE,100,2,69,22,22,36353,2.47,SEV_batch2_c030|SEV_batch3_c020|SEV_batch1_c045|SEV_batch1_c035|SEV_batch3_c029|SEV_batch1_c003|SEV_batch2_c018|SEV_batch1_c024|SEV_batch1_c004|SEV_batch1_c026|SEV_batch3_c025|SEV_batch3_c010|SEV_batch3_c031|SEV_batch2_c042|SEV_batch3_c009|SEV_batch3_c045|SEV_batch1_c023|SEV_batch2_c026|SEV_batch2_c039|SEV_batch3_c033|SEV_batch1_c016|SEV_batch3_c015,246|660|506|495|734|876|246|208|877|431|391|102|112|245|371|636|891|249|246|352|525|519,345.78|624.84|567.59|600.93|574.78|579.09|321.38|587.94|615.30|488.25|591.17|602.24|616.55|338.92|650.33|680.21|572.74|271.49|188.93|609.61|593.81|570.90,178.7013,231.0098,75.8371,102.8531,0.1364,0.5,76.1268,4
LSTM,100,0,68,23,22,331393,145.15,SEV_batch2_c006|SEV_batch1_c006|SEV_batch2_c019|SEV_batch2_c004|SEV_batch1_c012|SEV_batch3_c008|SEV_batch2_c040|SEV_batch1_c044|SEV_batch1_c013|SEV_batch2_c002|SEV_batch1_c030|SEV_batch3_c018|SEV_batch3_c030|SEV_batch1_c021|SEV_batch1_c000|SEV_batch2_c029|SEV_batch3_c040|SEV_batch2_c044|SEV_batch3_c027|SEV_batch2_c036|SEV_batch3_c012|SEV_batch3_c043,256|518|247|245|504|426|361|500|500|246|432|591|753|462|701|245|237|246|773|249|463|706,195.75|195.75|195.75|195.75|195.75|195.75|195.75|195.75|195.75|195.75|195.75|195.75|195.75|195.75|195.75|195.75|195.75|195.75|195.75|195.75|195.75|195.75,243.3864,301.4166,47.2261,251.25,0.1364,0.3636,-243.3864,0
LSTM,100,1,68,23,22,331393,150.26,SEV_batch2_c006|SEV_batch1_c006|SEV_batch2_c019|SEV_batch2_c004|SEV_batch1_c012|SEV_batch3_c008|SEV_batch2_c040|SEV_batch1_c044|SEV_batch1_c013|SEV_batch2_c002|SEV_batch1_c030|SEV_batch3_c018|SEV_batch3_c030|SEV_batch1_c021|SEV_batch1_c000|SEV_batch2_c029|SEV_batch3_c040|SEV_batch2_c044|SEV_batch3_c027|SEV_batch2_c036|SEV_batch3_c012|SEV_batch3_c043,256|518|247|245|504|426|361|500|500|246|432|591|753|462|701|245|237|246|773|249|463|706,199.87|199.87|199.87|199.87|199.87|199.87|199.87|199.87|199.87|199.87|199.87|199.87|199.87|199.87|199.87|199.87|199.87|199.87|199.87|199.87|199.87|199.87,239.2687,298.1015,46.116,247.1323,0.3182,0.3636,-239.2687,0
LSTM,100,2,68,23,22,331393,133.17,SEV_batch2_c006|SEV_batch1_c006|SEV_batch2_c019|SEV_batch2_c004|SEV_batch1_c012|SEV_batch3_c008|SEV_batch2_c040|SEV_batch1_c044|SEV_batch1_c013|SEV_batch2_c002|SEV_batch1_c030|SEV_batch3_c018|SEV_batch3_c030|SEV_batch1_c021|SEV_batch1_c000|SEV_batch2_c029|SEV_batch3_c040|SEV_batch2_c044|SEV_batch3_c027|SEV_batch2_c036|SEV_batch3_c012|SEV_batch3_c043,256|518|247|245|504|426|361|500|500|246|432|591|753|462|701|245|237|246|773|249|463|706,198.15|198.15|198.15|198.15|198.15|198.15|198.15|198.15|198.15|198.15|198.15|198.15|198.15|198.15|198.15|198.15|198.15|198.15|198.15|198.15|198.15|198.15,240.9875,299.4829,46.5794,248.8512,0.2727,0.3636,-240.9875,0
LSTM,100,0,68,22,23,331393,137.77,SEV_batch1_c014|SEV_batch1_c017|SEV_batch2_c037|SEV_batch1_c037|SEV_batch1_c027|SEV_batch2_c022|SEV_batch1_c025|SEV_batch3_c039|SEV_batch2_c032|SEV_batch3_c003|SEV_batch1_c036|SEV_batch2_c041|SEV_batch2_c010|SEV_batch1_c011|SEV_batch1_c040|SEV_batch3_c038|SEV_batch2_c035|SEV_batch1_c034|SEV_batch2_c007|SEV_batch3_c006|SEV_batch1_c007|SEV_batch3_c007|SEV_batch2_c033,522|507|245|438|502|245|569|938|360|600|490|249|249|507|485|1681|246|541|530|549|569|389|246,195.75|195.75|195.75|195.75|195.75|195.75|195.75|195.75|195.75|195.75|195.75|195.75|195.75|195.75|195.75|195.75|195.75|195.75|195.75|195.75|195.75|195.75|195.75,311.0761,430.2411,52.074,306.25,0.087,0.2609,-311.0761,1
LSTM,100,1,68,22,23,331393,236.27,SEV_batch1_c014|SEV_batch1_c017|SEV_batch2_c037|SEV_batch1_c037|SEV_batch1_c027|SEV_batch2_c022|SEV_batch1_c025|SEV_batch3_c039|SEV_batch2_c032|SEV_batch3_c003|SEV_batch1_c036|SEV_batch2_c041|SEV_batch2_c010|SEV_batch1_c011|SEV_batch1_c040|SEV_batch3_c038|SEV_batch2_c035|SEV_batch1_c034|SEV_batch2_c007|SEV_batch3_c006|SEV_batch1_c007|SEV_batch3_c007|SEV_batch2_c033,522|507|245|438|502|245|569|938|360|600|490|249|249|507|485|1681|246|541|530|549|569|389|246,199.87|199.87|199.87|199.87|199.87|199.87|199.87|199.87|199.87|199.87|199.87|199.87|199.87|199.87|199.87|199.87|199.87|199.87|199.87|199.87|199.87|199.87|199.87,306.9584,427.2733,51.0658,302.1323,0.2609,0.2609,-306.9584,1
LSTM,100,2,68,22,23,331393,224.44,SEV_batch1_c014|SEV_batch1_c017|SEV_batch2_c037|SEV_batch1_c037|SEV_batch1_c027|SEV_batch2_c022|SEV_batch1_c025|SEV_batch3_c039|SEV_batch2_c032|SEV_batch3_c003|SEV_batch1_c036|SEV_batch2_c041|SEV_batch2_c010|SEV_batch1_c011|SEV_batch1_c040|SEV_batch3_c038|SEV_batch2_c035|SEV_batch1_c034|SEV_batch2_c007|SEV_batch3_c006|SEV_batch1_c007|SEV_batch3_c007|SEV_batch2_c033,522|507|245|438|502|245|569|938|360|600|490|249|249|507|485|1681|246|541|530|549|569|389|246,198.15|198.15|198.15|198.15|198.15|198.15|198.15|198.15|198.15|198.15|198.15|198.15|198.15|198.15|198.15|198.15|198.15|198.15|198.15|198.15|198.15|198.15|198.15,308.6772,428.5098,51.4867,303.8512,0.1739,0.2609,-308.6772,1
LSTM,100,0,70,22,21,331393,138.09,SEV_batch1_c043|SEV_batch1_c019|SEV_batch2_c031|SEV_batch1_c042|SEV_batch2_c021|SEV_batch1_c009|SEV_batch2_c005|SEV_batch2_c038|SEV_batch2_c047|SEV_batch1_c031|SEV_batch1_c022|SEV_batch3_c016|SEV_batch3_c021|SEV_batch1_c029|SEV_batch1_c010|SEV_batch3_c019|SEV_batch2_c012|SEV_batch1_c015|SEV_batch3_c034|SEV_batch1_c005|SEV_batch1_c020,498|507|252|500|250|887|390|251|259|629|793|568|409|505|506|904|252|517|133|906|421,195.78|195.78|195.78|195.78|195.78|195.78|195.78|195.78|195.78|195.78|195.78|195.78|195.78|195.78|195.78|195.78|195.78|195.78|195.78|195.78|195.78,302.4365,371.3938,53.6815,304.2193,0.0,0.2857,-296.4574,2
LSTM,100,1,70,22,21,331393,141.47,SEV_batch1_c043|SEV_batch1_c019|SEV_batch2_c031|SEV_batch1_c042|SEV_batch2_c021|SEV_batch1_c009|SEV_batch2_c005|SEV_batch2_c038|SEV_batch2_c047|SEV_batch1_c031|SEV_batch1_c022|SEV_batch3_c016|SEV_batch3_c021|SEV_batch1_c029|SEV_batch1_c010|SEV_batch3_c019|SEV_batch2_c012|SEV_batch1_c015|SEV_batch3_c034|SEV_batch1_c005|SEV_batch1_c020,498|507|252|500|250|887|390|251|259|629|793|568|409|505|506|904|252|517|133|906|421,199.87|199.87|199.87|199.87|199.87|199.87|199.87|199.87|199.87|199.87|199.87|199.87|199.87|199.87|199.87|199.87|199.87|199.87|199.87|199.87|199.87,298.74,368.1408,52.9136,300.1337,0.0,0.2857,-292.3718,2
LSTM,100,2,70,22,21,331393,151.52,SEV_batch1_c043|SEV_batch1_c019|SEV_batch2_c031|SEV_batch1_c042|SEV_batch2_c021|SEV_batch1_c009|SEV_batch2_c005|SEV_batch2_c038|SEV_batch2_c047|SEV_batch1_c031|SEV_batch1_c022|SEV_batch3_c016|SEV_batch3_c021|SEV_batch1_c029|SEV_batch1_c010|SEV_batch3_c019|SEV_batch2_c012|SEV_batch1_c015|SEV_batch3_c034|SEV_batch1_c005|SEV_batch1_c020,498|507|252|500|250|887|390|251|259|629|793|568|409|505|506|904|252|517|133|906|421,198.15|198.15|198.15|198.15|198.15|198.15|198.15|198.15|198.15|198.15|198.15|198.15|198.15|198.15|198.15|198.15|198.15|198.15|198.15|198.15|198.15,300.2954,369.5075,53.2367,301.8528,0.0,0.2857,-294.0909,2
LSTM,100,0,68,22,23,331393,150.02,SEV_batch3_c013|SEV_batch1_c008|SEV_batch3_c011|SEV_batch3_c026|SEV_batch3_c042|SEV_batch2_c020|SEV_batch2_c013|SEV_batch3_c000|SEV_batch2_c009|SEV_batch3_c004|SEV_batch2_c028|SEV_batch3_c041|SEV_batch3_c001|SEV_batch3_c014|SEV_batch2_c003|SEV_batch2_c024|SEV_batch2_c011|SEV_batch3_c036|SEV_batch2_c023|SEV_batch2_c043|SEV_batch1_c039|SEV_batch3_c037|SEV_batch2_c025,377|494|145|673|1341|247|244|819|309|441|248|621|585|143|248|247|248|863|246|249|504|598|249,195.75|195.75|195.75|195.75|195.75|195.75|195.75|195.75|195.75|195.75|195.75|195.75|195.75|195.75|195.75|195.75|195.75|195.75|195.75|195.75|195.75|195.75|195.75,254.0785,372.205,44.9334,113.253,0.0435,0.4783,-245.079,3
LSTM,100,1,68,22,23,331393,143.8,SEV_batch3_c013|SEV_batch1_c008|SEV_batch3_c011|SEV_batch3_c026|SEV_batch3_c042|SEV_batch2_c020|SEV_batch2_c013|SEV_batch3_c000|SEV_batch2_c009|SEV_batch3_c004|SEV_batch2_c028|SEV_batch3_c041|SEV_batch3_c001|SEV_batch3_c014|SEV_batch2_c003|SEV_batch2_c024|SEV_batch2_c011|SEV_batch3_c036|SEV_batch2_c023|SEV_batch2_c043|SEV_batch1_c039|SEV_batch3_c037|SEV_batch2_c025,377|494|145|673|1341|247|244|819|309|441|248|621|585|143|248|247|248|863|246|249|504|598|249,199.87|199.87|199.87|199.87|199.87|199.87|199.87|199.87|199.87|199.87|199.87|199.87|199.87|199.87|199.87|199.87|199.87|199.87|199.87|199.87|199.87|199.87|199.87,250.6741,369.5045,44.1402,109.1318,0.3913,0.4783,-240.9579,3
LSTM,100,2,68,22,23,331393,142.11,SEV_batch3_c013|SEV_batch1_c008|SEV_batch3_c011|SEV_batch3_c026|SEV_batch3_c042|SEV_batch2_c020|SEV_batch2_c013|SEV_batch3_c000|SEV_batch2_c009|SEV_batch3_c004|SEV_batch2_c028|SEV_batch3_c041|SEV_batch3_c001|SEV_batch3_c014|SEV_batch2_c003|SEV_batch2_c024|SEV_batch2_c011|SEV_batch3_c036|SEV_batch2_c023|SEV_batch2_c043|SEV_batch1_c039|SEV_batch3_c037|SEV_batch2_c025,377|494|145|673|1341|247|244|819|309|441|248|621|585|143|248|247|248|863|246|249|504|598|249,198.15|198.15|198.15|198.15|198.15|198.15|198.15|198.15|198.15|198.15|198.15|198.15|198.15|198.15|198.15|198.15|198.15|198.15|198.15|198.15|198.15|198.15|198.15,252.0942,370.6278,44.471,110.8508,0.3043,0.4783,-242.6769,3
LSTM,100,0,69,22,22,331393,142.09,SEV_batch2_c030|SEV_batch3_c020|SEV_batch1_c045|SEV_batch1_c035|SEV_batch3_c029|SEV_batch1_c003|SEV_batch2_c018|SEV_batch1_c024|SEV_batch1_c004|SEV_batch1_c026|SEV_batch3_c025|SEV_batch3_c010|SEV_batch3_c031|SEV_batch2_c042|SEV_batch3_c009|SEV_batch3_c045|SEV_batch1_c023|SEV_batch2_c026|SEV_batch2_c039|SEV_batch3_c033|SEV_batch1_c016|SEV_batch3_c015,246|660|506|495|734|876|246|208|877|431|391|102|112|245|371|636|891|249|246|352|525|519,195.72|195.72|195.72|195.72|195.72|195.72|195.72|195.72|195.72|195.72|195.72|195.72|195.72|195.72|195.72|195.72|195.72|195.72|195.72|195.72|195.72|195.72,271.228,349.3943,52.9367,215.2787,0.0909,0.3636,-255.0969,4
LSTM,100,1,69,22,22,331393,148.22,SEV_batch2_c030|SEV_batch3_c020|SEV_batch1_c045|SEV_batch1_c035|SEV_batch3_c029|SEV_batch1_c003|SEV_batch2_c018|SEV_batch1_c024|SEV_batch1_c004|SEV_batch1_c026|SEV_batch3_c025|SEV_batch3_c010|SEV_batch3_c031|SEV_batch2_c042|SEV_batch3_c009|SEV_batch3_c045|SEV_batch1_c023|SEV_batch2_c026|SEV_batch2_c039|SEV_batch3_c033|SEV_batch1_c016|SEV_batch3_c015,246|660|506|495|734|876|246|208|877|431|391|102|112|245|371|636|891|249|246|352|525|519,199.87|199.87|199.87|199.87|199.87|199.87|199.87|199.87|199.87|199.87|199.87|199.87|199.87|199.87|199.87|199.87|199.87|199.87|199.87|199.87|199.87|199.87,267.834,346.3772,52.3246,211.1304,0.2727,0.3636,-250.9486,4
LSTM,100,2,69,22,22,331393,142.71,SEV_batch2_c030|SEV_batch3_c020|SEV_batch1_c045|SEV_batch1_c035|SEV_batch3_c029|SEV_batch1_c003|SEV_batch2_c018|SEV_batch1_c024|SEV_batch1_c004|SEV_batch1_c026|SEV_batch3_c025|SEV_batch3_c010|SEV_batch3_c031|SEV_batch2_c042|SEV_batch3_c009|SEV_batch3_c045|SEV_batch1_c023|SEV_batch2_c026|SEV_batch2_c039|SEV_batch3_c033|SEV_batch1_c016|SEV_batch3_c015,246|660|506|495|734|876|246|208|877|431|391|102|112|245|371|636|891|249|246|352|525|519,198.15|198.15|198.15|198.15|198.15|198.15|198.15|198.15|198.15|198.15|198.15|198.15|198.15|198.15|198.15|198.15|198.15|198.15|198.15|198.15|198.15|198.15,269.2407,347.6249,52.5783,212.8498,0.2273,0.3636,-252.668,4
GRU,100,0,68,23,22,248577,178.36,SEV_batch2_c006|SEV_batch1_c006|SEV_batch2_c019|SEV_batch2_c004|SEV_batch1_c012|SEV_batch3_c008|SEV_batch2_c040|SEV_batch1_c044|SEV_batch1_c013|SEV_batch2_c002|SEV_batch1_c030|SEV_batch3_c018|SEV_batch3_c030|SEV_batch1_c021|SEV_batch1_c000|SEV_batch2_c029|SEV_batch3_c040|SEV_batch2_c044|SEV_batch3_c027|SEV_batch2_c036|SEV_batch3_c012|SEV_batch3_c043,256|518|247|245|504|426|361|500|500|246|432|591|753|462|701|245|237|246|773|249|463|706,199.50|199.50|199.50|199.50|199.50|199.50|199.50|199.50|199.50|199.50|199.50|199.50|199.50|199.50|199.50|199.50|199.50|199.50|199.50|199.50|199.50|199.50,239.635,298.3956,46.2148,247.4986,0.3182,0.3636,-239.635,0
GRU,100,1,68,23,22,248577,215.07,SEV_batch2_c006|SEV_batch1_c006|SEV_batch2_c019|SEV_batch2_c004|SEV_batch1_c012|SEV_batch3_c008|SEV_batch2_c040|SEV_batch1_c044|SEV_batch1_c013|SEV_batch2_c002|SEV_batch1_c030|SEV_batch3_c018|SEV_batch3_c030|SEV_batch1_c021|SEV_batch1_c000|SEV_batch2_c029|SEV_batch3_c040|SEV_batch2_c044|SEV_batch3_c027|SEV_batch2_c036|SEV_batch3_c012|SEV_batch3_c043,256|518|247|245|504|426|361|500|500|246|432|591|753|462|701|245|237|246|773|249|463|706,198.78|198.78|198.78|198.78|198.78|198.78|198.78|198.78|198.78|198.78|198.78|198.78|198.78|198.78|198.78|198.78|198.78|198.78|198.78|198.78|198.78|198.78,240.3583,298.9768,46.4098,248.2219,0.2727,0.3636,-240.3583,0
GRU,100,2,68,23,22,248577,229.91,SEV_batch2_c006|SEV_batch1_c006|SEV_batch2_c019|SEV_batch2_c004|SEV_batch1_c012|SEV_batch3_c008|SEV_batch2_c040|SEV_batch1_c044|SEV_batch1_c013|SEV_batch2_c002|SEV_batch1_c030|SEV_batch3_c018|SEV_batch3_c030|SEV_batch1_c021|SEV_batch1_c000|SEV_batch2_c029|SEV_batch3_c040|SEV_batch2_c044|SEV_batch3_c027|SEV_batch2_c036|SEV_batch3_c012|SEV_batch3_c043,256|518|247|245|504|426|361|500|500|246|432|591|753|462|701|245|237|246|773|249|463|706,200.01|200.01|200.01|200.01|200.01|200.01|200.01|200.01|200.01|200.01|200.01|200.01|200.01|200.01|200.01|200.01|200.01|200.01|200.01|200.01|200.01|200.01,239.1286,297.9892,46.0783,246.9923,0.3182,0.3636,-239.1286,0
GRU,100,0,68,22,23,248577,236.81,SEV_batch1_c014|SEV_batch1_c017|SEV_batch2_c037|SEV_batch1_c037|SEV_batch1_c027|SEV_batch2_c022|SEV_batch1_c025|SEV_batch3_c039|SEV_batch2_c032|SEV_batch3_c003|SEV_batch1_c036|SEV_batch2_c041|SEV_batch2_c010|SEV_batch1_c011|SEV_batch1_c040|SEV_batch3_c038|SEV_batch2_c035|SEV_batch1_c034|SEV_batch2_c007|SEV_batch3_c006|SEV_batch1_c007|SEV_batch3_c007|SEV_batch2_c033,522|507|245|438|502|245|569|938|360|600|490|249|249|507|485|1681|246|541|530|549|569|389|246,199.50|199.50|199.50|199.50|199.50|199.50|199.50|199.50|199.50|199.50|199.50|199.50|199.50|199.50|199.50|199.50|199.50|199.50|199.50|199.50|199.50|199.50|199.50,307.3247,427.5365,51.1555,302.4986,0.2609,0.2609,-307.3247,1
GRU,100,1,68,22,23,248577,232.63,SEV_batch1_c014|SEV_batch1_c017|SEV_batch2_c037|SEV_batch1_c037|SEV_batch1_c027|SEV_batch2_c022|SEV_batch1_c025|SEV_batch3_c039|SEV_batch2_c032|SEV_batch3_c003|SEV_batch1_c036|SEV_batch2_c041|SEV_batch2_c010|SEV_batch1_c011|SEV_batch1_c040|SEV_batch3_c038|SEV_batch2_c035|SEV_batch1_c034|SEV_batch2_c007|SEV_batch3_c006|SEV_batch1_c007|SEV_batch3_c007|SEV_batch2_c033,522|507|245|438|502|245|569|938|360|600|490|249|249|507|485|1681|246|541|530|549|569|389|246,198.78|198.78|198.78|198.78|198.78|198.78|198.78|198.78|198.78|198.78|198.78|198.78|198.78|198.78|198.78|198.78|198.78|198.78|198.78|198.78|198.78|198.78|198.78,308.048,428.0568,51.3326,303.2219,0.1739,0.2609,-308.048,1
GRU,100,2,68,22,23,248577,232.47,SEV_batch1_c014|SEV_batch1_c017|SEV_batch2_c037|SEV_batch1_c037|SEV_batch1_c027|SEV_batch2_c022|SEV_batch1_c025|SEV_batch3_c039|SEV_batch2_c032|SEV_batch3_c003|SEV_batch1_c036|SEV_batch2_c041|SEV_batch2_c010|SEV_batch1_c011|SEV_batch1_c040|SEV_batch3_c038|SEV_batch2_c035|SEV_batch1_c034|SEV_batch2_c007|SEV_batch3_c006|SEV_batch1_c007|SEV_batch3_c007|SEV_batch2_c033,522|507|245|438|502|245|569|938|360|600|490|249|249|507|485|1681|246|541|530|549|569|389|246,200.01|200.01|200.01|200.01|200.01|200.01|200.01|200.01|200.01|200.01|200.01|200.01|200.01|200.01|200.01|200.01|200.01|200.01|200.01|200.01|200.01|200.01|200.01,306.8184,427.1727,51.0316,301.9923,0.2609,0.2609,-306.8184,1
GRU,100,0,70,22,21,248577,235.17,SEV_batch1_c043|SEV_batch1_c019|SEV_batch2_c031|SEV_batch1_c042|SEV_batch2_c021|SEV_batch1_c009|SEV_batch2_c005|SEV_batch2_c038|SEV_batch2_c047|SEV_batch1_c031|SEV_batch1_c022|SEV_batch3_c016|SEV_batch3_c021|SEV_batch1_c029|SEV_batch1_c010|SEV_batch3_c019|SEV_batch2_c012|SEV_batch1_c015|SEV_batch3_c034|SEV_batch1_c005|SEV_batch1_c020,498|507|252|500|250|887|390|251|259|629|793|568|409|505|506|904|252|517|133|906|421,199.50|199.50|199.50|199.50|199.50|199.50|199.50|199.50|199.50|199.50|199.50|199.50|199.50|199.50|199.50|199.50|199.50|199.50|199.50|199.50|199.50,299.071,368.4314,52.9824,300.4995,0.0,0.2857,-292.7376,2
GRU,100,1,70,22,21,248577,235.31,SEV_batch1_c043|SEV_batch1_c019|SEV_batch2_c031|SEV_batch1_c042|SEV_batch2_c021|SEV_batch1_c009|SEV_batch2_c005|SEV_batch2_c038|SEV_batch2_c047|SEV_batch1_c031|SEV_batch1_c022|SEV_batch3_c016|SEV_batch3_c021|SEV_batch1_c029|SEV_batch1_c010|SEV_batch3_c019|SEV_batch2_c012|SEV_batch1_c015|SEV_batch3_c034|SEV_batch1_c005|SEV_batch1_c020,498|507|252|500|250|887|390|251|259|629|793|568|409|505|506|904|252|517|133|906|421,198.78|198.78|198.78|198.78|198.78|198.78|198.78|198.78|198.78|198.78|198.78|198.78|198.78|198.78|198.78|198.78|198.78|198.78|198.78|198.78|198.78,299.7271,369.0079,53.1187,301.2247,0.0,0.2857,-293.4628,2
GRU,100,2,70,22,21,248577,240.62,SEV_batch1_c043|SEV_batch1_c019|SEV_batch2_c031|SEV_batch1_c042|SEV_batch2_c021|SEV_batch1_c009|SEV_batch2_c005|SEV_batch2_c038|SEV_batch2_c047|SEV_batch1_c031|SEV_batch1_c022|SEV_batch3_c016|SEV_batch3_c021|SEV_batch1_c029|SEV_batch1_c010|SEV_batch3_c019|SEV_batch2_c012|SEV_batch1_c015|SEV_batch3_c034|SEV_batch1_c005|SEV_batch1_c020,498|507|252|500|250|887|390|251|259|629|793|568|409|505|506|904|252|517|133|906|421,200.01|200.01|200.01|200.01|200.01|200.01|200.01|200.01|200.01|200.01|200.01|200.01|200.01|200.01|200.01|200.01|200.01|200.01|200.01|200.01|200.01,298.6127,368.0291,52.8872,299.993,0.0476,0.2857,-292.2311,2
GRU,100,0,68,22,23,248577,238.55,SEV_batch3_c013|SEV_batch1_c008|SEV_batch3_c011|SEV_batch3_c026|SEV_batch3_c042|SEV_batch2_c020|SEV_batch2_c013|SEV_batch3_c000|SEV_batch2_c009|SEV_batch3_c004|SEV_batch2_c028|SEV_batch3_c041|SEV_batch3_c001|SEV_batch3_c014|SEV_batch2_c003|SEV_batch2_c024|SEV_batch2_c011|SEV_batch3_c036|SEV_batch2_c023|SEV_batch2_c043|SEV_batch1_c039|SEV_batch3_c037|SEV_batch2_c025,377|494|145|673|1341|247|244|819|309|441|248|621|585|143|248|247|248|863|246|249|504|598|249,199.50|199.50|199.50|199.50|199.50|199.50|199.50|199.50|199.50|199.50|199.50|199.50|199.50|199.50|199.50|199.50|199.50|199.50|199.50|199.50|199.50|199.50|199.50,250.977,369.7437,44.2108,109.4985,0.3913,0.4783,-241.3246,3
GRU,100,1,68,22,23,248577,236.66,SEV_batch3_c013|SEV_batch1_c008|SEV_batch3_c011|SEV_batch3_c026|SEV_batch3_c042|SEV_batch2_c020|SEV_batch2_c013|SEV_batch3_c000|SEV_batch2_c009|SEV_batch3_c004|SEV_batch2_c028|SEV_batch3_c041|SEV_batch3_c001|SEV_batch3_c014|SEV_batch2_c003|SEV_batch2_c024|SEV_batch2_c011|SEV_batch3_c036|SEV_batch2_c023|SEV_batch2_c043|SEV_batch1_c039|SEV_batch3_c037|SEV_batch2_c025,377|494|145|673|1341|247|244|819|309|441|248|621|585|143|248|247|248|863|246|249|504|598|249,198.78|198.78|198.78|198.78|198.78|198.78|198.78|198.78|198.78|198.78|198.78|198.78|198.78|198.78|198.78|198.78|198.78|198.78|198.78|198.78|198.78|198.78|198.78,251.5745,370.2161,44.35,110.2217,0.3043,0.4783,-242.0478,3
GRU,100,2,68,22,23,248577,231.18,SEV_batch3_c013|SEV_batch1_c008|SEV_batch3_c011|SEV_batch3_c026|SEV_batch3_c042|SEV_batch2_c020|SEV_batch2_c013|SEV_batch3_c000|SEV_batch2_c009|SEV_batch3_c004|SEV_batch2_c028|SEV_batch3_c041|SEV_batch3_c001|SEV_batch3_c014|SEV_batch2_c003|SEV_batch2_c024|SEV_batch2_c011|SEV_batch3_c036|SEV_batch2_c023|SEV_batch2_c043|SEV_batch1_c039|SEV_batch3_c037|SEV_batch2_c025,377|494|145|673|1341|247|244|819|309|441|248|621|585|143|248|247|248|863|246|249|504|598|249,200.01|200.01|200.01|200.01|200.01|200.01|200.01|200.01|200.01|200.01|200.01|200.01|200.01|200.01|200.01|200.01|200.01|200.01|200.01|200.01|200.01|200.01|200.01,250.5586,369.4133,44.1133,108.992,0.3913,0.4783,-240.8181,3
GRU,100,0,69,22,22,248577,236.15,SEV_batch2_c030|SEV_batch3_c020|SEV_batch1_c045|SEV_batch1_c035|SEV_batch3_c029|SEV_batch1_c003|SEV_batch2_c018|SEV_batch1_c024|SEV_batch1_c004|SEV_batch1_c026|SEV_batch3_c025|SEV_batch3_c010|SEV_batch3_c031|SEV_batch2_c042|SEV_batch3_c009|SEV_batch3_c045|SEV_batch1_c023|SEV_batch2_c026|SEV_batch2_c039|SEV_batch3_c033|SEV_batch1_c016|SEV_batch3_c015,246|660|506|495|734|876|246|208|877|431|391|102|112|245|371|636|891|249|246|352|525|519,199.50|199.50|199.50|199.50|199.50|199.50|199.50|199.50|199.50|199.50|199.50|199.50|199.50|199.50|199.50|199.50|199.50|199.50|199.50|199.50|199.50|199.50,268.135,346.6438,52.3789,211.4983,0.2727,0.3636,-251.3165,4
GRU,100,1,69,22,22,248577,217.95,SEV_batch2_c030|SEV_batch3_c020|SEV_batch1_c045|SEV_batch1_c035|SEV_batch3_c029|SEV_batch1_c003|SEV_batch2_c018|SEV_batch1_c024|SEV_batch1_c004|SEV_batch1_c026|SEV_batch3_c025|SEV_batch3_c010|SEV_batch3_c031|SEV_batch2_c042|SEV_batch3_c009|SEV_batch3_c045|SEV_batch1_c023|SEV_batch2_c026|SEV_batch2_c039|SEV_batch3_c033|SEV_batch1_c016|SEV_batch3_c015,246|660|506|495|734|876|246|208|877|431|391|102|112|245|371|636|891|249|246|352|525|519,198.78|198.78|198.78|198.78|198.78|198.78|198.78|198.78|198.78|198.78|198.78|198.78|198.78|198.78|198.78|198.78|198.78|198.78|198.78|198.78|198.78|198.78,268.7262,347.1681,52.4855,212.2209,0.2273,0.3636,-252.0391,4
GRU,100,2,69,22,22,248577,213.43,SEV_batch2_c030|SEV_batch3_c020|SEV_batch1_c045|SEV_batch1_c035|SEV_batch3_c029|SEV_batch1_c003|SEV_batch2_c018|SEV_batch1_c024|SEV_batch1_c004|SEV_batch1_c026|SEV_batch3_c025|SEV_batch3_c010|SEV_batch3_c031|SEV_batch2_c042|SEV_batch3_c009|SEV_batch3_c045|SEV_batch1_c023|SEV_batch2_c026|SEV_batch2_c039|SEV_batch3_c033|SEV_batch1_c016|SEV_batch3_c015,246|660|506|495|734|876|246|208|877|431|391|102|112|245|371|636|891|249|246|352|525|519,200.01|200.01|200.01|200.01|200.01|200.01|200.01|200.01|200.01|200.01|200.01|200.01|200.01|200.01|200.01|200.01|200.01|200.01|200.01|200.01|200.01|200.01,267.7202,346.2765,52.3041,210.9914,0.2727,0.3636,-250.8095,4
Transformer,100,0,68,23,22,17185,159.37,SEV_batch2_c006|SEV_batch1_c006|SEV_batch2_c019|SEV_batch2_c004|SEV_batch1_c012|SEV_batch3_c008|SEV_batch2_c040|SEV_batch1_c044|SEV_batch1_c013|SEV_batch2_c002|SEV_batch1_c030|SEV_batch3_c018|SEV_batch3_c030|SEV_batch1_c021|SEV_batch1_c000|SEV_batch2_c029|SEV_batch3_c040|SEV_batch2_c044|SEV_batch3_c027|SEV_batch2_c036|SEV_batch3_c012|SEV_batch3_c043,256|518|247|245|504|426|361|500|500|246|432|591|753|462|701|245|237|246|773|249|463|706,224.46|224.46|224.45|224.46|224.46|224.46|224.46|224.46|224.46|224.46|224.46|224.46|224.46|224.46|224.46|224.46|224.46|224.46|224.46|224.46|224.46|224.46,214.681,278.7524,39.4872,222.5446,0.3636,0.3636,-214.681,0
Transformer,100,1,68,23,22,17185,161.1,SEV_batch2_c006|SEV_batch1_c006|SEV_batch2_c019|SEV_batch2_c004|SEV_batch1_c012|SEV_batch3_c008|SEV_batch2_c040|SEV_batch1_c044|SEV_batch1_c013|SEV_batch2_c002|SEV_batch1_c030|SEV_batch3_c018|SEV_batch3_c030|SEV_batch1_c021|SEV_batch1_c000|SEV_batch2_c029|SEV_batch3_c040|SEV_batch2_c044|SEV_batch3_c027|SEV_batch2_c036|SEV_batch3_c012|SEV_batch3_c043,256|518|247|245|504|426|361|500|500|246|432|591|753|462|701|245|237|246|773|249|463|706,226.08|226.08|226.08|226.08|226.08|226.08|226.08|226.08|226.08|226.08|226.08|226.08|226.08|226.08|226.08|226.08|226.08|226.08|226.08|226.08|226.08|226.08,213.053,277.5006,39.0483,220.9166,0.3636,0.3636,-213.053,0
Transformer,100,2,68,23,22,17185,159.24,SEV_batch2_c006|SEV_batch1_c006|SEV_batch2_c019|SEV_batch2_c004|SEV_batch1_c012|SEV_batch3_c008|SEV_batch2_c040|SEV_batch1_c044|SEV_batch1_c013|SEV_batch2_c002|SEV_batch1_c030|SEV_batch3_c018|SEV_batch3_c030|SEV_batch1_c021|SEV_batch1_c000|SEV_batch2_c029|SEV_batch3_c040|SEV_batch2_c044|SEV_batch3_c027|SEV_batch2_c036|SEV_batch3_c012|SEV_batch3_c043,256|518|247|245|504|426|361|500|500|246|432|591|753|462|701|245|237|246|773|249|463|706,225.38|225.38|225.38|225.38|225.38|225.38|225.38|225.38|225.38|225.38|225.38|225.38|225.38|225.38|225.38|225.38|225.38|225.38|225.38|225.38|225.38|225.38,213.7531,278.0385,39.2371,221.6168,0.3636,0.3636,-213.7531,0
Transformer,100,0,68,22,23,17185,158.4,SEV_batch1_c014|SEV_batch1_c017|SEV_batch2_c037|SEV_batch1_c037|SEV_batch1_c027|SEV_batch2_c022|SEV_batch1_c025|SEV_batch3_c039|SEV_batch2_c032|SEV_batch3_c003|SEV_batch1_c036|SEV_batch2_c041|SEV_batch2_c010|SEV_batch1_c011|SEV_batch1_c040|SEV_batch3_c038|SEV_batch2_c035|SEV_batch1_c034|SEV_batch2_c007|SEV_batch3_c006|SEV_batch1_c007|SEV_batch3_c007|SEV_batch2_c033,522|507|245|438|502|245|569|938|360|600|490|249|249|507|485|1681|246|541|530|549|569|389|246,224.46|224.46|224.46|224.46|224.46|224.46|224.46|224.46|224.46|224.46|224.46|224.46|224.46|224.46|224.46|224.46|224.46|224.46|224.46|224.45|224.46|224.46|224.46,282.3706,409.9661,45.0459,277.5444,0.2609,0.2609,-282.3706,1
Transformer,100,1,68,22,23,17185,147.12,SEV_batch1_c014|SEV_batch1_c017|SEV_batch2_c037|SEV_batch1_c037|SEV_batch1_c027|SEV_batch2_c022|SEV_batch1_c025|SEV_batch3_c039|SEV_batch2_c032|SEV_batch3_c003|SEV_batch1_c036|SEV_batch2_c041|SEV_batch2_c010|SEV_batch1_c011|SEV_batch1_c040|SEV_batch3_c038|SEV_batch2_c035|SEV_batch1_c034|SEV_batch2_c007|SEV_batch3_c006|SEV_batch1_c007|SEV_batch3_c007|SEV_batch2_c033,522|507|245|438|502|245|569|938|360|600|490|249|249|507|485|1681|246|541|530|549|569|389|246,226.08|226.08|226.08|226.08|226.08|226.08|226.08|226.08|226.08|226.08|226.08|226.08|226.08|226.08|226.08|226.08|226.08|226.08|226.08|226.08|226.08|226.08|226.08,280.7427,408.8465,44.6474,275.9165,0.2609,0.2609,-280.7427,1
Transformer,100,2,68,22,23,17185,159.24,SEV_batch1_c014|SEV_batch1_c017|SEV_batch2_c037|SEV_batch1_c037|SEV_batch1_c027|SEV_batch2_c022|SEV_batch1_c025|SEV_batch3_c039|SEV_batch2_c032|SEV_batch3_c003|SEV_batch1_c036|SEV_batch2_c041|SEV_batch2_c010|SEV_batch1_c011|SEV_batch1_c040|SEV_batch3_c038|SEV_batch2_c035|SEV_batch1_c034|SEV_batch2_c007|SEV_batch3_c006|SEV_batch1_c007|SEV_batch3_c007|SEV_batch2_c033,522|507|245|438|502|245|569|938|360|600|490|249|249|507|485|1681|246|541|530|549|569|389|246,225.38|225.38|225.38|225.38|225.38|225.38|225.38|225.38|225.38|225.38|225.38|225.38|225.38|225.38|225.38|225.38|225.38|225.38|225.38|225.38|225.38|225.38|225.38,281.4428,409.3276,44.8188,276.6166,0.2609,0.2609,-281.4428,1
Transformer,100,0,70,22,21,17185,151.82,SEV_batch1_c043|SEV_batch1_c019|SEV_batch2_c031|SEV_batch1_c042|SEV_batch2_c021|SEV_batch1_c009|SEV_batch2_c005|SEV_batch2_c038|SEV_batch2_c047|SEV_batch1_c031|SEV_batch1_c022|SEV_batch3_c016|SEV_batch3_c021|SEV_batch1_c029|SEV_batch1_c010|SEV_batch3_c019|SEV_batch2_c012|SEV_batch1_c015|SEV_batch3_c034|SEV_batch1_c005|SEV_batch1_c020,498|507|252|500|250|887|390|251|259|629|793|568|409|505|506|904|252|517|133|906|421,224.46|224.46|224.46|224.46|224.46|224.46|224.46|224.46|224.46|224.46|224.46|224.46|224.46|224.46|224.46|224.46|224.46|224.46|224.46|224.46|224.46,276.4905,348.9307,48.2919,275.542,0.2381,0.2857,-267.7802,2
Transformer,100,1,70,22,21,17185,156.09,SEV_batch1_c043|SEV_batch1_c019|SEV_batch2_c031|SEV_batch1_c042|SEV_batch2_c021|SEV_batch1_c009|SEV_batch2_c005|SEV_batch2_c038|SEV_batch2_c047|SEV_batch1_c031|SEV_batch1_c022|SEV_batch3_c016|SEV_batch3_c021|SEV_batch1_c029|SEV_batch1_c010|SEV_batch3_c019|SEV_batch2_c012|SEV_batch1_c015|SEV_batch3_c034|SEV_batch1_c005|SEV_batch1_c020,498|507|252|500|250|887|390|251|259|629|793|568|409|505|506|904|252|517|133|906|421,226.08|226.08|226.08|226.08|226.08|226.08|226.08|226.08|226.08|226.08|226.08|226.08|226.08|226.08|226.08|226.08|226.08|226.08|226.08|226.08|226.08,275.0206,347.6855,47.9866,273.9173,0.2381,0.2857,-266.1556,2
Transformer,100,2,70,22,21,17185,154.71,SEV_batch1_c043|SEV_batch1_c019|SEV_batch2_c031|SEV_batch1_c042|SEV_batch2_c021|SEV_batch1_c009|SEV_batch2_c005|SEV_batch2_c038|SEV_batch2_c047|SEV_batch1_c031|SEV_batch1_c022|SEV_batch3_c016|SEV_batch3_c021|SEV_batch1_c029|SEV_batch1_c010|SEV_batch3_c019|SEV_batch2_c012|SEV_batch1_c015|SEV_batch3_c034|SEV_batch1_c005|SEV_batch1_c020,498|507|252|500|250|887|390|251|259|629|793|568|409|505|506|904|252|517|133|906|421,225.38|225.39|225.39|225.39|225.39|225.38|225.39|225.39|225.39|225.38|225.39|225.39|225.38|225.39|225.38|225.38|225.38|225.38|225.39|225.38|225.38,275.6518,348.2198,48.1177,274.6149,0.2381,0.2857,-266.8532,2
Transformer,100,0,68,22,23,17185,149.06,SEV_batch3_c013|SEV_batch1_c008|SEV_batch3_c011|SEV_batch3_c026|SEV_batch3_c042|SEV_batch2_c020|SEV_batch2_c013|SEV_batch3_c000|SEV_batch2_c009|SEV_batch3_c004|SEV_batch2_c028|SEV_batch3_c041|SEV_batch3_c001|SEV_batch3_c014|SEV_batch2_c003|SEV_batch2_c024|SEV_batch2_c011|SEV_batch3_c036|SEV_batch2_c023|SEV_batch2_c043|SEV_batch1_c039|SEV_batch3_c037|SEV_batch2_c025,377|494|145|673|1341|247|244|819|309|441|248|621|585|143|248|247|248|863|246|249|504|598|249,224.45|224.45|224.45|224.45|224.45|224.45|224.45|224.45|224.45|224.45|224.45|224.45|224.45|224.45|224.45|224.45|224.45|224.45|224.45|224.45|224.45|224.45|224.45,230.3669,353.965,39.4088,84.5493,0.3913,0.5217,-216.3755,3
Transformer,100,1,68,22,23,17185,143.45,SEV_batch3_c013|SEV_batch1_c008|SEV_batch3_c011|SEV_batch3_c026|SEV_batch3_c042|SEV_batch2_c020|SEV_batch2_c013|SEV_batch3_c000|SEV_batch2_c009|SEV_batch3_c004|SEV_batch2_c028|SEV_batch3_c041|SEV_batch3_c001|SEV_batch3_c014|SEV_batch2_c003|SEV_batch2_c024|SEV_batch2_c011|SEV_batch3_c036|SEV_batch2_c023|SEV_batch2_c043|SEV_batch1_c039|SEV_batch3_c037|SEV_batch2_c025,377|494|145|673|1341|247|244|819|309|441|248|621|585|143|248|247|248|863|246|249|504|598|249,226.08|226.08|226.08|226.08|226.08|226.08|226.08|226.08|226.08|226.08|226.08|226.08|226.08|226.08|226.08|226.08|226.08|226.08|226.08|226.08|226.08|226.08|226.08,229.0182,352.9693,39.0946,83.0833,0.3913,0.5217,-214.7429,3
Transformer,100,2,68,22,23,17185,149.1,SEV_batch3_c013|SEV_batch1_c008|SEV_batch3_c011|SEV_batch3_c026|SEV_batch3_c042|SEV_batch2_c020|SEV_batch2_c013|SEV_batch3_c000|SEV_batch2_c009|SEV_batch3_c004|SEV_batch2_c028|SEV_batch3_c041|SEV_batch3_c001|SEV_batch3_c014|SEV_batch2_c003|SEV_batch2_c024|SEV_batch2_c011|SEV_batch3_c036|SEV_batch2_c023|SEV_batch2_c043|SEV_batch1_c039|SEV_batch3_c037|SEV_batch2_c025,377|494|145|673|1341|247|244|819|309|441|248|621|585|143|248|247|248|863|246|249|504|598|249,225.38|225.38|225.38|225.38|225.38|225.38|225.38|225.38|225.38|225.38|225.38|225.38|225.38|225.38|225.38|225.38|225.38|225.38|225.38|225.38|225.38|225.38|225.38,229.5972,353.3962,39.2295,83.6176,0.3913,0.5217,-215.4438,3
Transformer,100,0,69,22,22,17185,155.52,SEV_batch2_c030|SEV_batch3_c020|SEV_batch1_c045|SEV_batch1_c035|SEV_batch3_c029|SEV_batch1_c003|SEV_batch2_c018|SEV_batch1_c024|SEV_batch1_c004|SEV_batch1_c026|SEV_batch3_c025|SEV_batch3_c010|SEV_batch3_c031|SEV_batch2_c042|SEV_batch3_c009|SEV_batch3_c045|SEV_batch1_c023|SEV_batch2_c026|SEV_batch2_c039|SEV_batch3_c033|SEV_batch1_c016|SEV_batch3_c015,246|660|506|495|734|876|246|208|877|431|391|102|112|245|371|636|891|249|246|352|525|519,224.45|224.45|224.45|224.45|224.45|224.45|224.45|224.45|224.45|224.45|224.45|224.45|224.45|224.45|224.45|224.45|224.45|224.45|224.45|224.45|224.45|224.45,249.2168,329.004,49.4162,186.548,0.2727,0.2727,-226.3662,4
Transformer,100,1,69,22,22,17185,156.63,SEV_batch2_c030|SEV_batch3_c020|SEV_batch1_c045|SEV_batch1_c035|SEV_batch3_c029|SEV_batch1_c003|SEV_batch2_c018|SEV_batch1_c024|SEV_batch1_c004|SEV_batch1_c026|SEV_batch3_c025|SEV_batch3_c010|SEV_batch3_c031|SEV_batch2_c042|SEV_batch3_c009|SEV_batch3_c045|SEV_batch1_c023|SEV_batch2_c026|SEV_batch2_c039|SEV_batch3_c033|SEV_batch1_c016|SEV_batch3_c015,246|660|506|495|734|876|246|208|877|431|391|102|112|245|371|636|891|249|246|352|525|519,226.08|226.08|226.08|226.08|226.08|226.08|226.08|226.08|226.08|226.08|226.08|226.08|226.08|226.08|226.08|226.08|226.08|226.08|226.08|226.08|226.08|226.08,248.0303,327.8837,49.2467,184.9166,0.2727,0.2727,-224.7348,4
Transformer,100,2,69,22,22,17185,152.24,SEV_batch2_c030|SEV_batch3_c020|SEV_batch1_c045|SEV_batch1_c035|SEV_batch3_c029|SEV_batch1_c003|SEV_batch2_c018|SEV_batch1_c024|SEV_batch1_c004|SEV_batch1_c026|SEV_batch3_c025|SEV_batch3_c010|SEV_batch3_c031|SEV_batch2_c042|SEV_batch3_c009|SEV_batch3_c045|SEV_batch1_c023|SEV_batch2_c026|SEV_batch2_c039|SEV_batch3_c033|SEV_batch1_c016|SEV_batch3_c015,246|660|506|495|734|876|246|208|877|431|391|102|112|245|371|636|891|249|246|352|525|519,225.38|225.38|225.38|225.38|225.38|225.38|225.38|225.38|225.38|225.38|225.38|225.38|225.38|225.38|225.38|225.38|225.38|225.38|225.38|225.38|225.38|225.38,248.5388,328.3633,49.3193,185.6157,0.2727,0.2727,-225.434,4
Informer,100,0,68,23,22,17185,146.66,SEV_batch2_c006|SEV_batch1_c006|SEV_batch2_c019|SEV_batch2_c004|SEV_batch1_c012|SEV_batch3_c008|SEV_batch2_c040|SEV_batch1_c044|SEV_batch1_c013|SEV_batch2_c002|SEV_batch1_c030|SEV_batch3_c018|SEV_batch3_c030|SEV_batch1_c021|SEV_batch1_c000|SEV_batch2_c029|SEV_batch3_c040|SEV_batch2_c044|SEV_batch3_c027|SEV_batch2_c036|SEV_batch3_c012|SEV_batch3_c043,256|518|247|245|504|426|361|500|500|246|432|591|753|462|701|245|237|246|773|249|463|706,224.98|224.98|224.98|224.98|224.98|224.98|224.98|224.98|224.98|224.98|224.98|224.98|224.98|224.98|224.98|224.98|224.98|224.98|224.98|224.98|224.98|224.98,214.1529,278.346,39.3449,222.0166,0.3636,0.3636,-214.1529,0
Informer,100,1,68,23,22,17185,152.66,SEV_batch2_c006|SEV_batch1_c006|SEV_batch2_c019|SEV_batch2_c004|SEV_batch1_c012|SEV_batch3_c008|SEV_batch2_c040|SEV_batch1_c044|SEV_batch1_c013|SEV_batch2_c002|SEV_batch1_c030|SEV_batch3_c018|SEV_batch3_c030|SEV_batch1_c021|SEV_batch1_c000|SEV_batch2_c029|SEV_batch3_c040|SEV_batch2_c044|SEV_batch3_c027|SEV_batch2_c036|SEV_batch3_c012|SEV_batch3_c043,256|518|247|245|504|426|361|500|500|246|432|591|753|462|701|245|237|246|773|249|463|706,227.52|227.52|227.52|227.52|227.52|227.52|227.52|227.52|227.52|227.52|227.52|227.52|227.52|227.52|227.52|227.52|227.52|227.52|227.52|227.52|227.52|227.52,211.6206,276.4024,38.6621,219.4842,0.3636,0.3636,-211.6206,0
Informer,100,2,68,23,22,17185,156.86,SEV_batch2_c006|SEV_batch1_c006|SEV_batch2_c019|SEV_batch2_c004|SEV_batch1_c012|SEV_batch3_c008|SEV_batch2_c040|SEV_batch1_c044|SEV_batch1_c013|SEV_batch2_c002|SEV_batch1_c030|SEV_batch3_c018|SEV_batch3_c030|SEV_batch1_c021|SEV_batch1_c000|SEV_batch2_c029|SEV_batch3_c040|SEV_batch2_c044|SEV_batch3_c027|SEV_batch2_c036|SEV_batch3_c012|SEV_batch3_c043,256|518|247|245|504|426|361|500|500|246|432|591|753|462|701|245|237|246|773|249|463|706,226.17|226.17|226.17|226.17|226.17|226.17|226.17|226.17|226.17|226.17|226.17|226.17|226.17|226.17|226.17|226.17|226.17|226.17|226.17|226.17|226.17|226.17,212.9682,277.4356,39.0255,220.8319,0.3636,0.3636,-212.9682,0
Informer,100,0,68,22,23,17185,161.34,SEV_batch1_c014|SEV_batch1_c017|SEV_batch2_c037|SEV_batch1_c037|SEV_batch1_c027|SEV_batch2_c022|SEV_batch1_c025|SEV_batch3_c039|SEV_batch2_c032|SEV_batch3_c003|SEV_batch1_c036|SEV_batch2_c041|SEV_batch2_c010|SEV_batch1_c011|SEV_batch1_c040|SEV_batch3_c038|SEV_batch2_c035|SEV_batch1_c034|SEV_batch2_c007|SEV_batch3_c006|SEV_batch1_c007|SEV_batch3_c007|SEV_batch2_c033,522|507|245|438|502|245|569|938|360|600|490|249|249|507|485|1681|246|541|530|549|569|389|246,224.98|224.98|224.98|224.98|224.98|224.98|224.98|224.98|224.98|224.98|224.98|224.98|224.98|224.98|224.98|224.98|224.98|224.98|224.98|224.98|224.98|224.98|224.98,281.8427,409.6026,44.9167,277.0166,0.2609,0.2609,-281.8427,1
Informer,100,1,68,22,23,17185,149.93,SEV_batch1_c014|SEV_batch1_c017|SEV_batch2_c037|SEV_batch1_c037|SEV_batch1_c027|SEV_batch2_c022|SEV_batch1_c025|SEV_batch3_c039|SEV_batch2_c032|SEV_batch3_c003|SEV_batch1_c036|SEV_batch2_c041|SEV_batch2_c010|SEV_batch1_c011|SEV_batch1_c040|SEV_batch3_c038|SEV_batch2_c035|SEV_batch1_c034|SEV_batch2_c007|SEV_batch3_c006|SEV_batch1_c007|SEV_batch3_c007|SEV_batch2_c033,522|507|245|438|502|245|569|938|360|600|490|249|249|507|485|1681|246|541|530|549|569|389|246,227.52|227.52|227.52|227.52|227.52|227.52|227.52|227.52|227.52|227.52|227.52|227.52|227.52|227.52|227.52|227.52|227.52|227.52|227.52|227.52|227.52|227.52|227.52,279.3103,407.8643,44.2967,274.4842,0.2609,0.2609,-279.3103,1
Informer,100,2,68,22,23,17185,145.84,SEV_batch1_c014|SEV_batch1_c017|SEV_batch2_c037|SEV_batch1_c037|SEV_batch1_c027|SEV_batch2_c022|SEV_batch1_c025|SEV_batch3_c039|SEV_batch2_c032|SEV_batch3_c003|SEV_batch1_c036|SEV_batch2_c041|SEV_batch2_c010|SEV_batch1_c011|SEV_batch1_c040|SEV_batch3_c038|SEV_batch2_c035|SEV_batch1_c034|SEV_batch2_c007|SEV_batch3_c006|SEV_batch1_c007|SEV_batch3_c007|SEV_batch2_c033,522|507|245|438|502|245|569|938|360|600|490|249|249|507|485|1681|246|541|530|549|569|389|246,226.17|226.17|226.17|226.17|226.17|226.17|226.17|226.17|226.17|226.17|226.17|226.17|226.17|226.17|226.17|226.17|226.17|226.17|226.17|226.17|226.17|226.17|226.17,280.658,408.7883,44.6266,275.8319,0.2609,0.2609,-280.658,1
Informer,100,0,70,22,21,17185,149.16,SEV_batch1_c043|SEV_batch1_c019|SEV_batch2_c031|SEV_batch1_c042|SEV_batch2_c021|SEV_batch1_c009|SEV_batch2_c005|SEV_batch2_c038|SEV_batch2_c047|SEV_batch1_c031|SEV_batch1_c022|SEV_batch3_c016|SEV_batch3_c021|SEV_batch1_c029|SEV_batch1_c010|SEV_batch3_c019|SEV_batch2_c012|SEV_batch1_c015|SEV_batch3_c034|SEV_batch1_c005|SEV_batch1_c020,498|507|252|500|250|887|390|251|259|629|793|568|409|505|506|904|252|517|133|906|421,224.98|224.98|224.98|224.98|224.98|224.98|224.98|224.98|224.98|224.98|224.98|224.98|224.98|224.98|224.98|224.98|224.98|224.98|224.98|224.98|224.98,276.0147,348.5273,48.1931,275.0162,0.2381,0.2857,-267.2543,2
Informer,100,1,70,22,21,17185,149.63,SEV_batch1_c043|SEV_batch1_c019|SEV_batch2_c031|SEV_batch1_c042|SEV_batch2_c021|SEV_batch1_c009|SEV_batch2_c005|SEV_batch2_c038|SEV_batch2_c047|SEV_batch1_c031|SEV_batch1_c022|SEV_batch3_c016|SEV_batch3_c021|SEV_batch1_c029|SEV_batch1_c010|SEV_batch3_c019|SEV_batch2_c012|SEV_batch1_c015|SEV_batch3_c034|SEV_batch1_c005|SEV_batch1_c020,498|507|252|500|250|887|390|251|259|629|793|568|409|505|506|904|252|517|133|906|421,227.47|227.47|227.47|227.47|227.47|227.47|227.47|227.47|227.47|227.47|227.47|227.47|227.47|227.47|227.47|227.47|227.47|227.47|227.47|227.47|227.47,273.7638,346.6233,47.7255,272.5284,0.2381,0.2857,-264.7665,2
Informer,100,2,70,22,21,17185,139.09,SEV_batch1_c043|SEV_batch1_c019|SEV_batch2_c031|SEV_batch1_c042|SEV_batch2_c021|SEV_batch1_c009|SEV_batch2_c005|SEV_batch2_c038|SEV_batch2_c047|SEV_batch1_c031|SEV_batch1_c022|SEV_batch3_c016|SEV_batch3_c021|SEV_batch1_c029|SEV_batch1_c010|SEV_batch3_c019|SEV_batch2_c012|SEV_batch1_c015|SEV_batch3_c034|SEV_batch1_c005|SEV_batch1_c020,498|507|252|500|250|887|390|251|259|629|793|568|409|505|506|904|252|517|133|906|421,226.17|226.17|226.17|226.17|226.17|226.17|226.17|226.17|226.17|226.17|226.17|226.17|226.17|226.17|226.17|226.17|226.17|226.17|226.17|226.17|226.17,274.9422,347.6191,47.9703,273.8308,0.2381,0.2857,-266.0689,2
Informer,100,0,68,22,23,17185,133.44,SEV_batch3_c013|SEV_batch1_c008|SEV_batch3_c011|SEV_batch3_c026|SEV_batch3_c042|SEV_batch2_c020|SEV_batch2_c013|SEV_batch3_c000|SEV_batch2_c009|SEV_batch3_c004|SEV_batch2_c028|SEV_batch3_c041|SEV_batch3_c001|SEV_batch3_c014|SEV_batch2_c003|SEV_batch2_c024|SEV_batch2_c011|SEV_batch3_c036|SEV_batch2_c023|SEV_batch2_c043|SEV_batch1_c039|SEV_batch3_c037|SEV_batch2_c025,377|494|145|673|1341|247|244|819|309|441|248|621|585|143|248|247|248|863|246|249|504|598|249,224.98|224.98|224.98|224.98|224.98|224.98|224.98|224.98|224.98|224.98|224.98|224.98|224.98|224.98|224.98|224.98|224.98|224.98|224.98|224.98|224.98|224.98|224.98,229.9268,353.6395,39.3063,84.0166,0.3913,0.5217,-215.8427,3
Informer,100,1,68,22,23,17185,138.07,SEV_batch3_c013|SEV_batch1_c008|SEV_batch3_c011|SEV_batch3_c026|SEV_batch3_c042|SEV_batch2_c020|SEV_batch2_c013|SEV_batch3_c000|SEV_batch2_c009|SEV_batch3_c004|SEV_batch2_c028|SEV_batch3_c041|SEV_batch3_c001|SEV_batch3_c014|SEV_batch2_c003|SEV_batch2_c024|SEV_batch2_c011|SEV_batch3_c036|SEV_batch2_c023|SEV_batch2_c043|SEV_batch1_c039|SEV_batch3_c037|SEV_batch2_c025,377|494|145|673|1341|247|244|819|309|441|248|621|585|143|248|247|248|863|246|249|504|598|249,228.24|228.24|228.24|228.24|228.24|228.24|228.24|228.24|228.24|228.24|228.24|228.24|228.24|228.24|228.24|228.24|228.24|228.24|228.24|228.24|228.24|228.24|228.24,227.2396,351.6635,38.6802,85.2363,0.3913,0.5217,-212.5898,3
Informer,100,2,68,22,23,17185,139.3,SEV_batch3_c013|SEV_batch1_c008|SEV_batch3_c011|SEV_batch3_c026|SEV_batch3_c042|SEV_batch2_c020|SEV_batch2_c013|SEV_batch3_c000|SEV_batch2_c009|SEV_batch3_c004|SEV_batch2_c028|SEV_batch3_c041|SEV_batch3_c001|SEV_batch3_c014|SEV_batch2_c003|SEV_batch2_c024|SEV_batch2_c011|SEV_batch3_c036|SEV_batch2_c023|SEV_batch2_c043|SEV_batch1_c039|SEV_batch3_c037|SEV_batch2_c025,377|494|145|673|1341|247|244|819|309|441|248|621|585|143|248|247|248|863|246|249|504|598|249,226.17|226.17|226.17|226.17|226.17|226.17|226.17|226.17|226.17|226.17|226.17|226.17|226.17|226.17|226.17|226.17|226.17|226.17|226.17|226.17|226.17|226.17|226.17,228.9483,352.9179,39.0783,83.1678,0.3913,0.5217,-214.6583,3
Informer,100,0,69,22,22,17185,133.27,SEV_batch2_c030|SEV_batch3_c020|SEV_batch1_c045|SEV_batch1_c035|SEV_batch3_c029|SEV_batch1_c003|SEV_batch2_c018|SEV_batch1_c024|SEV_batch1_c004|SEV_batch1_c026|SEV_batch3_c025|SEV_batch3_c010|SEV_batch3_c031|SEV_batch2_c042|SEV_batch3_c009|SEV_batch3_c045|SEV_batch1_c023|SEV_batch2_c026|SEV_batch2_c039|SEV_batch3_c033|SEV_batch1_c016|SEV_batch3_c015,246|660|506|495|734|876|246|208|877|431|391|102|112|245|371|636|891|249|246|352|525|519,224.98|224.98|224.98|224.98|224.98|224.98|224.98|224.98|224.98|224.98|224.98|224.98|224.98|224.98|224.98|224.98|224.98|224.98|224.98|224.98|224.98|224.98,248.8303,328.6386,49.361,186.0166,0.2727,0.2727,-225.8348,4
Informer,100,1,69,22,22,17185,135.76,SEV_batch2_c030|SEV_batch3_c020|SEV_batch1_c045|SEV_batch1_c035|SEV_batch3_c029|SEV_batch1_c003|SEV_batch2_c018|SEV_batch1_c024|SEV_batch1_c004|SEV_batch1_c026|SEV_batch3_c025|SEV_batch3_c010|SEV_batch3_c031|SEV_batch2_c042|SEV_batch3_c009|SEV_batch3_c045|SEV_batch1_c023|SEV_batch2_c026|SEV_batch2_c039|SEV_batch3_c033|SEV_batch1_c016|SEV_batch3_c015,246|660|506|495|734|876|246|208|877|431|391|102|112|245|371|636|891|249|246|352|525|519,228.23|228.23|228.23|228.23|228.23|228.23|228.23|228.23|228.23|228.23|228.23|228.23|228.23|228.23|228.23|228.23|228.23|228.23|228.23|228.23|228.23|228.23,246.4709,326.4178,49.024,182.7725,0.2727,0.2727,-222.5907,4
Informer,100,2,69,22,22,17185,135.48,SEV_batch2_c030|SEV_batch3_c020|SEV_batch1_c045|SEV_batch1_c035|SEV_batch3_c029|SEV_batch1_c003|SEV_batch2_c018|SEV_batch1_c024|SEV_batch1_c004|SEV_batch1_c026|SEV_batch3_c025|SEV_batch3_c010|SEV_batch3_c031|SEV_batch2_c042|SEV_batch3_c009|SEV_batch3_c045|SEV_batch1_c023|SEV_batch2_c026|SEV_batch2_c039|SEV_batch3_c033|SEV_batch1_c016|SEV_batch3_c015,246|660|506|495|734|876|246|208|877|431|391|102|112|245|371|636|891|249|246|352|525|519,226.17|226.17|226.17|226.17|226.17|226.17|226.17|226.17|226.17|226.17|226.17|226.17|226.17|226.17|226.17|226.17|226.17|226.17|226.17|226.17|226.17|226.17,247.9696,327.8265,49.2381,184.8331,0.2727,0.2727,-224.6513,4
PatchTST,100,0,68,23,22,17473,61.21,SEV_batch2_c006|SEV_batch1_c006|SEV_batch2_c019|SEV_batch2_c004|SEV_batch1_c012|SEV_batch3_c008|SEV_batch2_c040|SEV_batch1_c044|SEV_batch1_c013|SEV_batch2_c002|SEV_batch1_c030|SEV_batch3_c018|SEV_batch3_c030|SEV_batch1_c021|SEV_batch1_c000|SEV_batch2_c029|SEV_batch3_c040|SEV_batch2_c044|SEV_batch3_c027|SEV_batch2_c036|SEV_batch3_c012|SEV_batch3_c043,256|518|247|245|504|426|361|500|500|246|432|591|753|462|701|245|237|246|773|249|463|706,226.93|226.93|226.93|226.93|226.93|226.93|226.93|226.93|226.93|226.93|226.93|226.93|226.93|226.93|226.93|226.93|226.93|226.93|226.93|226.93|226.93|226.93,212.206,276.8508,38.82,220.0698,0.3636,0.3636,-212.206,0
PatchTST,100,1,68,23,22,17473,62.21,SEV_batch2_c006|SEV_batch1_c006|SEV_batch2_c019|SEV_batch2_c004|SEV_batch1_c012|SEV_batch3_c008|SEV_batch2_c040|SEV_batch1_c044|SEV_batch1_c013|SEV_batch2_c002|SEV_batch1_c030|SEV_batch3_c018|SEV_batch3_c030|SEV_batch1_c021|SEV_batch1_c000|SEV_batch2_c029|SEV_batch3_c040|SEV_batch2_c044|SEV_batch3_c027|SEV_batch2_c036|SEV_batch3_c012|SEV_batch3_c043,256|518|247|245|504|426|361|500|500|246|432|591|753|462|701|245|237|246|773|249|463|706,225.94|225.95|225.94|225.94|225.95|225.95|225.94|225.94|225.95|225.94|225.94|225.94|225.95|225.94|225.94|225.95|225.95|225.95|225.95|225.95|225.95|225.95,213.1919,277.6072,39.0858,221.0558,0.3636,0.3636,-213.1919,0
PatchTST,100,2,68,23,22,17473,60.43,SEV_batch2_c006|SEV_batch1_c006|SEV_batch2_c019|SEV_batch2_c004|SEV_batch1_c012|SEV_batch3_c008|SEV_batch2_c040|SEV_batch1_c044|SEV_batch1_c013|SEV_batch2_c002|SEV_batch1_c030|SEV_batch3_c018|SEV_batch3_c030|SEV_batch1_c021|SEV_batch1_c000|SEV_batch2_c029|SEV_batch3_c040|SEV_batch2_c044|SEV_batch3_c027|SEV_batch2_c036|SEV_batch3_c012|SEV_batch3_c043,256|518|247|245|504|426|361|500|500|246|432|591|753|462|701|245|237|246|773|249|463|706,226.07|226.07|226.07|226.07|226.07|226.07|226.06|226.07|226.07|226.07|226.07|226.07|226.07|226.07|226.07|226.07|226.07|226.07|226.07|226.07|226.07|226.07,213.0652,277.51,39.0516,220.9292,0.3636,0.3636,-213.0652,0
PatchTST,100,0,68,22,23,17473,61.9,SEV_batch1_c014|SEV_batch1_c017|SEV_batch2_c037|SEV_batch1_c037|SEV_batch1_c027|SEV_batch2_c022|SEV_batch1_c025|SEV_batch3_c039|SEV_batch2_c032|SEV_batch3_c003|SEV_batch1_c036|SEV_batch2_c041|SEV_batch2_c010|SEV_batch1_c011|SEV_batch1_c040|SEV_batch3_c038|SEV_batch2_c035|SEV_batch1_c034|SEV_batch2_c007|SEV_batch3_c006|SEV_batch1_c007|SEV_batch3_c007|SEV_batch2_c033,522|507|245|438|502|245|569|938|360|600|490|249|249|507|485|1681|246|541|530|549|569|389|246,226.93|226.93|226.93|226.93|226.93|226.93|226.93|226.93|226.93|226.93|226.93|226.93|226.93|226.93|226.93|226.93|226.93|226.93|226.93|226.93|226.93|226.93|226.93,279.8957,408.2654,44.44,275.0699,0.2609,0.2609,-279.8957,1
PatchTST,100,1,68,22,23,17473,59.8,SEV_batch1_c014|SEV_batch1_c017|SEV_batch2_c037|SEV_batch1_c037|SEV_batch1_c027|SEV_batch2_c022|SEV_batch1_c025|SEV_batch3_c039|SEV_batch2_c032|SEV_batch3_c003|SEV_batch1_c036|SEV_batch2_c041|SEV_batch2_c010|SEV_batch1_c011|SEV_batch1_c040|SEV_batch3_c038|SEV_batch2_c035|SEV_batch1_c034|SEV_batch2_c007|SEV_batch3_c006|SEV_batch1_c007|SEV_batch3_c007|SEV_batch2_c033,522|507|245|438|502|245|569|938|360|600|490|249|249|507|485|1681|246|541|530|549|569|389|246,225.94|225.94|225.95|225.94|225.94|225.95|225.95|225.95|225.94|225.94|225.94|225.95|225.95|225.94|225.95|225.95|225.95|225.94|225.94|225.94|225.94|225.94|225.95,280.8816,408.9419,44.6814,276.0563,0.2609,0.2609,-280.8816,1
PatchTST,100,2,68,22,23,17473,61.63,SEV_batch1_c014|SEV_batch1_c017|SEV_batch2_c037|SEV_batch1_c037|SEV_batch1_c027|SEV_batch2_c022|SEV_batch1_c025|SEV_batch3_c039|SEV_batch2_c032|SEV_batch3_c003|SEV_batch1_c036|SEV_batch2_c041|SEV_batch2_c010|SEV_batch1_c011|SEV_batch1_c040|SEV_batch3_c038|SEV_batch2_c035|SEV_batch1_c034|SEV_batch2_c007|SEV_batch3_c006|SEV_batch1_c007|SEV_batch3_c007|SEV_batch2_c033,522|507|245|438|502|245|569|938|360|600|490|249|249|507|485|1681|246|541|530|549|569|389|246,226.07|226.07|226.07|226.07|226.07|226.07|226.07|226.07|226.07|226.07|226.07|226.07|226.07|226.07|226.07|226.07|226.07|226.07|226.07|226.07|226.07|226.07|226.07,280.7548,408.8548,44.6503,275.9305,0.2609,0.2609,-280.7548,1
PatchTST,100,0,70,22,21,17473,60.8,SEV_batch1_c043|SEV_batch1_c019|SEV_batch2_c031|SEV_batch1_c042|SEV_batch2_c021|SEV_batch1_c009|SEV_batch2_c005|SEV_batch2_c038|SEV_batch2_c047|SEV_batch1_c031|SEV_batch1_c022|SEV_batch3_c016|SEV_batch3_c021|SEV_batch1_c029|SEV_batch1_c010|SEV_batch3_c019|SEV_batch2_c012|SEV_batch1_c015|SEV_batch3_c034|SEV_batch1_c005|SEV_batch1_c020,498|507|252|500|250|887|390|251|259|629|793|568|409|505|506|904|252|517|133|906|421,226.93|226.93|226.93|226.93|226.93|226.93|226.93|226.93|226.93|226.93|226.93|226.93|226.93|226.93|226.93|226.93|226.93|226.93|226.93|226.93|226.93,274.2516,347.0353,47.8269,273.0673,0.2381,0.2857,-265.3057,2
PatchTST,100,1,70,22,21,17473,62.54,SEV_batch1_c043|SEV_batch1_c019|SEV_batch2_c031|SEV_batch1_c042|SEV_batch2_c021|SEV_batch1_c009|SEV_batch2_c005|SEV_batch2_c038|SEV_batch2_c047|SEV_batch1_c031|SEV_batch1_c022|SEV_batch3_c016|SEV_batch3_c021|SEV_batch1_c029|SEV_batch1_c010|SEV_batch3_c019|SEV_batch2_c012|SEV_batch1_c015|SEV_batch3_c034|SEV_batch1_c005|SEV_batch1_c020,498|507|252|500|250|887|390|251|259|629|793|568|409|505|506|904|252|517|133|906|421,225.94|225.94|225.94|225.94|225.94|225.94|225.94|225.94|225.94|225.94|225.94|225.94|225.94|225.94|225.94|225.94|225.94|225.94|225.94|225.94|225.94,275.1487,347.7939,48.0132,274.0582,0.2381,0.2857,-266.2971,2
PatchTST,100,2,70,22,21,17473,60.71,SEV_batch1_c043|SEV_batch1_c019|SEV_batch2_c031|SEV_batch1_c042|SEV_batch2_c021|SEV_batch1_c009|SEV_batch2_c005|SEV_batch2_c038|SEV_batch2_c047|SEV_batch1_c031|SEV_batch1_c022|SEV_batch3_c016|SEV_batch3_c021|SEV_batch1_c029|SEV_batch1_c010|SEV_batch3_c019|SEV_batch2_c012|SEV_batch1_c015|SEV_batch3_c034|SEV_batch1_c005|SEV_batch1_c020,498|507|252|500|250|887|390|251|259|629|793|568|409|505|506|904|252|517|133|906|421,226.07|226.07|226.08|226.08|226.08|226.08|226.08|226.08|226.08|226.07|226.07|226.07|226.07|226.08|226.07|226.07|226.07|226.08|226.08|226.07|226.07,275.0276,347.6915,47.988,273.9241,0.2381,0.2857,-266.1632,2
PatchTST,100,0,68,22,23,17473,62.58,SEV_batch3_c013|SEV_batch1_c008|SEV_batch3_c011|SEV_batch3_c026|SEV_batch3_c042|SEV_batch2_c020|SEV_batch2_c013|SEV_batch3_c000|SEV_batch2_c009|SEV_batch3_c004|SEV_batch2_c028|SEV_batch3_c041|SEV_batch3_c001|SEV_batch3_c014|SEV_batch2_c003|SEV_batch2_c024|SEV_batch2_c011|SEV_batch3_c036|SEV_batch2_c023|SEV_batch2_c043|SEV_batch1_c039|SEV_batch3_c037|SEV_batch2_c025,377|494|145|673|1341|247|244|819|309|441|248|621|585|143|248|247|248|863|246|249|504|598|249,226.93|226.93|226.93|226.93|226.93|226.93|226.93|226.93|226.93|226.93|226.93|226.93|226.93|226.93|226.93|226.93|226.93|226.93|226.93|226.93|226.93|226.93|226.93,228.3165,352.4531,38.9311,83.933,0.3913,0.5217,-213.8933,3
PatchTST,100,1,68,22,23,17473,60.63,SEV_batch3_c013|SEV_batch1_c008|SEV_batch3_c011|SEV_batch3_c026|SEV_batch3_c042|SEV_batch2_c020|SEV_batch2_c013|SEV_batch3_c000|SEV_batch2_c009|SEV_batch3_c004|SEV_batch2_c028|SEV_batch3_c041|SEV_batch3_c001|SEV_batch3_c014|SEV_batch2_c003|SEV_batch2_c024|SEV_batch2_c011|SEV_batch3_c036|SEV_batch2_c023|SEV_batch2_c043|SEV_batch1_c039|SEV_batch3_c037|SEV_batch2_c025,377|494|145|673|1341|247|244|819|309|441|248|621|585|143|248|247|248|863|246|249|504|598|249,225.94|225.94|225.94|225.94|225.94|225.94|225.94|225.94|225.94|225.94|225.94|225.94|225.94|225.94|225.94|225.94|225.94|225.94|225.94|225.94|225.94|225.94|225.94,229.134,353.0545,39.1216,83.057,0.3913,0.5217,-214.883,3
PatchTST,100,2,68,22,23,17473,62.0,SEV_batch3_c013|SEV_batch1_c008|SEV_batch3_c011|SEV_batch3_c026|SEV_batch3_c042|SEV_batch2_c020|SEV_batch2_c013|SEV_batch3_c000|SEV_batch2_c009|SEV_batch3_c004|SEV_batch2_c028|SEV_batch3_c041|SEV_batch3_c001|SEV_batch3_c014|SEV_batch2_c003|SEV_batch2_c024|SEV_batch2_c011|SEV_batch3_c036|SEV_batch2_c023|SEV_batch2_c043|SEV_batch1_c039|SEV_batch3_c037|SEV_batch2_c025,377|494|145|673|1341|247|244|819|309|441|248|621|585|143|248|247|248|863|246|249|504|598|249,226.08|226.08|226.07|226.08|226.08|226.08|226.08|226.08|226.07|226.08|226.07|226.08|226.08|226.08|226.08|226.08|226.08|226.07|226.07|226.08|226.08|226.07|226.08,229.025,352.9742,39.0962,83.0758,0.3913,0.5217,-214.751,3
PatchTST,100,0,69,22,22,17473,60.66,SEV_batch2_c030|SEV_batch3_c020|SEV_batch1_c045|SEV_batch1_c035|SEV_batch3_c029|SEV_batch1_c003|SEV_batch2_c018|SEV_batch1_c024|SEV_batch1_c004|SEV_batch1_c026|SEV_batch3_c025|SEV_batch3_c010|SEV_batch3_c031|SEV_batch2_c042|SEV_batch3_c009|SEV_batch3_c045|SEV_batch1_c023|SEV_batch2_c026|SEV_batch2_c039|SEV_batch3_c033|SEV_batch1_c016|SEV_batch3_c015,246|660|506|495|734|876|246|208|877|431|391|102|112|245|371|636|891|249|246|352|525|519,226.93|226.93|226.93|226.93|226.93|226.93|226.93|226.93|226.93|226.93|226.93|226.93|226.93|226.93|226.93|226.93|226.93|226.93|226.93|226.93|226.93|226.93,247.4149,327.3043,49.1588,184.0708,0.2727,0.2727,-223.8887,4
PatchTST,100,1,69,22,22,17473,62.67,SEV_batch2_c030|SEV_batch3_c020|SEV_batch1_c045|SEV_batch1_c035|SEV_batch3_c029|SEV_batch1_c003|SEV_batch2_c018|SEV_batch1_c024|SEV_batch1_c004|SEV_batch1_c026|SEV_batch3_c025|SEV_batch3_c010|SEV_batch3_c031|SEV_batch2_c042|SEV_batch3_c009|SEV_batch3_c045|SEV_batch1_c023|SEV_batch2_c026|SEV_batch2_c039|SEV_batch3_c033|SEV_batch1_c016|SEV_batch3_c015,246|660|506|495|734|876|246|208|877|431|391|102|112|245|371|636|891|249|246|352|525|519,225.94|225.94|225.94|225.94|225.94|225.94|225.94|225.94|225.94|225.94|225.94|225.94|225.94|225.94|225.94|225.94|225.94|225.94|225.94|225.94|225.94|225.94,248.1328,327.9805,49.2613,185.0592,0.2727,0.2727,-224.8761,4
PatchTST,100,2,69,22,22,17473,60.65,SEV_batch2_c030|SEV_batch3_c020|SEV_batch1_c045|SEV_batch1_c035|SEV_batch3_c029|SEV_batch1_c003|SEV_batch2_c018|SEV_batch1_c024|SEV_batch1_c004|SEV_batch1_c026|SEV_batch3_c025|SEV_batch3_c010|SEV_batch3_c031|SEV_batch2_c042|SEV_batch3_c009|SEV_batch3_c045|SEV_batch1_c023|SEV_batch2_c026|SEV_batch2_c039|SEV_batch3_c033|SEV_batch1_c016|SEV_batch3_c015,246|660|506|495|734|876|246|208|877|431|391|102|112|245|371|636|891|249|246|352|525|519,226.07|226.07|226.07|226.07|226.07|226.07|226.07|226.07|226.07|226.07|226.07|226.07|226.07|226.07|226.07|226.07|226.07|226.07|226.07|226.07|226.07|226.07,248.0372,327.8904,49.2476,184.9274,0.2727,0.2727,-224.7446,4
Bayesian_LSTM,100,0,68,23,22,331393,207.09,SEV_batch2_c006|SEV_batch1_c006|SEV_batch2_c019|SEV_batch2_c004|SEV_batch1_c012|SEV_batch3_c008|SEV_batch2_c040|SEV_batch1_c044|SEV_batch1_c013|SEV_batch2_c002|SEV_batch1_c030|SEV_batch3_c018|SEV_batch3_c030|SEV_batch1_c021|SEV_batch1_c000|SEV_batch2_c029|SEV_batch3_c040|SEV_batch2_c044|SEV_batch3_c027|SEV_batch2_c036|SEV_batch3_c012|SEV_batch3_c043,256|518|247|245|504|426|361|500|500|246|432|591|753|462|701|245|237|246|773|249|463|706,195.89|195.89|195.89|195.89|195.89|195.89|195.89|195.89|195.89|195.89|195.89|195.89|195.89|195.89|195.89|195.89|195.89|195.89|195.89|195.89|195.89|195.89,243.2476,301.3046,47.1887,251.1113,0.1364,0.3636,-243.2476,0
Bayesian_LSTM,100,1,68,23,22,331393,208.06,SEV_batch2_c006|SEV_batch1_c006|SEV_batch2_c019|SEV_batch2_c004|SEV_batch1_c012|SEV_batch3_c008|SEV_batch2_c040|SEV_batch1_c044|SEV_batch1_c013|SEV_batch2_c002|SEV_batch1_c030|SEV_batch3_c018|SEV_batch3_c030|SEV_batch1_c021|SEV_batch1_c000|SEV_batch2_c029|SEV_batch3_c040|SEV_batch2_c044|SEV_batch3_c027|SEV_batch2_c036|SEV_batch3_c012|SEV_batch3_c043,256|518|247|245|504|426|361|500|500|246|432|591|753|462|701|245|237|246|773|249|463|706,199.62|199.62|199.62|199.62|199.62|199.62|199.62|199.62|199.62|199.62|199.62|199.62|199.62|199.62|199.62|199.62|199.62|199.62|199.62|199.62|199.62|199.62,239.512,298.2969,46.1816,247.3757,0.3182,0.3636,-239.512,0
Bayesian_LSTM,100,2,68,23,22,331393,208.73,SEV_batch2_c006|SEV_batch1_c006|SEV_batch2_c019|SEV_batch2_c004|SEV_batch1_c012|SEV_batch3_c008|SEV_batch2_c040|SEV_batch1_c044|SEV_batch1_c013|SEV_batch2_c002|SEV_batch1_c030|SEV_batch3_c018|SEV_batch3_c030|SEV_batch1_c021|SEV_batch1_c000|SEV_batch2_c029|SEV_batch3_c040|SEV_batch2_c044|SEV_batch3_c027|SEV_batch2_c036|SEV_batch3_c012|SEV_batch3_c043,256|518|247|245|504|426|361|500|500|246|432|591|753|462|701|245|237|246|773|249|463|706,197.93|197.93|197.93|197.93|197.93|197.93|197.93|197.93|197.93|197.93|197.93|197.93|197.93|197.93|197.93|197.93|197.93|197.93|197.93|197.93|197.93|197.93,241.2054,299.6583,46.6382,249.0691,0.2727,0.3636,-241.2054,0
Bayesian_LSTM,100,0,68,22,23,331393,211.7,SEV_batch1_c014|SEV_batch1_c017|SEV_batch2_c037|SEV_batch1_c037|SEV_batch1_c027|SEV_batch2_c022|SEV_batch1_c025|SEV_batch3_c039|SEV_batch2_c032|SEV_batch3_c003|SEV_batch1_c036|SEV_batch2_c041|SEV_batch2_c010|SEV_batch1_c011|SEV_batch1_c040|SEV_batch3_c038|SEV_batch2_c035|SEV_batch1_c034|SEV_batch2_c007|SEV_batch3_c006|SEV_batch1_c007|SEV_batch3_c007|SEV_batch2_c033,522|507|245|438|502|245|569|938|360|600|490|249|249|507|485|1681|246|541|530|549|569|389|246,195.89|195.89|195.89|195.89|195.89|195.89|195.89|195.89|195.89|195.89|195.89|195.89|195.89|195.89|195.89|195.89|195.89|195.89|195.89|195.89|195.89|195.89|195.89,310.9374,430.1407,52.04,306.1113,0.087,0.2609,-310.9374,1
Bayesian_LSTM,100,1,68,22,23,331393,218.8,SEV_batch1_c014|SEV_batch1_c017|SEV_batch2_c037|SEV_batch1_c037|SEV_batch1_c027|SEV_batch2_c022|SEV_batch1_c025|SEV_batch3_c039|SEV_batch2_c032|SEV_batch3_c003|SEV_batch1_c036|SEV_batch2_c041|SEV_batch2_c010|SEV_batch1_c011|SEV_batch1_c040|SEV_batch3_c038|SEV_batch2_c035|SEV_batch1_c034|SEV_batch2_c007|SEV_batch3_c006|SEV_batch1_c007|SEV_batch3_c007|SEV_batch2_c033,522|507|245|438|502|245|569|938|360|600|490|249|249|507|485|1681|246|541|530|549|569|389|246,199.62|199.62|199.62|199.62|199.62|199.62|199.62|199.62|199.62|199.62|199.62|199.62|199.62|199.62|199.62|199.62|199.62|199.62|199.62|199.62|199.62|199.62|199.62,307.2017,427.4482,51.1254,302.3757,0.2609,0.2609,-307.2017,1
Bayesian_LSTM,100,2,68,22,23,331393,219.23,SEV_batch1_c014|SEV_batch1_c017|SEV_batch2_c037|SEV_batch1_c037|SEV_batch1_c027|SEV_batch2_c022|SEV_batch1_c025|SEV_batch3_c039|SEV_batch2_c032|SEV_batch3_c003|SEV_batch1_c036|SEV_batch2_c041|SEV_batch2_c010|SEV_batch1_c011|SEV_batch1_c040|SEV_batch3_c038|SEV_batch2_c035|SEV_batch1_c034|SEV_batch2_c007|SEV_batch3_c006|SEV_batch1_c007|SEV_batch3_c007|SEV_batch2_c033,522|507|245|438|502|245|569|938|360|600|490|249|249|507|485|1681|246|541|530|549|569|389|246,197.93|197.93|197.93|197.93|197.93|197.93|197.93|197.93|197.93|197.93|197.93|197.93|197.93|197.93|197.93|197.93|197.93|197.93|197.93|197.93|197.93|197.93|197.93,308.8952,428.6668,51.54,304.0691,0.1739,0.2609,-308.8952,1
Bayesian_LSTM,100,0,70,22,21,331393,193.05,SEV_batch1_c043|SEV_batch1_c019|SEV_batch2_c031|SEV_batch1_c042|SEV_batch2_c021|SEV_batch1_c009|SEV_batch2_c005|SEV_batch2_c038|SEV_batch2_c047|SEV_batch1_c031|SEV_batch1_c022|SEV_batch3_c016|SEV_batch3_c021|SEV_batch1_c029|SEV_batch1_c010|SEV_batch3_c019|SEV_batch2_c012|SEV_batch1_c015|SEV_batch3_c034|SEV_batch1_c005|SEV_batch1_c020,498|507|252|500|250|887|390|251|259|629|793|568|409|505|506|904|252|517|133|906|421,195.91|195.91|195.91|195.91|195.91|195.91|195.91|195.91|195.91|195.91|195.91|195.91|195.91|195.91|195.91|195.91|195.91|195.91|195.91|195.91|195.91,302.3162,371.2877,53.6565,304.0863,0.0,0.2857,-296.3244,2
Bayesian_LSTM,100,1,70,22,21,331393,115.72,SEV_batch1_c043|SEV_batch1_c019|SEV_batch2_c031|SEV_batch1_c042|SEV_batch2_c021|SEV_batch1_c009|SEV_batch2_c005|SEV_batch2_c038|SEV_batch2_c047|SEV_batch1_c031|SEV_batch1_c022|SEV_batch3_c016|SEV_batch3_c021|SEV_batch1_c029|SEV_batch1_c010|SEV_batch3_c019|SEV_batch2_c012|SEV_batch1_c015|SEV_batch3_c034|SEV_batch1_c005|SEV_batch1_c020,498|507|252|500|250|887|390|251|259|629|793|568|409|505|506|904|252|517|133|906|421,199.61|199.61|199.61|199.61|199.61|199.61|199.61|199.61|199.61|199.61|199.61|199.61|199.61|199.61|199.61|199.61|199.61|199.61|199.61|199.61|199.61,298.9701,368.3428,52.9614,300.388,0.0,0.2857,-292.6261,2
Bayesian_LSTM,100,2,70,22,21,331393,114.58,SEV_batch1_c043|SEV_batch1_c019|SEV_batch2_c031|SEV_batch1_c042|SEV_batch2_c021|SEV_batch1_c009|SEV_batch2_c005|SEV_batch2_c038|SEV_batch2_c047|SEV_batch1_c031|SEV_batch1_c022|SEV_batch3_c016|SEV_batch3_c021|SEV_batch1_c029|SEV_batch1_c010|SEV_batch3_c019|SEV_batch2_c012|SEV_batch1_c015|SEV_batch3_c034|SEV_batch1_c005|SEV_batch1_c020,498|507|252|500|250|887|390|251|259|629|793|568|409|505|506|904|252|517|133|906|421,197.93|197.93|197.93|197.93|197.93|197.93|197.93|197.93|197.93|197.93|197.93|197.93|197.93|197.93|197.93|197.93|197.93|197.93|197.93|197.93|197.93,300.4951,369.6832,53.2782,302.0735,0.0,0.2857,-294.3116,2
Bayesian_LSTM,100,0,68,22,23,331393,113.45,SEV_batch3_c013|SEV_batch1_c008|SEV_batch3_c011|SEV_batch3_c026|SEV_batch3_c042|SEV_batch2_c020|SEV_batch2_c013|SEV_batch3_c000|SEV_batch2_c009|SEV_batch3_c004|SEV_batch2_c028|SEV_batch3_c041|SEV_batch3_c001|SEV_batch3_c014|SEV_batch2_c003|SEV_batch2_c024|SEV_batch2_c011|SEV_batch3_c036|SEV_batch2_c023|SEV_batch2_c043|SEV_batch1_c039|SEV_batch3_c037|SEV_batch2_c025,377|494|145|673|1341|247|244|819|309|441|248|621|585|143|248|247|248|863|246|249|504|598|249,195.90|195.90|195.90|195.90|195.90|195.90|195.90|195.90|195.90|195.90|195.90|195.90|195.90|195.90|195.90|195.90|195.90|195.90|195.90|195.90|195.90|195.90|195.90,253.9551,372.1067,44.9046,113.1036,0.0435,0.4783,-244.9296,3
Bayesian_LSTM,100,1,68,22,23,331393,113.5,SEV_batch3_c013|SEV_batch1_c008|SEV_batch3_c011|SEV_batch3_c026|SEV_batch3_c042|SEV_batch2_c020|SEV_batch2_c013|SEV_batch3_c000|SEV_batch2_c009|SEV_batch3_c004|SEV_batch2_c028|SEV_batch3_c041|SEV_batch3_c001|SEV_batch3_c014|SEV_batch2_c003|SEV_batch2_c024|SEV_batch2_c011|SEV_batch3_c036|SEV_batch2_c023|SEV_batch2_c043|SEV_batch1_c039|SEV_batch3_c037|SEV_batch2_c025,377|494|145|673|1341|247|244|819|309|441|248|621|585|143|248|247|248|863|246|249|504|598|249,199.62|199.62|199.62|199.62|199.62|199.62|199.62|199.62|199.62|199.62|199.62|199.62|199.62|199.62|199.62|199.62|199.62|199.62|199.62|199.62|199.62|199.62|199.62,250.8758,369.6638,44.1872,109.376,0.3913,0.4783,-241.2021,3
Bayesian_LSTM,100,2,68,22,23,331393,112.87,SEV_batch3_c013|SEV_batch1_c008|SEV_batch3_c011|SEV_batch3_c026|SEV_batch3_c042|SEV_batch2_c020|SEV_batch2_c013|SEV_batch3_c000|SEV_batch2_c009|SEV_batch3_c004|SEV_batch2_c028|SEV_batch3_c041|SEV_batch3_c001|SEV_batch3_c014|SEV_batch2_c003|SEV_batch2_c024|SEV_batch2_c011|SEV_batch3_c036|SEV_batch2_c023|SEV_batch2_c043|SEV_batch1_c039|SEV_batch3_c037|SEV_batch2_c025,377|494|145|673|1341|247|244|819|309|441|248|621|585|143|248|247|248|863|246|249|504|598|249,197.93|197.93|197.93|197.93|197.93|197.93|197.93|197.93|197.93|197.93|197.93|197.93|197.93|197.93|197.93|197.93|197.93|197.93|197.93|197.93|197.93|197.93|197.93,252.2757,370.7716,44.5133,111.0705,0.1739,0.4783,-242.8966,3
Bayesian_LSTM,100,0,69,22,22,331393,113.46,SEV_batch2_c030|SEV_batch3_c020|SEV_batch1_c045|SEV_batch1_c035|SEV_batch3_c029|SEV_batch1_c003|SEV_batch2_c018|SEV_batch1_c024|SEV_batch1_c004|SEV_batch1_c026|SEV_batch3_c025|SEV_batch3_c010|SEV_batch3_c031|SEV_batch2_c042|SEV_batch3_c009|SEV_batch3_c045|SEV_batch1_c023|SEV_batch2_c026|SEV_batch2_c039|SEV_batch3_c033|SEV_batch1_c016|SEV_batch3_c015,246|660|506|495|734|876|246|208|877|431|391|102|112|245|371|636|891|249|246|352|525|519,195.91|195.91|195.91|195.91|195.91|195.91|195.91|195.91|195.91|195.91|195.91|195.91|195.91|195.91|195.91|195.91|195.91|195.91|195.91|195.91|195.91|195.91,271.0766,349.2592,52.9094,215.0936,0.0909,0.3636,-254.9118,4
Bayesian_LSTM,100,1,69,22,22,331393,114.66,SEV_batch2_c030|SEV_batch3_c020|SEV_batch1_c045|SEV_batch1_c035|SEV_batch3_c029|SEV_batch1_c003|SEV_batch2_c018|SEV_batch1_c024|SEV_batch1_c004|SEV_batch1_c026|SEV_batch3_c025|SEV_batch3_c010|SEV_batch3_c031|SEV_batch2_c042|SEV_batch3_c009|SEV_batch3_c045|SEV_batch1_c023|SEV_batch2_c026|SEV_batch2_c039|SEV_batch3_c033|SEV_batch1_c016|SEV_batch3_c015,246|660|506|495|734|876|246|208|877|431|391|102|112|245|371|636|891|249|246|352|525|519,199.62|199.62|199.62|199.62|199.62|199.62|199.62|199.62|199.62|199.62|199.62|199.62|199.62|199.62|199.62|199.62|199.62|199.62|199.62|199.62|199.62|199.62,268.0395,346.5593,52.3617,211.3817,0.2727,0.3636,-251.1998,4
Bayesian_LSTM,100,2,69,22,22,331393,116.97,SEV_batch2_c030|SEV_batch3_c020|SEV_batch1_c045|SEV_batch1_c035|SEV_batch3_c029|SEV_batch1_c003|SEV_batch2_c018|SEV_batch1_c024|SEV_batch1_c004|SEV_batch1_c026|SEV_batch3_c025|SEV_batch3_c010|SEV_batch3_c031|SEV_batch2_c042|SEV_batch3_c009|SEV_batch3_c045|SEV_batch1_c023|SEV_batch2_c026|SEV_batch2_c039|SEV_batch3_c033|SEV_batch1_c016|SEV_batch3_c015,246|660|506|495|734|876|246|208|877|431|391|102|112|245|371|636|891|249|246|352|525|519,197.92|197.92|197.92|197.92|197.92|197.92|197.92|197.92|197.92|197.92|197.92|197.92|197.92|197.92|197.92|197.92|197.92|197.92|197.92|197.92|197.92|197.92,269.4292,347.7924,52.6123,213.0801,0.2273,0.3636,-252.8983,4
PINN_Knee,150,0,63,23,22,7591,4.56,SEV_batch2_c006|SEV_batch1_c006|SEV_batch2_c019|SEV_batch2_c004|SEV_batch1_c012|SEV_batch3_c008|SEV_batch2_c040|SEV_batch1_c044|SEV_batch1_c013|SEV_batch2_c002|SEV_batch1_c030|SEV_batch3_c018|SEV_batch3_c030|SEV_batch1_c021|SEV_batch1_c000|SEV_batch2_c029|SEV_batch3_c040|SEV_batch2_c044|SEV_batch3_c027|SEV_batch2_c036|SEV_batch3_c012|SEV_batch3_c043,256|518|247|245|504|426|361|500|500|246|432|591|753|462|701|245|237|246|773|249|463|706,269.73|540.58|320.56|227.47|494.34|494.03|337.45|532.20|508.10|227.30|475.64|570.12|518.33|490.94|358.24|338.32|475.07|306.83|497.33|261.34|565.97|546.04,86.441,129.7382,19.7943,37.9205,0.5455,0.7273,-13.8668,0
PINN_Knee,150,1,63,23,22,7591,5.85,SEV_batch2_c006|SEV_batch1_c006|SEV_batch2_c019|SEV_batch2_c004|SEV_batch1_c012|SEV_batch3_c008|SEV_batch2_c040|SEV_batch1_c044|SEV_batch1_c013|SEV_batch2_c002|SEV_batch1_c030|SEV_batch3_c018|SEV_batch3_c030|SEV_batch1_c021|SEV_batch1_c000|SEV_batch2_c029|SEV_batch3_c040|SEV_batch2_c044|SEV_batch3_c027|SEV_batch2_c036|SEV_batch3_c012|SEV_batch3_c043,256|518|247|245|504|426|361|500|500|246|432|591|753|462|701|245|237|246|773|249|463|706,252.97|626.05|309.23|237.00|562.10|532.57|269.18|569.44|542.69|228.66|488.75|631.26|560.91|495.07|361.92|355.75|509.14|337.18|530.25|296.40|592.04|609.51,100.8306,132.3409,24.1827,80.3081,0.3182,0.6364,10.776,0
PINN_Knee,150,2,63,23,22,7591,3.81,SEV_batch2_c006|SEV_batch1_c006|SEV_batch2_c019|SEV_batch2_c004|SEV_batch1_c012|SEV_batch3_c008|SEV_batch2_c040|SEV_batch1_c044|SEV_batch1_c013|SEV_batch2_c002|SEV_batch1_c030|SEV_batch3_c018|SEV_batch3_c030|SEV_batch1_c021|SEV_batch1_c000|SEV_batch2_c029|SEV_batch3_c040|SEV_batch2_c044|SEV_batch3_c027|SEV_batch2_c036|SEV_batch3_c012|SEV_batch3_c043,256|518|247|245|504|426|361|500|500|246|432|591|753|462|701|245|237|246|773|249|463|706,248.99|506.38|338.71|220.15|527.26|506.13|353.11|541.99|518.65|209.24|459.83|555.85|521.71|431.13|362.26|361.90|480.14|314.45|498.34|261.16|563.24|559.50,89.5365,130.6395,21.0905,39.3716,0.5455,0.6818,-14.5865,0
PINN_Knee,150,0,63,22,23,7591,4.55,SEV_batch1_c014|SEV_batch1_c017|SEV_batch2_c037|SEV_batch1_c037|SEV_batch1_c027|SEV_batch2_c022|SEV_batch1_c025|SEV_batch3_c039|SEV_batch2_c032|SEV_batch3_c003|SEV_batch1_c036|SEV_batch2_c041|SEV_batch2_c010|SEV_batch1_c011|SEV_batch1_c040|SEV_batch3_c038|SEV_batch2_c035|SEV_batch1_c034|SEV_batch2_c007|SEV_batch3_c006|SEV_batch1_c007|SEV_batch3_c007|SEV_batch2_c033,522|507|245|438|502|245|569|938|360|600|490|249|249|507|485|1681|246|541|530|549|569|389|246,567.59|495.96|335.34|457.14|486.19|259.94|540.02|454.99|314.19|534.56|472.83|212.86|216.41|540.85|505.04|562.09|233.65|447.19|309.21|398.77|514.75|517.99|336.98,123.0532,265.0697,18.3115,45.5928,0.5652,0.7826,-84.4553,1
PINN_Knee,150,1,63,22,23,7591,3.68,SEV_batch1_c014|SEV_batch1_c017|SEV_batch2_c037|SEV_batch1_c037|SEV_batch1_c027|SEV_batch2_c022|SEV_batch1_c025|SEV_batch3_c039|SEV_batch2_c032|SEV_batch3_c003|SEV_batch1_c036|SEV_batch2_c041|SEV_batch2_c010|SEV_batch1_c011|SEV_batch1_c040|SEV_batch3_c038|SEV_batch2_c035|SEV_batch1_c034|SEV_batch2_c007|SEV_batch3_c006|SEV_batch1_c007|SEV_batch3_c007|SEV_batch2_c033,522|507|245|438|502|245|569|938|360|600|490|249|249|507|485|1681|246|541|530|549|569|389|246,608.05|524.56|346.54|478.42|508.75|280.72|556.58|487.01|360.11|577.29|494.30|238.29|211.37|541.37|505.48|591.56|230.33|475.41|376.38|452.10|559.31|556.64|376.52,113.5143,255.194,17.3785,35.7179,0.6087,0.7391,-57.387,1
PINN_Knee,150,2,63,22,23,7591,3.98,SEV_batch1_c014|SEV_batch1_c017|SEV_batch2_c037|SEV_batch1_c037|SEV_batch1_c027|SEV_batch2_c022|SEV_batch1_c025|SEV_batch3_c039|SEV_batch2_c032|SEV_batch3_c003|SEV_batch1_c036|SEV_batch2_c041|SEV_batch2_c010|SEV_batch1_c011|SEV_batch1_c040|SEV_batch3_c038|SEV_batch2_c035|SEV_batch1_c034|SEV_batch2_c007|SEV_batch3_c006|SEV_batch1_c007|SEV_batch3_c007|SEV_batch2_c033,522|507|245|438|502|245|569|938|360|600|490|249|249|507|485|1681|246|541|530|549|569|389|246,607.35|521.46|339.19|444.73|472.07|283.49|550.59|474.44|271.83|550.80|459.93|210.07|211.41|535.75|521.03|573.62|233.94|440.32|294.24|407.79|545.25|500.96|337.47,125.3964,262.4078,19.3869,38.9259,0.5652,0.7391,-81.2725,1
PINN_Knee,150,0,66,22,20,7591,4.79,SEV_batch1_c043|SEV_batch1_c019|SEV_batch2_c031|SEV_batch1_c042|SEV_batch2_c021|SEV_batch1_c009|SEV_batch2_c005|SEV_batch2_c038|SEV_batch2_c047|SEV_batch1_c031|SEV_batch1_c022|SEV_batch3_c016|SEV_batch3_c021|SEV_batch1_c029|SEV_batch1_c010|SEV_batch3_c019|SEV_batch2_c012|SEV_batch1_c015|SEV_batch1_c005|SEV_batch1_c020,498|507|252|500|250|887|390|251|259|629|793|568|409|505|506|904|252|517|906|421,532.40|433.51|301.61|487.50|241.26|462.47|294.36|313.62|265.13|436.64|488.49|519.61|491.67|523.40|509.88|542.75|273.86|513.61|566.44|409.33,107.7798,171.5063,16.9227,49.0027,0.55,0.75,-79.8214,2
PINN_Knee,150,1,66,22,20,7591,3.86,SEV_batch1_c043|SEV_batch1_c019|SEV_batch2_c031|SEV_batch1_c042|SEV_batch2_c021|SEV_batch1_c009|SEV_batch2_c005|SEV_batch2_c038|SEV_batch2_c047|SEV_batch1_c031|SEV_batch1_c022|SEV_batch3_c016|SEV_batch3_c021|SEV_batch1_c029|SEV_batch1_c010|SEV_batch3_c019|SEV_batch2_c012|SEV_batch1_c015|SEV_batch1_c005|SEV_batch1_c020,498|507|252|500|250|887|390|251|259|629|793|568|409|505|506|904|252|517|906|421,557.81|457.27|294.52|492.28|226.91|488.78|315.76|312.79|293.59|470.15|511.04|551.90|538.49|531.37|482.28|571.87|238.48|546.53|614.40|394.08,104.0953,157.7496,17.1494,46.1285,0.55,0.7,-65.6847,2
PINN_Knee,150,2,66,22,20,7591,4.1,SEV_batch1_c043|SEV_batch1_c019|SEV_batch2_c031|SEV_batch1_c042|SEV_batch2_c021|SEV_batch1_c009|SEV_batch2_c005|SEV_batch2_c038|SEV_batch2_c047|SEV_batch1_c031|SEV_batch1_c022|SEV_batch3_c016|SEV_batch3_c021|SEV_batch1_c029|SEV_batch1_c010|SEV_batch3_c019|SEV_batch2_c012|SEV_batch1_c015|SEV_batch1_c005|SEV_batch1_c020,498|507|252|500|250|887|390|251|259|629|793|568|409|505|506|904|252|517|906|421,540.86|451.34|290.14|498.81|227.62|539.72|286.33|309.17|219.16|430.91|484.03|503.50|512.34|539.70|475.99|539.73|257.08|524.59|560.01|360.19,111.6269,165.9885,18.2246,56.9147,0.45,0.65,-82.6399,2
PINN_Knee,150,0,65,22,21,7591,5.02,SEV_batch3_c013|SEV_batch1_c008|SEV_batch3_c026|SEV_batch3_c042|SEV_batch2_c020|SEV_batch2_c013|SEV_batch3_c000|SEV_batch2_c009|SEV_batch3_c004|SEV_batch2_c028|SEV_batch3_c041|SEV_batch3_c001|SEV_batch2_c003|SEV_batch2_c024|SEV_batch2_c011|SEV_batch3_c036|SEV_batch2_c023|SEV_batch2_c043|SEV_batch1_c039|SEV_batch3_c037|SEV_batch2_c025,377|494|673|1341|247|244|819|309|441|248|621|585|248|247|248|863|246|249|504|598|249,527.79|455.88|569.56|541.60|246.80|372.00|560.71|448.87|603.28|181.67|455.23|565.73|211.60|286.29|251.32|581.42|368.03|226.79|503.89|214.64|267.18,139.9162,226.781,25.718,103.4439,0.4286,0.4762,-67.1765,3
PINN_Knee,150,1,65,22,21,7591,2.86,SEV_batch3_c013|SEV_batch1_c008|SEV_batch3_c026|SEV_batch3_c042|SEV_batch2_c020|SEV_batch2_c013|SEV_batch3_c000|SEV_batch2_c009|SEV_batch3_c004|SEV_batch2_c028|SEV_batch3_c041|SEV_batch3_c001|SEV_batch2_c003|SEV_batch2_c024|SEV_batch2_c011|SEV_batch3_c036|SEV_batch2_c023|SEV_batch2_c043|SEV_batch1_c039|SEV_batch3_c037|SEV_batch2_c025,377|494|673|1341|247|244|819|309|441|248|621|585|248|247|248|863|246|249|504|598|249,517.84|456.72|553.15|543.64|250.02|212.48|546.07|442.85|579.33|133.20|475.20|561.83|177.81|309.17|225.12|565.21|342.99|244.41|489.00|263.53|256.85,136.6994,222.3767,24.6946,96.9944,0.381,0.5238,-81.1707,3
PINN_Knee,150,2,65,22,21,7591,3.28,SEV_batch3_c013|SEV_batch1_c008|SEV_batch3_c026|SEV_batch3_c042|SEV_batch2_c020|SEV_batch2_c013|SEV_batch3_c000|SEV_batch2_c009|SEV_batch3_c004|SEV_batch2_c028|SEV_batch3_c041|SEV_batch3_c001|SEV_batch2_c003|SEV_batch2_c024|SEV_batch2_c011|SEV_batch3_c036|SEV_batch2_c023|SEV_batch2_c043|SEV_batch1_c039|SEV_batch3_c037|SEV_batch2_c025,377|494|673|1341|247|244|819|309|441|248|621|585|248|247|248|863|246|249|504|598|249,500.25|476.15|538.87|525.86|271.25|285.79|535.33|456.07|583.11|277.96|465.52|532.39|201.94|282.26|242.53|560.42|343.28|223.64|509.21|340.31|251.83,130.7152,220.5948,22.3635,52.611,0.4762,0.5714,-68.9057,3
PINN_Knee,150,0,66,22,20,7591,4.15,SEV_batch2_c030|SEV_batch3_c020|SEV_batch1_c045|SEV_batch1_c035|SEV_batch3_c029|SEV_batch1_c003|SEV_batch2_c018|SEV_batch1_c024|SEV_batch1_c004|SEV_batch1_c026|SEV_batch3_c025|SEV_batch2_c042|SEV_batch3_c009|SEV_batch3_c045|SEV_batch1_c023|SEV_batch2_c026|SEV_batch2_c039|SEV_batch3_c033|SEV_batch1_c016|SEV_batch3_c015,246|660|506|495|734|876|246|208|877|431|391|245|371|636|891|249|246|352|525|519,275.93|570.57|539.94|499.07|508.69|513.50|244.82|503.00|515.85|474.33|506.24|302.26|580.20|561.40|570.41|216.99|228.47|585.43|511.99|574.10,128.6914,178.7828,27.7601,65.932,0.4,0.6,-21.0404,4
PINN_Knee,150,1,66,22,20,7591,2.95,SEV_batch2_c030|SEV_batch3_c020|SEV_batch1_c045|SEV_batch1_c035|SEV_batch3_c029|SEV_batch1_c003|SEV_batch2_c018|SEV_batch1_c024|SEV_batch1_c004|SEV_batch1_c026|SEV_batch3_c025|SEV_batch2_c042|SEV_batch3_c009|SEV_batch3_c045|SEV_batch1_c023|SEV_batch2_c026|SEV_batch2_c039|SEV_batch3_c033|SEV_batch1_c016|SEV_batch3_c015,246|660|506|495|734|876|246|208|877|431|391|245|371|636|891|249|246|352|525|519,279.33|569.04|530.26|537.47|516.27|570.93|274.83|541.74|565.91|496.49|535.15|321.14|598.77|597.45|596.10|233.47|223.11|594.50|576.12|595.39,132.1463,173.2716,30.2712,76.2696,0.35,0.6,2.4742,4
PINN_Knee,150,2,66,22,20,7591,3.73,SEV_batch2_c030|SEV_batch3_c020|SEV_batch1_c045|SEV_batch1_c035|SEV_batch3_c029|SEV_batch1_c003|SEV_batch2_c018|SEV_batch1_c024|SEV_batch1_c004|SEV_batch1_c026|SEV_batch3_c025|SEV_batch2_c042|SEV_batch3_c009|SEV_batch3_c045|SEV_batch1_c023|SEV_batch2_c026|SEV_batch2_c039|SEV_batch3_c033|SEV_batch1_c016|SEV_batch3_c015,246|660|506|495|734|876|246|208|877|431|391|245|371|636|891|249|246|352|525|519,288.98|571.83|549.13|494.17|513.00|520.22|256.05|504.23|533.70|482.70|501.79|307.58|582.71|565.05|565.25|206.25|232.52|597.66|513.71|570.28,129.9716,177.8427,28.5513,66.7654,0.35,0.6,-17.3582,4
PINN_UQ,150,0,63,23,22,36359,1.1,SEV_batch2_c006|SEV_batch1_c006|SEV_batch2_c019|SEV_batch2_c004|SEV_batch1_c012|SEV_batch3_c008|SEV_batch2_c040|SEV_batch1_c044|SEV_batch1_c013|SEV_batch2_c002|SEV_batch1_c030|SEV_batch3_c018|SEV_batch3_c030|SEV_batch1_c021|SEV_batch1_c000|SEV_batch2_c029|SEV_batch3_c040|SEV_batch2_c044|SEV_batch3_c027|SEV_batch2_c036|SEV_batch3_c012|SEV_batch3_c043,256|518|247|245|504|426|361|500|500|246|432|591|753|462|701|245|237|246|773|249|463|706,510.31|621.52|568.70|322.61|615.29|632.63|361.53|640.85|627.15|199.08|545.91|724.80|676.46|581.03|315.11|317.56|605.52|250.56|641.75|211.92|700.91|687.52,140.4554,177.6928,38.0666,116.4672,0.2273,0.3636,77.1691,0
PINN_UQ,150,1,63,23,22,36359,1.43,SEV_batch2_c006|SEV_batch1_c006|SEV_batch2_c019|SEV_batch2_c004|SEV_batch1_c012|SEV_batch3_c008|SEV_batch2_c040|SEV_batch1_c044|SEV_batch1_c013|SEV_batch2_c002|SEV_batch1_c030|SEV_batch3_c018|SEV_batch3_c030|SEV_batch1_c021|SEV_batch1_c000|SEV_batch2_c029|SEV_batch3_c040|SEV_batch2_c044|SEV_batch3_c027|SEV_batch2_c036|SEV_batch3_c012|SEV_batch3_c043,256|518|247|245|504|426|361|500|500|246|432|591|753|462|701|245|237|246|773|249|463|706,299.77|606.99|373.35|265.82|576.51|572.02|348.27|575.31|571.56|193.80|523.67|672.89|603.48|445.98|303.44|323.49|556.32|350.48|578.37|238.33|641.26|644.78,108.8191,143.7856,27.169,80.1929,0.2273,0.6364,27.496,0
PINN_UQ,150,2,63,23,22,36359,1.25,SEV_batch2_c006|SEV_batch1_c006|SEV_batch2_c019|SEV_batch2_c004|SEV_batch1_c012|SEV_batch3_c008|SEV_batch2_c040|SEV_batch1_c044|SEV_batch1_c013|SEV_batch2_c002|SEV_batch1_c030|SEV_batch3_c018|SEV_batch3_c030|SEV_batch1_c021|SEV_batch1_c000|SEV_batch2_c029|SEV_batch3_c040|SEV_batch2_c044|SEV_batch3_c027|SEV_batch2_c036|SEV_batch3_c012|SEV_batch3_c043,256|518|247|245|504|426|361|500|500|246|432|591|753|462|701|245|237|246|773|249|463|706,516.86|551.19|459.33|255.51|574.53|572.31|390.53|576.74|567.39|249.58|534.24|644.15|606.07|472.35|365.63|346.39|562.20|312.14|580.07|239.68|648.84|638.58,113.9664,150.195,30.5223,73.6354,0.2727,0.5455,45.6059,0
PINN_UQ,150,0,63,22,23,36359,1.46,SEV_batch1_c014|SEV_batch1_c017|SEV_batch2_c037|SEV_batch1_c037|SEV_batch1_c027|SEV_batch2_c022|SEV_batch1_c025|SEV_batch3_c039|SEV_batch2_c032|SEV_batch3_c003|SEV_batch1_c036|SEV_batch2_c041|SEV_batch2_c010|SEV_batch1_c011|SEV_batch1_c040|SEV_batch3_c038|SEV_batch2_c035|SEV_batch1_c034|SEV_batch2_c007|SEV_batch3_c006|SEV_batch1_c007|SEV_batch3_c007|SEV_batch2_c033,522|507|245|438|502|245|569|938|360|600|490|249|249|507|485|1681|246|541|530|549|569|389|246,613.52|570.23|333.68|461.18|477.79|265.61|596.09|488.22|306.57|568.42|469.92|177.36|221.98|592.23|524.97|603.52|214.21|437.55|418.22|318.00|534.95|492.24|333.04,125.9599,255.5237,19.7187,63.2336,0.4348,0.7391,-71.1951,1
PINN_UQ,150,1,63,22,23,36359,1.21,SEV_batch1_c014|SEV_batch1_c017|SEV_batch2_c037|SEV_batch1_c037|SEV_batch1_c027|SEV_batch2_c022|SEV_batch1_c025|SEV_batch3_c039|SEV_batch2_c032|SEV_batch3_c003|SEV_batch1_c036|SEV_batch2_c041|SEV_batch2_c010|SEV_batch1_c011|SEV_batch1_c040|SEV_batch3_c038|SEV_batch2_c035|SEV_batch1_c034|SEV_batch2_c007|SEV_batch3_c006|SEV_batch1_c007|SEV_batch3_c007|SEV_batch2_c033,522|507|245|438|502|245|569|938|360|600|490|249|249|507|485|1681|246|541|530|549|569|389|246,697.60|582.04|374.08|470.98|475.58|230.15|597.89|463.79|316.02|578.17|462.36|192.71|208.58|588.57|485.44|622.08|230.08|412.26|526.41|458.39|486.95|484.44|347.29,121.9901,252.6318,19.2476,56.2924,0.4783,0.7391,-59.353,1
PINN_UQ,150,2,63,22,23,36359,1.68,SEV_batch1_c014|SEV_batch1_c017|SEV_batch2_c037|SEV_batch1_c037|SEV_batch1_c027|SEV_batch2_c022|SEV_batch1_c025|SEV_batch3_c039|SEV_batch2_c032|SEV_batch3_c003|SEV_batch1_c036|SEV_batch2_c041|SEV_batch2_c010|SEV_batch1_c011|SEV_batch1_c040|SEV_batch3_c038|SEV_batch2_c035|SEV_batch1_c034|SEV_batch2_c007|SEV_batch3_c006|SEV_batch1_c007|SEV_batch3_c007|SEV_batch2_c033,522|507|245|438|502|245|569|938|360|600|490|249|249|507|485|1681|246|541|530|549|569|389|246,637.37|560.26|354.67|488.39|505.57|245.35|586.26|499.50|314.00|564.33|491.44|140.06|177.40|591.25|530.28|607.44|224.87|447.47|366.70|393.80|548.84|539.85|341.01,128.4478,255.1642,21.1634,71.6029,0.3913,0.6522,-65.2563,1
PINN_UQ,150,0,66,22,20,36359,1.78,SEV_batch1_c043|SEV_batch1_c019|SEV_batch2_c031|SEV_batch1_c042|SEV_batch2_c021|SEV_batch1_c009|SEV_batch2_c005|SEV_batch2_c038|SEV_batch2_c047|SEV_batch1_c031|SEV_batch1_c022|SEV_batch3_c016|SEV_batch3_c021|SEV_batch1_c029|SEV_batch1_c010|SEV_batch3_c019|SEV_batch2_c012|SEV_batch1_c015|SEV_batch1_c005|SEV_batch1_c020,498|507|252|500|250|887|390|251|259|629|793|568|409|505|506|904|252|517|906|421,587.67|484.71|304.03|546.25|248.24|579.48|279.89|296.31|197.87|434.14|529.67|526.18|452.02|604.13|613.99|571.10|228.46|584.34|646.52|325.46,113.2501,150.1062,19.556,78.5061,0.35,0.65,-58.1778,2
PINN_UQ,150,1,66,22,20,36359,1.68,SEV_batch1_c043|SEV_batch1_c019|SEV_batch2_c031|SEV_batch1_c042|SEV_batch2_c021|SEV_batch1_c009|SEV_batch2_c005|SEV_batch2_c038|SEV_batch2_c047|SEV_batch1_c031|SEV_batch1_c022|SEV_batch3_c016|SEV_batch3_c021|SEV_batch1_c029|SEV_batch1_c010|SEV_batch3_c019|SEV_batch2_c012|SEV_batch1_c015|SEV_batch1_c005|SEV_batch1_c020,498|507|252|500|250|887|390|251|259|629|793|568|409|505|506|904|252|517|906|421,600.37|494.53|291.63|539.17|238.75|549.94|291.31|285.32|177.12|461.00|511.41|477.95|476.88|600.68|554.02|580.55|230.26|568.80|613.12|293.28,116.2818,155.9899,19.993,85.9646,0.35,0.65,-68.3957,2
PINN_UQ,150,2,66,22,20,36359,2.06,SEV_batch1_c043|SEV_batch1_c019|SEV_batch2_c031|SEV_batch1_c042|SEV_batch2_c021|SEV_batch1_c009|SEV_batch2_c005|SEV_batch2_c038|SEV_batch2_c047|SEV_batch1_c031|SEV_batch1_c022|SEV_batch3_c016|SEV_batch3_c021|SEV_batch1_c029|SEV_batch1_c010|SEV_batch3_c019|SEV_batch2_c012|SEV_batch1_c015|SEV_batch1_c005|SEV_batch1_c020,498|507|252|500|250|887|390|251|259|629|793|568|409|505|506|904|252|517|906|421,553.11|442.19|290.47|517.34|213.61|526.72|288.28|300.08|213.06|384.16|487.63|506.16|432.89|564.68|565.62|532.90|254.20|582.18|610.42|333.85,117.2788,166.8301,19.3373,60.7566,0.35,0.7,-80.2216,2
PINN_UQ,150,0,65,22,21,36359,2.31,SEV_batch3_c013|SEV_batch1_c008|SEV_batch3_c026|SEV_batch3_c042|SEV_batch2_c020|SEV_batch2_c013|SEV_batch3_c000|SEV_batch2_c009|SEV_batch3_c004|SEV_batch2_c028|SEV_batch3_c041|SEV_batch3_c001|SEV_batch2_c003|SEV_batch2_c024|SEV_batch2_c011|SEV_batch3_c036|SEV_batch2_c023|SEV_batch2_c043|SEV_batch1_c039|SEV_batch3_c037|SEV_batch2_c025,377|494|673|1341|247|244|819|309|441|248|621|585|248|247|248|863|246|249|504|598|249,564.29|483.61|600.79|574.46|251.66|172.99|597.14|381.98|636.41|279.40|468.62|595.47|227.13|294.99|252.76|626.93|387.16|215.33|531.40|387.18|275.79,121.2448,204.1901,22.1021,71.0108,0.4762,0.619,-49.7866,3
PINN_UQ,150,1,65,22,21,36359,2.26,SEV_batch3_c013|SEV_batch1_c008|SEV_batch3_c026|SEV_batch3_c042|SEV_batch2_c020|SEV_batch2_c013|SEV_batch3_c000|SEV_batch2_c009|SEV_batch3_c004|SEV_batch2_c028|SEV_batch3_c041|SEV_batch3_c001|SEV_batch2_c003|SEV_batch2_c024|SEV_batch2_c011|SEV_batch3_c036|SEV_batch2_c023|SEV_batch2_c043|SEV_batch1_c039|SEV_batch3_c037|SEV_batch2_c025,377|494|673|1341|247|244|819|309|441|248|621|585|248|247|248|863|246|249|504|598|249,555.61|466.21|587.32|559.14|236.59|176.27|586.18|381.56|635.20|275.91|458.34|597.20|300.80|302.70|273.34|639.90|360.76|230.46|532.58|354.85|295.65,126.8127,208.4554,23.3604,67.7299,0.381,0.619,-49.734,3
PINN_UQ,150,2,65,22,21,36359,1.71,SEV_batch3_c013|SEV_batch1_c008|SEV_batch3_c026|SEV_batch3_c042|SEV_batch2_c020|SEV_batch2_c013|SEV_batch3_c000|SEV_batch2_c009|SEV_batch3_c004|SEV_batch2_c028|SEV_batch3_c041|SEV_batch3_c001|SEV_batch2_c003|SEV_batch2_c024|SEV_batch2_c011|SEV_batch3_c036|SEV_batch2_c023|SEV_batch2_c043|SEV_batch1_c039|SEV_batch3_c037|SEV_batch2_c025,377|494|673|1341|247|244|819|309|441|248|621|585|248|247|248|863|246|249|504|598|249,580.94|492.67|615.55|580.85|254.42|65.39|598.58|417.40|643.03|174.54|476.18|600.41|201.00|306.89|265.80|625.25|381.68|210.00|553.81|114.26|292.63,147.036,229.2231,29.3436,73.459,0.381,0.5238,-66.6542,3
PINN_UQ,150,0,66,22,20,36359,2.17,SEV_batch2_c030|SEV_batch3_c020|SEV_batch1_c045|SEV_batch1_c035|SEV_batch3_c029|SEV_batch1_c003|SEV_batch2_c018|SEV_batch1_c024|SEV_batch1_c004|SEV_batch1_c026|SEV_batch3_c025|SEV_batch2_c042|SEV_batch3_c009|SEV_batch3_c045|SEV_batch1_c023|SEV_batch2_c026|SEV_batch2_c039|SEV_batch3_c033|SEV_batch1_c016|SEV_batch3_c015,246|660|506|495|734|876|246|208|877|431|391|245|371|636|891|249|246|352|525|519,301.01|630.78|580.35|515.60|577.33|599.53|181.87|519.95|597.88|423.96|538.17|310.99|632.45|574.07|601.08|200.15|193.84|654.50|625.59|612.12,134.9119,171.4437,32.4617,83.7357,0.2,0.55,8.3601,4
PINN_UQ,150,1,66,22,20,36359,2.31,SEV_batch2_c030|SEV_batch3_c020|SEV_batch1_c045|SEV_batch1_c035|SEV_batch3_c029|SEV_batch1_c003|SEV_batch2_c018|SEV_batch1_c024|SEV_batch1_c004|SEV_batch1_c026|SEV_batch3_c025|SEV_batch2_c042|SEV_batch3_c009|SEV_batch3_c045|SEV_batch1_c023|SEV_batch2_c026|SEV_batch2_c039|SEV_batch3_c033|SEV_batch1_c016|SEV_batch3_c015,246|660|506|495|734|876|246|208|877|431|391|245|371|636|891|249|246|352|525|519,276.60|624.01|561.49|495.78|551.57|599.32|197.85|503.12|615.11|430.08|512.13|295.49|632.38|589.29|602.46|204.46|216.70|662.37|631.72|606.45,126.7333,167.6804,29.695,71.4676,0.4,0.55,5.2189,4
PINN_UQ,150,2,66,22,20,36359,1.5,SEV_batch2_c030|SEV_batch3_c020|SEV_batch1_c045|SEV_batch1_c035|SEV_batch3_c029|SEV_batch1_c003|SEV_batch2_c018|SEV_batch1_c024|SEV_batch1_c004|SEV_batch1_c026|SEV_batch3_c025|SEV_batch2_c042|SEV_batch3_c009|SEV_batch3_c045|SEV_batch1_c023|SEV_batch2_c026|SEV_batch2_c039|SEV_batch3_c033|SEV_batch1_c016|SEV_batch3_c015,246|660|506|495|734|876|246|208|877|431|391|245|371|636|891|249|246|352|525|519,309.05|619.51|570.94|507.25|546.92|562.64|217.78|521.02|574.39|495.02|503.42|301.07|617.60|590.17|599.15|226.65|203.42|629.83|538.53|607.15,129.313,171.603,30.125,64.4798,0.35,0.6,1.876,4
XGBoost,150,0,63,23,22,0,0.16,SEV_batch2_c006|SEV_batch1_c006|SEV_batch2_c019|SEV_batch2_c004|SEV_batch1_c012|SEV_batch3_c008|SEV_batch2_c040|SEV_batch1_c044|SEV_batch1_c013|SEV_batch2_c002|SEV_batch1_c030|SEV_batch3_c018|SEV_batch3_c030|SEV_batch1_c021|SEV_batch1_c000|SEV_batch2_c029|SEV_batch3_c040|SEV_batch2_c044|SEV_batch3_c027|SEV_batch2_c036|SEV_batch3_c012|SEV_batch3_c043,256|518|247|245|504|426|361|500|500|246|432|591|753|462|701|245|237|246|773|249|463|706,269.66|610.84|281.32|323.84|735.39|566.75|420.58|599.07|698.05|247.37|539.64|641.85|611.96|482.25|470.04|255.28|511.90|257.19|509.32|249.90|661.28|745.28,104.5047,137.5341,23.7247,85.8383,0.3636,0.5909,46.7159,0
XGBoost,150,1,63,23,22,0,0.15,SEV_batch2_c006|SEV_batch1_c006|SEV_batch2_c019|SEV_batch2_c004|SEV_batch1_c012|SEV_batch3_c008|SEV_batch2_c040|SEV_batch1_c044|SEV_batch1_c013|SEV_batch2_c002|SEV_batch1_c030|SEV_batch3_c018|SEV_batch3_c030|SEV_batch1_c021|SEV_batch1_c000|SEV_batch2_c029|SEV_batch3_c040|SEV_batch2_c044|SEV_batch3_c027|SEV_batch2_c036|SEV_batch3_c012|SEV_batch3_c043,256|518|247|245|504|426|361|500|500|246|432|591|753|462|701|245|237|246|773|249|463|706,269.66|610.84|281.32|323.84|735.39|566.75|420.58|599.07|698.05|247.37|539.64|641.85|611.96|482.25|470.04|255.28|511.90|257.19|509.32|249.90|661.28|745.28,104.5047,137.5341,23.7247,85.8383,0.3636,0.5909,46.7159,0
XGBoost,150,2,63,23,22,0,0.15,SEV_batch2_c006|SEV_batch1_c006|SEV_batch2_c019|SEV_batch2_c004|SEV_batch1_c012|SEV_batch3_c008|SEV_batch2_c040|SEV_batch1_c044|SEV_batch1_c013|SEV_batch2_c002|SEV_batch1_c030|SEV_batch3_c018|SEV_batch3_c030|SEV_batch1_c021|SEV_batch1_c000|SEV_batch2_c029|SEV_batch3_c040|SEV_batch2_c044|SEV_batch3_c027|SEV_batch2_c036|SEV_batch3_c012|SEV_batch3_c043,256|518|247|245|504|426|361|500|500|246|432|591|753|462|701|245|237|246|773|249|463|706,269.66|610.84|281.32|323.84|735.39|566.75|420.58|599.07|698.05|247.37|539.64|641.85|611.96|482.25|470.04|255.28|511.90|257.19|509.32|249.90|661.28|745.28,104.5047,137.5341,23.7247,85.8383,0.3636,0.5909,46.7159,0
XGBoost,150,0,63,22,23,0,0.15,SEV_batch1_c014|SEV_batch1_c017|SEV_batch2_c037|SEV_batch1_c037|SEV_batch1_c027|SEV_batch2_c022|SEV_batch1_c025|SEV_batch3_c039|SEV_batch2_c032|SEV_batch3_c003|SEV_batch1_c036|SEV_batch2_c041|SEV_batch2_c010|SEV_batch1_c011|SEV_batch1_c040|SEV_batch3_c038|SEV_batch2_c035|SEV_batch1_c034|SEV_batch2_c007|SEV_batch3_c006|SEV_batch1_c007|SEV_batch3_c007|SEV_batch2_c033,522|507|245|438|502|245|569|938|360|600|490|249|249|507|485|1681|246|541|530|549|569|389|246,804.73|681.89|254.43|319.29|547.18|248.23|534.97|794.50|245.24|369.72|314.91|258.87|247.65|502.50|505.07|579.34|248.32|329.99|389.24|420.95|506.72|626.26|244.76,141.4002,263.7892,21.5016,114.7576,0.4348,0.4783,-73.1403,1
XGBoost,150,1,63,22,23,0,0.15,SEV_batch1_c014|SEV_batch1_c017|SEV_batch2_c037|SEV_batch1_c037|SEV_batch1_c027|SEV_batch2_c022|SEV_batch1_c025|SEV_batch3_c039|SEV_batch2_c032|SEV_batch3_c003|SEV_batch1_c036|SEV_batch2_c041|SEV_batch2_c010|SEV_batch1_c011|SEV_batch1_c040|SEV_batch3_c038|SEV_batch2_c035|SEV_batch1_c034|SEV_batch2_c007|SEV_batch3_c006|SEV_batch1_c007|SEV_batch3_c007|SEV_batch2_c033,522|507|245|438|502|245|569|938|360|600|490|249|249|507|485|1681|246|541|530|549|569|389|246,804.73|681.89|254.43|319.29|547.18|248.23|534.97|794.50|245.24|369.72|314.91|258.87|247.65|502.50|505.07|579.34|248.32|329.99|389.24|420.95|506.72|626.26|244.76,141.4002,263.7892,21.5016,114.7576,0.4348,0.4783,-73.1403,1
XGBoost,150,2,63,22,23,0,0.15,SEV_batch1_c014|SEV_batch1_c017|SEV_batch2_c037|SEV_batch1_c037|SEV_batch1_c027|SEV_batch2_c022|SEV_batch1_c025|SEV_batch3_c039|SEV_batch2_c032|SEV_batch3_c003|SEV_batch1_c036|SEV_batch2_c041|SEV_batch2_c010|SEV_batch1_c011|SEV_batch1_c040|SEV_batch3_c038|SEV_batch2_c035|SEV_batch1_c034|SEV_batch2_c007|SEV_batch3_c006|SEV_batch1_c007|SEV_batch3_c007|SEV_batch2_c033,522|507|245|438|502|245|569|938|360|600|490|249|249|507|485|1681|246|541|530|549|569|389|246,804.73|681.89|254.43|319.29|547.18|248.23|534.97|794.50|245.24|369.72|314.91|258.87|247.65|502.50|505.07|579.34|248.32|329.99|389.24|420.95|506.72|626.26|244.76,141.4002,263.7892,21.5016,114.7576,0.4348,0.4783,-73.1403,1
XGBoost,150,0,66,22,20,0,0.16,SEV_batch1_c043|SEV_batch1_c019|SEV_batch2_c031|SEV_batch1_c042|SEV_batch2_c021|SEV_batch1_c009|SEV_batch2_c005|SEV_batch2_c038|SEV_batch2_c047|SEV_batch1_c031|SEV_batch1_c022|SEV_batch3_c016|SEV_batch3_c021|SEV_batch1_c029|SEV_batch1_c010|SEV_batch3_c019|SEV_batch2_c012|SEV_batch1_c015|SEV_batch1_c005|SEV_batch1_c020,498|507|252|500|250|887|390|251|259|629|793|568|409|505|506|904|252|517|906|421,641.39|533.26|245.74|731.57|239.90|881.12|483.45|251.94|247.80|546.16|662.79|531.13|464.29|761.75|268.52|857.51|239.71|272.07|510.67|260.00,109.4266,154.7534,20.1391,69.0665,0.45,0.6,-28.6625,2
XGBoost,150,1,66,22,20,0,0.16,SEV_batch1_c043|SEV_batch1_c019|SEV_batch2_c031|SEV_batch1_c042|SEV_batch2_c021|SEV_batch1_c009|SEV_batch2_c005|SEV_batch2_c038|SEV_batch2_c047|SEV_batch1_c031|SEV_batch1_c022|SEV_batch3_c016|SEV_batch3_c021|SEV_batch1_c029|SEV_batch1_c010|SEV_batch3_c019|SEV_batch2_c012|SEV_batch1_c015|SEV_batch1_c005|SEV_batch1_c020,498|507|252|500|250|887|390|251|259|629|793|568|409|505|506|904|252|517|906|421,641.39|533.26|245.74|731.57|239.90|881.12|483.45|251.94|247.80|546.16|662.79|531.13|464.29|761.75|268.52|857.51|239.71|272.07|510.67|260.00,109.4266,154.7534,20.1391,69.0665,0.45,0.6,-28.6625,2
XGBoost,150,2,66,22,20,0,0.16,SEV_batch1_c043|SEV_batch1_c019|SEV_batch2_c031|SEV_batch1_c042|SEV_batch2_c021|SEV_batch1_c009|SEV_batch2_c005|SEV_batch2_c038|SEV_batch2_c047|SEV_batch1_c031|SEV_batch1_c022|SEV_batch3_c016|SEV_batch3_c021|SEV_batch1_c029|SEV_batch1_c010|SEV_batch3_c019|SEV_batch2_c012|SEV_batch1_c015|SEV_batch1_c005|SEV_batch1_c020,498|507|252|500|250|887|390|251|259|629|793|568|409|505|506|904|252|517|906|421,641.39|533.26|245.74|731.57|239.90|881.12|483.45|251.94|247.80|546.16|662.79|531.13|464.29|761.75|268.52|857.51|239.71|272.07|510.67|260.00,109.4266,154.7534,20.1391,69.0665,0.45,0.6,-28.6625,2
XGBoost,150,0,65,22,21,0,0.17,SEV_batch3_c013|SEV_batch1_c008|SEV_batch3_c026|SEV_batch3_c042|SEV_batch2_c020|SEV_batch2_c013|SEV_batch3_c000|SEV_batch2_c009|SEV_batch3_c004|SEV_batch2_c028|SEV_batch3_c041|SEV_batch3_c001|SEV_batch2_c003|SEV_batch2_c024|SEV_batch2_c011|SEV_batch3_c036|SEV_batch2_c023|SEV_batch2_c043|SEV_batch1_c039|SEV_batch3_c037|SEV_batch2_c025,377|494|673|1341|247|244|819|309|441|248|621|585|248|247|248|863|246|249|504|598|249,545.66|684.66|569.59|413.94|295.72|250.61|1255.80|488.98|1370.74|312.10|1147.95|1277.26|387.87|251.51|248.97|363.16|458.18|248.72|538.39|512.15|266.85,250.9861,384.787,46.3313,139.8695,0.3333,0.4286,97.039,3
XGBoost,150,1,65,22,21,0,0.17,SEV_batch3_c013|SEV_batch1_c008|SEV_batch3_c026|SEV_batch3_c042|SEV_batch2_c020|SEV_batch2_c013|SEV_batch3_c000|SEV_batch2_c009|SEV_batch3_c004|SEV_batch2_c028|SEV_batch3_c041|SEV_batch3_c001|SEV_batch2_c003|SEV_batch2_c024|SEV_batch2_c011|SEV_batch3_c036|SEV_batch2_c023|SEV_batch2_c043|SEV_batch1_c039|SEV_batch3_c037|SEV_batch2_c025,377|494|673|1341|247|244|819|309|441|248|621|585|248|247|248|863|246|249|504|598|249,545.66|684.66|569.59|413.94|295.72|250.61|1255.80|488.98|1370.74|312.10|1147.95|1277.26|387.87|251.51|248.97|363.16|458.18|248.72|538.39|512.15|266.85,250.9861,384.787,46.3313,139.8695,0.3333,0.4286,97.039,3
XGBoost,150,2,65,22,21,0,0.17,SEV_batch3_c013|SEV_batch1_c008|SEV_batch3_c026|SEV_batch3_c042|SEV_batch2_c020|SEV_batch2_c013|SEV_batch3_c000|SEV_batch2_c009|SEV_batch3_c004|SEV_batch2_c028|SEV_batch3_c041|SEV_batch3_c001|SEV_batch2_c003|SEV_batch2_c024|SEV_batch2_c011|SEV_batch3_c036|SEV_batch2_c023|SEV_batch2_c043|SEV_batch1_c039|SEV_batch3_c037|SEV_batch2_c025,377|494|673|1341|247|244|819|309|441|248|621|585|248|247|248|863|246|249|504|598|249,545.66|684.66|569.59|413.94|295.72|250.61|1255.80|488.98|1370.74|312.10|1147.95|1277.26|387.87|251.51|248.97|363.16|458.18|248.72|538.39|512.15|266.85,250.9861,384.787,46.3313,139.8695,0.3333,0.4286,97.039,3
XGBoost,150,0,66,22,20,0,0.15,SEV_batch2_c030|SEV_batch3_c020|SEV_batch1_c045|SEV_batch1_c035|SEV_batch3_c029|SEV_batch1_c003|SEV_batch2_c018|SEV_batch1_c024|SEV_batch1_c004|SEV_batch1_c026|SEV_batch3_c025|SEV_batch2_c042|SEV_batch3_c009|SEV_batch3_c045|SEV_batch1_c023|SEV_batch2_c026|SEV_batch2_c039|SEV_batch3_c033|SEV_batch1_c016|SEV_batch3_c015,246|660|506|495|734|876|246|208|877|431|391|245|371|636|891|249|246|352|525|519,250.68|706.66|488.59|623.58|399.73|656.66|268.59|596.22|632.27|560.76|582.78|249.27|499.21|829.50|594.56|245.04|246.79|827.42|735.34|591.91,155.6926,207.4828,35.1468,129.1718,0.35,0.4,44.0786,4
XGBoost,150,1,66,22,20,0,0.19,SEV_batch2_c030|SEV_batch3_c020|SEV_batch1_c045|SEV_batch1_c035|SEV_batch3_c029|SEV_batch1_c003|SEV_batch2_c018|SEV_batch1_c024|SEV_batch1_c004|SEV_batch1_c026|SEV_batch3_c025|SEV_batch2_c042|SEV_batch3_c009|SEV_batch3_c045|SEV_batch1_c023|SEV_batch2_c026|SEV_batch2_c039|SEV_batch3_c033|SEV_batch1_c016|SEV_batch3_c015,246|660|506|495|734|876|246|208|877|431|391|245|371|636|891|249|246|352|525|519,250.68|706.66|488.59|623.58|399.73|656.66|268.59|596.22|632.27|560.76|582.78|249.27|499.21|829.50|594.56|245.04|246.79|827.42|735.34|591.91,155.6926,207.4828,35.1468,129.1718,0.35,0.4,44.0786,4
XGBoost,150,2,66,22,20,0,0.15,SEV_batch2_c030|SEV_batch3_c020|SEV_batch1_c045|SEV_batch1_c035|SEV_batch3_c029|SEV_batch1_c003|SEV_batch2_c018|SEV_batch1_c024|SEV_batch1_c004|SEV_batch1_c026|SEV_batch3_c025|SEV_batch2_c042|SEV_batch3_c009|SEV_batch3_c045|SEV_batch1_c023|SEV_batch2_c026|SEV_batch2_c039|SEV_batch3_c033|SEV_batch1_c016|SEV_batch3_c015,246|660|506|495|734|876|246|208|877|431|391|245|371|636|891|249|246|352|525|519,250.68|706.66|488.59|623.58|399.73|656.66|268.59|596.22|632.27|560.76|582.78|249.27|499.21|829.50|594.56|245.04|246.79|827.42|735.34|591.91,155.6926,207.4828,35.1468,129.1718,0.35,0.4,44.0786,4
RandomForest,150,0,63,23,22,0,0.49,SEV_batch2_c006|SEV_batch1_c006|SEV_batch2_c019|SEV_batch2_c004|SEV_batch1_c012|SEV_batch3_c008|SEV_batch2_c040|SEV_batch1_c044|SEV_batch1_c013|SEV_batch2_c002|SEV_batch1_c030|SEV_batch3_c018|SEV_batch3_c030|SEV_batch1_c021|SEV_batch1_c000|SEV_batch2_c029|SEV_batch3_c040|SEV_batch2_c044|SEV_batch3_c027|SEV_batch2_c036|SEV_batch3_c012|SEV_batch3_c043,256|518|247|245|504|426|361|500|500|246|432|591|753|462|701|245|237|246|773|249|463|706,278.27|466.47|352.24|315.91|718.22|608.48|314.69|634.34|629.46|265.07|536.08|641.98|655.87|348.02|615.29|289.85|566.72|306.87|538.35|279.69|640.02|822.25,110.0799,133.8668,27.7704,100.603,0.2273,0.5,52.8704,0
RandomForest,150,1,63,23,22,0,0.49,SEV_batch2_c006|SEV_batch1_c006|SEV_batch2_c019|SEV_batch2_c004|SEV_batch1_c012|SEV_batch3_c008|SEV_batch2_c040|SEV_batch1_c044|SEV_batch1_c013|SEV_batch2_c002|SEV_batch1_c030|SEV_batch3_c018|SEV_batch3_c030|SEV_batch1_c021|SEV_batch1_c000|SEV_batch2_c029|SEV_batch3_c040|SEV_batch2_c044|SEV_batch3_c027|SEV_batch2_c036|SEV_batch3_c012|SEV_batch3_c043,256|518|247|245|504|426|361|500|500|246|432|591|753|462|701|245|237|246|773|249|463|706,278.27|466.47|352.24|315.91|718.22|608.48|314.69|634.34|629.46|265.07|536.08|641.98|655.87|348.02|615.29|289.85|566.72|306.87|538.35|279.69|640.02|822.25,110.0799,133.8668,27.7704,100.603,0.2273,0.5,52.8704,0
RandomForest,150,2,63,23,22,0,0.5,SEV_batch2_c006|SEV_batch1_c006|SEV_batch2_c019|SEV_batch2_c004|SEV_batch1_c012|SEV_batch3_c008|SEV_batch2_c040|SEV_batch1_c044|SEV_batch1_c013|SEV_batch2_c002|SEV_batch1_c030|SEV_batch3_c018|SEV_batch3_c030|SEV_batch1_c021|SEV_batch1_c000|SEV_batch2_c029|SEV_batch3_c040|SEV_batch2_c044|SEV_batch3_c027|SEV_batch2_c036|SEV_batch3_c012|SEV_batch3_c043,256|518|247|245|504|426|361|500|500|246|432|591|753|462|701|245|237|246|773|249|463|706,278.27|466.47|352.24|315.91|718.22|608.48|314.69|634.34|629.46|265.07|536.08|641.98|655.87|348.02|615.29|289.85|566.72|306.87|538.35|279.69|640.02|822.25,110.0799,133.8668,27.7704,100.603,0.2273,0.5,52.8704,0
RandomForest,150,0,63,22,23,0,0.49,SEV_batch1_c014|SEV_batch1_c017|SEV_batch2_c037|SEV_batch1_c037|SEV_batch1_c027|SEV_batch2_c022|SEV_batch1_c025|SEV_batch3_c039|SEV_batch2_c032|SEV_batch3_c003|SEV_batch1_c036|SEV_batch2_c041|SEV_batch2_c010|SEV_batch1_c011|SEV_batch1_c040|SEV_batch3_c038|SEV_batch2_c035|SEV_batch1_c034|SEV_batch2_c007|SEV_batch3_c006|SEV_batch1_c007|SEV_batch3_c007|SEV_batch2_c033,522|507|245|438|502|245|569|938|360|600|490|249|249|507|485|1681|246|541|530|549|569|389|246,622.32|620.24|289.20|520.67|550.85|293.57|567.75|580.26|387.21|624.46|536.15|253.76|279.02|471.15|522.10|673.85|250.53|534.61|393.46|426.72|491.70|619.69|368.79,117.8285,237.1691,18.6912,48.5663,0.5652,0.6522,-33.8672,1
RandomForest,150,1,63,22,23,0,0.49,SEV_batch1_c014|SEV_batch1_c017|SEV_batch2_c037|SEV_batch1_c037|SEV_batch1_c027|SEV_batch2_c022|SEV_batch1_c025|SEV_batch3_c039|SEV_batch2_c032|SEV_batch3_c003|SEV_batch1_c036|SEV_batch2_c041|SEV_batch2_c010|SEV_batch1_c011|SEV_batch1_c040|SEV_batch3_c038|SEV_batch2_c035|SEV_batch1_c034|SEV_batch2_c007|SEV_batch3_c006|SEV_batch1_c007|SEV_batch3_c007|SEV_batch2_c033,522|507|245|438|502|245|569|938|360|600|490|249|249|507|485|1681|246|541|530|549|569|389|246,622.32|620.24|289.20|520.67|550.85|293.57|567.75|580.26|387.21|624.46|536.15|253.76|279.02|471.15|522.10|673.85|250.53|534.61|393.46|426.72|491.70|619.69|368.79,117.8285,237.1691,18.6912,48.5663,0.5652,0.6522,-33.8672,1
RandomForest,150,2,63,22,23,0,0.48,SEV_batch1_c014|SEV_batch1_c017|SEV_batch2_c037|SEV_batch1_c037|SEV_batch1_c027|SEV_batch2_c022|SEV_batch1_c025|SEV_batch3_c039|SEV_batch2_c032|SEV_batch3_c003|SEV_batch1_c036|SEV_batch2_c041|SEV_batch2_c010|SEV_batch1_c011|SEV_batch1_c040|SEV_batch3_c038|SEV_batch2_c035|SEV_batch1_c034|SEV_batch2_c007|SEV_batch3_c006|SEV_batch1_c007|SEV_batch3_c007|SEV_batch2_c033,522|507|245|438|502|245|569|938|360|600|490|249|249|507|485|1681|246|541|530|549|569|389|246,622.32|620.24|289.20|520.67|550.85|293.57|567.75|580.26|387.21|624.46|536.15|253.76|279.02|471.15|522.10|673.85|250.53|534.61|393.46|426.72|491.70|619.69|368.79,117.8285,237.1691,18.6912,48.5663,0.5652,0.6522,-33.8672,1
RandomForest,150,0,66,22,20,0,0.49,SEV_batch1_c043|SEV_batch1_c019|SEV_batch2_c031|SEV_batch1_c042|SEV_batch2_c021|SEV_batch1_c009|SEV_batch2_c005|SEV_batch2_c038|SEV_batch2_c047|SEV_batch1_c031|SEV_batch1_c022|SEV_batch3_c016|SEV_batch3_c021|SEV_batch1_c029|SEV_batch1_c010|SEV_batch3_c019|SEV_batch2_c012|SEV_batch1_c015|SEV_batch1_c005|SEV_batch1_c020,498|507|252|500|250|887|390|251|259|629|793|568|409|505|506|904|252|517|906|421,641.99|477.52|247.02|660.62|247.47|796.60|357.59|255.17|262.42|508.29|546.64|565.30|501.21|672.40|450.62|750.50|248.49|351.02|585.24|275.72,97.2901,131.6567,16.4544,91.3015,0.4,0.55,-40.1086,2
RandomForest,150,1,66,22,20,0,0.49,SEV_batch1_c043|SEV_batch1_c019|SEV_batch2_c031|SEV_batch1_c042|SEV_batch2_c021|SEV_batch1_c009|SEV_batch2_c005|SEV_batch2_c038|SEV_batch2_c047|SEV_batch1_c031|SEV_batch1_c022|SEV_batch3_c016|SEV_batch3_c021|SEV_batch1_c029|SEV_batch1_c010|SEV_batch3_c019|SEV_batch2_c012|SEV_batch1_c015|SEV_batch1_c005|SEV_batch1_c020,498|507|252|500|250|887|390|251|259|629|793|568|409|505|506|904|252|517|906|421,641.99|477.52|247.02|660.62|247.47|796.60|357.59|255.17|262.42|508.29|546.64|565.30|501.21|672.40|450.62|750.50|248.49|351.02|585.24|275.72,97.2901,131.6567,16.4544,91.3015,0.4,0.55,-40.1086,2
RandomForest,150,2,66,22,20,0,0.48,SEV_batch1_c043|SEV_batch1_c019|SEV_batch2_c031|SEV_batch1_c042|SEV_batch2_c021|SEV_batch1_c009|SEV_batch2_c005|SEV_batch2_c038|SEV_batch2_c047|SEV_batch1_c031|SEV_batch1_c022|SEV_batch3_c016|SEV_batch3_c021|SEV_batch1_c029|SEV_batch1_c010|SEV_batch3_c019|SEV_batch2_c012|SEV_batch1_c015|SEV_batch1_c005|SEV_batch1_c020,498|507|252|500|250|887|390|251|259|629|793|568|409|505|506|904|252|517|906|421,641.99|477.52|247.02|660.62|247.47|796.60|357.59|255.17|262.42|508.29|546.64|565.30|501.21|672.40|450.62|750.50|248.49|351.02|585.24|275.72,97.2901,131.6567,16.4544,91.3015,0.4,0.55,-40.1086,2
RandomForest,150,0,65,22,21,0,0.48,SEV_batch3_c013|SEV_batch1_c008|SEV_batch3_c026|SEV_batch3_c042|SEV_batch2_c020|SEV_batch2_c013|SEV_batch3_c000|SEV_batch2_c009|SEV_batch3_c004|SEV_batch2_c028|SEV_batch3_c041|SEV_batch3_c001|SEV_batch2_c003|SEV_batch2_c024|SEV_batch2_c011|SEV_batch3_c036|SEV_batch2_c023|SEV_batch2_c043|SEV_batch1_c039|SEV_batch3_c037|SEV_batch2_c025,377|494|673|1341|247|244|819|309|441|248|621|585|248|247|248|863|246|249|504|598|249,552.69|630.84|541.82|632.56|261.68|292.62|709.64|533.86|854.73|285.30|665.63|773.16|283.86|274.12|256.79|722.00|480.69|276.02|559.47|470.71|281.18,139.1868,211.7787,28.7436,109.3621,0.4286,0.4762,23.2551,3
RandomForest,150,1,65,22,21,0,0.48,SEV_batch3_c013|SEV_batch1_c008|SEV_batch3_c026|SEV_batch3_c042|SEV_batch2_c020|SEV_batch2_c013|SEV_batch3_c000|SEV_batch2_c009|SEV_batch3_c004|SEV_batch2_c028|SEV_batch3_c041|SEV_batch3_c001|SEV_batch2_c003|SEV_batch2_c024|SEV_batch2_c011|SEV_batch3_c036|SEV_batch2_c023|SEV_batch2_c043|SEV_batch1_c039|SEV_batch3_c037|SEV_batch2_c025,377|494|673|1341|247|244|819|309|441|248|621|585|248|247|248|863|246|249|504|598|249,552.69|630.84|541.82|632.56|261.68|292.62|709.64|533.86|854.73|285.30|665.63|773.16|283.86|274.12|256.79|722.00|480.69|276.02|559.47|470.71|281.18,139.1868,211.7787,28.7436,109.3621,0.4286,0.4762,23.2551,3
RandomForest,150,2,65,22,21,0,0.49,SEV_batch3_c013|SEV_batch1_c008|SEV_batch3_c026|SEV_batch3_c042|SEV_batch2_c020|SEV_batch2_c013|SEV_batch3_c000|SEV_batch2_c009|SEV_batch3_c004|SEV_batch2_c028|SEV_batch3_c041|SEV_batch3_c001|SEV_batch2_c003|SEV_batch2_c024|SEV_batch2_c011|SEV_batch3_c036|SEV_batch2_c023|SEV_batch2_c043|SEV_batch1_c039|SEV_batch3_c037|SEV_batch2_c025,377|494|673|1341|247|244|819|309|441|248|621|585|248|247|248|863|246|249|504|598|249,552.69|630.84|541.82|632.56|261.68|292.62|709.64|533.86|854.73|285.30|665.63|773.16|283.86|274.12|256.79|722.00|480.69|276.02|559.47|470.71|281.18,139.1868,211.7787,28.7436,109.3621,0.4286,0.4762,23.2551,3
RandomForest,150,0,66,22,20,0,0.48,SEV_batch2_c030|SEV_batch3_c020|SEV_batch1_c045|SEV_batch1_c035|SEV_batch3_c029|SEV_batch1_c003|SEV_batch2_c018|SEV_batch1_c024|SEV_batch1_c004|SEV_batch1_c026|SEV_batch3_c025|SEV_batch2_c042|SEV_batch3_c009|SEV_batch3_c045|SEV_batch1_c023|SEV_batch2_c026|SEV_batch2_c039|SEV_batch3_c033|SEV_batch1_c016|SEV_batch3_c015,246|660|506|495|734|876|246|208|877|431|391|245|371|636|891|249|246|352|525|519,263.53|720.27|503.06|628.45|498.02|602.18|295.56|624.19|598.54|558.28|599.63|255.36|637.05|707.08|626.83|250.03|256.53|860.40|575.53|578.88,152.3068,209.2615,36.4569,99.1824,0.3,0.5,46.7698,4
RandomForest,150,1,66,22,20,0,0.48,SEV_batch2_c030|SEV_batch3_c020|SEV_batch1_c045|SEV_batch1_c035|SEV_batch3_c029|SEV_batch1_c003|SEV_batch2_c018|SEV_batch1_c024|SEV_batch1_c004|SEV_batch1_c026|SEV_batch3_c025|SEV_batch2_c042|SEV_batch3_c009|SEV_batch3_c045|SEV_batch1_c023|SEV_batch2_c026|SEV_batch2_c039|SEV_batch3_c033|SEV_batch1_c016|SEV_batch3_c015,246|660|506|495|734|876|246|208|877|431|391|245|371|636|891|249|246|352|525|519,263.53|720.27|503.06|628.45|498.02|602.18|295.56|624.19|598.54|558.28|599.63|255.36|637.05|707.08|626.83|250.03|256.53|860.40|575.53|578.88,152.3068,209.2615,36.4569,99.1824,0.3,0.5,46.7698,4
RandomForest,150,2,66,22,20,0,0.49,SEV_batch2_c030|SEV_batch3_c020|SEV_batch1_c045|SEV_batch1_c035|SEV_batch3_c029|SEV_batch1_c003|SEV_batch2_c018|SEV_batch1_c024|SEV_batch1_c004|SEV_batch1_c026|SEV_batch3_c025|SEV_batch2_c042|SEV_batch3_c009|SEV_batch3_c045|SEV_batch1_c023|SEV_batch2_c026|SEV_batch2_c039|SEV_batch3_c033|SEV_batch1_c016|SEV_batch3_c015,246|660|506|495|734|876|246|208|877|431|391|245|371|636|891|249|246|352|525|519,263.53|720.27|503.06|628.45|498.02|602.18|295.56|624.19|598.54|558.28|599.63|255.36|637.05|707.08|626.83|250.03|256.53|860.40|575.53|578.88,152.3068,209.2615,36.4569,99.1824,0.3,0.5,46.7698,4
GaussianProcess,150,0,63,23,22,0,0.13,SEV_batch2_c006|SEV_batch1_c006|SEV_batch2_c019|SEV_batch2_c004|SEV_batch1_c012|SEV_batch3_c008|SEV_batch2_c040|SEV_batch1_c044|SEV_batch1_c013|SEV_batch2_c002|SEV_batch1_c030|SEV_batch3_c018|SEV_batch3_c030|SEV_batch1_c021|SEV_batch1_c000|SEV_batch2_c029|SEV_batch3_c040|SEV_batch2_c044|SEV_batch3_c027|SEV_batch2_c036|SEV_batch3_c012|SEV_batch3_c043,256|518|247|245|504|426|361|500|500|246|432|591|753|462|701|245|237|246|773|249|463|706,307.18|551.97|369.97|281.80|640.81|582.34|356.08|565.41|590.35|278.64|525.26|601.22|619.78|456.67|408.01|477.18|549.47|458.68|540.52|415.54|649.00|703.41,118.6969,151.135,33.432,108.1163,0.3182,0.5,57.6492,0
GaussianProcess,150,1,63,23,22,0,0.13,SEV_batch2_c006|SEV_batch1_c006|SEV_batch2_c019|SEV_batch2_c004|SEV_batch1_c012|SEV_batch3_c008|SEV_batch2_c040|SEV_batch1_c044|SEV_batch1_c013|SEV_batch2_c002|SEV_batch1_c030|SEV_batch3_c018|SEV_batch3_c030|SEV_batch1_c021|SEV_batch1_c000|SEV_batch2_c029|SEV_batch3_c040|SEV_batch2_c044|SEV_batch3_c027|SEV_batch2_c036|SEV_batch3_c012|SEV_batch3_c043,256|518|247|245|504|426|361|500|500|246|432|591|753|462|701|245|237|246|773|249|463|706,307.18|551.97|369.97|281.80|640.81|582.34|356.08|565.41|590.35|278.64|525.26|601.22|619.78|456.67|408.01|477.18|549.47|458.68|540.52|415.54|649.00|703.41,118.6969,151.135,33.432,108.1163,0.3182,0.5,57.6492,0
GaussianProcess,150,2,63,23,22,0,0.13,SEV_batch2_c006|SEV_batch1_c006|SEV_batch2_c019|SEV_batch2_c004|SEV_batch1_c012|SEV_batch3_c008|SEV_batch2_c040|SEV_batch1_c044|SEV_batch1_c013|SEV_batch2_c002|SEV_batch1_c030|SEV_batch3_c018|SEV_batch3_c030|SEV_batch1_c021|SEV_batch1_c000|SEV_batch2_c029|SEV_batch3_c040|SEV_batch2_c044|SEV_batch3_c027|SEV_batch2_c036|SEV_batch3_c012|SEV_batch3_c043,256|518|247|245|504|426|361|500|500|246|432|591|753|462|701|245|237|246|773|249|463|706,307.18|551.97|369.97|281.80|640.81|582.34|356.08|565.41|590.35|278.64|525.26|601.22|619.78|456.67|408.01|477.18|549.47|458.68|540.52|415.54|649.00|703.41,118.6969,151.135,33.432,108.1163,0.3182,0.5,57.6492,0
GaussianProcess,150,0,63,22,23,0,0.13,SEV_batch1_c014|SEV_batch1_c017|SEV_batch2_c037|SEV_batch1_c037|SEV_batch1_c027|SEV_batch2_c022|SEV_batch1_c025|SEV_batch3_c039|SEV_batch2_c032|SEV_batch3_c003|SEV_batch1_c036|SEV_batch2_c041|SEV_batch2_c010|SEV_batch1_c011|SEV_batch1_c040|SEV_batch3_c038|SEV_batch2_c035|SEV_batch1_c034|SEV_batch2_c007|SEV_batch3_c006|SEV_batch1_c007|SEV_batch3_c007|SEV_batch2_c033,522|507|245|438|502|245|569|938|360|600|490|249|249|507|485|1681|246|541|530|549|569|389|246,569.22|645.11|454.66|489.53|532.41|309.56|588.83|509.48|423.69|618.61|516.46|294.30|275.00|513.05|547.97|668.73|270.38|501.55|455.83|399.46|565.71|573.94|484.43,128.9303,248.0034,23.8222,51.5347,0.4783,0.6957,-19.5247,1
GaussianProcess,150,1,63,22,23,0,0.13,SEV_batch1_c014|SEV_batch1_c017|SEV_batch2_c037|SEV_batch1_c037|SEV_batch1_c027|SEV_batch2_c022|SEV_batch1_c025|SEV_batch3_c039|SEV_batch2_c032|SEV_batch3_c003|SEV_batch1_c036|SEV_batch2_c041|SEV_batch2_c010|SEV_batch1_c011|SEV_batch1_c040|SEV_batch3_c038|SEV_batch2_c035|SEV_batch1_c034|SEV_batch2_c007|SEV_batch3_c006|SEV_batch1_c007|SEV_batch3_c007|SEV_batch2_c033,522|507|245|438|502|245|569|938|360|600|490|249|249|507|485|1681|246|541|530|549|569|389|246,569.22|645.11|454.66|489.53|532.41|309.56|588.83|509.48|423.69|618.61|516.46|294.30|275.00|513.05|547.97|668.73|270.38|501.55|455.83|399.46|565.71|573.94|484.43,128.9303,248.0034,23.8222,51.5347,0.4783,0.6957,-19.5247,1
GaussianProcess,150,2,63,22,23,0,0.13,SEV_batch1_c014|SEV_batch1_c017|SEV_batch2_c037|SEV_batch1_c037|SEV_batch1_c027|SEV_batch2_c022|SEV_batch1_c025|SEV_batch3_c039|SEV_batch2_c032|SEV_batch3_c003|SEV_batch1_c036|SEV_batch2_c041|SEV_batch2_c010|SEV_batch1_c011|SEV_batch1_c040|SEV_batch3_c038|SEV_batch2_c035|SEV_batch1_c034|SEV_batch2_c007|SEV_batch3_c006|SEV_batch1_c007|SEV_batch3_c007|SEV_batch2_c033,522|507|245|438|502|245|569|938|360|600|490|249|249|507|485|1681|246|541|530|549|569|389|246,569.22|645.11|454.66|489.53|532.41|309.56|588.83|509.48|423.69|618.61|516.46|294.30|275.00|513.05|547.97|668.73|270.38|501.55|455.83|399.46|565.71|573.94|484.43,128.9303,248.0034,23.8222,51.5347,0.4783,0.6957,-19.5247,1
GaussianProcess,150,0,66,22,20,0,0.15,SEV_batch1_c043|SEV_batch1_c019|SEV_batch2_c031|SEV_batch1_c042|SEV_batch2_c021|SEV_batch1_c009|SEV_batch2_c005|SEV_batch2_c038|SEV_batch2_c047|SEV_batch1_c031|SEV_batch1_c022|SEV_batch3_c016|SEV_batch3_c021|SEV_batch1_c029|SEV_batch1_c010|SEV_batch3_c019|SEV_batch2_c012|SEV_batch1_c015|SEV_batch1_c005|SEV_batch1_c020,498|507|252|500|250|887|390|251|259|629|793|568|409|505|506|904|252|517|906|421,613.83|492.14|319.64|536.86|261.41|537.81|358.58|358.91|477.33|501.98|533.54|553.13|468.55|582.12|500.94|631.46|401.23|498.13|560.36|445.48,115.3648,160.0154,23.1514,72.378,0.4,0.55,-28.5281,2
GaussianProcess,150,1,66,22,20,0,0.15,SEV_batch1_c043|SEV_batch1_c019|SEV_batch2_c031|SEV_batch1_c042|SEV_batch2_c021|SEV_batch1_c009|SEV_batch2_c005|SEV_batch2_c038|SEV_batch2_c047|SEV_batch1_c031|SEV_batch1_c022|SEV_batch3_c016|SEV_batch3_c021|SEV_batch1_c029|SEV_batch1_c010|SEV_batch3_c019|SEV_batch2_c012|SEV_batch1_c015|SEV_batch1_c005|SEV_batch1_c020,498|507|252|500|250|887|390|251|259|629|793|568|409|505|506|904|252|517|906|421,613.83|492.14|319.64|536.86|261.41|537.81|358.58|358.91|477.33|501.98|533.54|553.13|468.55|582.12|500.94|631.46|401.23|498.13|560.36|445.48,115.3648,160.0154,23.1514,72.378,0.4,0.55,-28.5281,2
GaussianProcess,150,2,66,22,20,0,0.16,SEV_batch1_c043|SEV_batch1_c019|SEV_batch2_c031|SEV_batch1_c042|SEV_batch2_c021|SEV_batch1_c009|SEV_batch2_c005|SEV_batch2_c038|SEV_batch2_c047|SEV_batch1_c031|SEV_batch1_c022|SEV_batch3_c016|SEV_batch3_c021|SEV_batch1_c029|SEV_batch1_c010|SEV_batch3_c019|SEV_batch2_c012|SEV_batch1_c015|SEV_batch1_c005|SEV_batch1_c020,498|507|252|500|250|887|390|251|259|629|793|568|409|505|506|904|252|517|906|421,613.83|492.14|319.64|536.86|261.41|537.81|358.58|358.91|477.33|501.98|533.54|553.13|468.55|582.12|500.94|631.46|401.23|498.13|560.36|445.48,115.3648,160.0154,23.1514,72.378,0.4,0.55,-28.5281,2
GaussianProcess,150,0,65,22,21,0,0.08,SEV_batch3_c013|SEV_batch1_c008|SEV_batch3_c026|SEV_batch3_c042|SEV_batch2_c020|SEV_batch2_c013|SEV_batch3_c000|SEV_batch2_c009|SEV_batch3_c004|SEV_batch2_c028|SEV_batch3_c041|SEV_batch3_c001|SEV_batch2_c003|SEV_batch2_c024|SEV_batch2_c011|SEV_batch3_c036|SEV_batch2_c023|SEV_batch2_c043|SEV_batch1_c039|SEV_batch3_c037|SEV_batch2_c025,377|494|673|1341|247|244|819|309|441|248|621|585|248|247|248|863|246|249|504|598|249,563.82|513.27|636.91|590.36|400.80|494.80|918.64|495.42|1043.43|494.42|501.88|879.47|494.80|337.87|377.94|450.47|473.99|357.95|479.06|494.80|420.28,212.496,277.447,53.4171,171.2822,0.1429,0.2381,74.7324,3
GaussianProcess,150,1,65,22,21,0,0.08,SEV_batch3_c013|SEV_batch1_c008|SEV_batch3_c026|SEV_batch3_c042|SEV_batch2_c020|SEV_batch2_c013|SEV_batch3_c000|SEV_batch2_c009|SEV_batch3_c004|SEV_batch2_c028|SEV_batch3_c041|SEV_batch3_c001|SEV_batch2_c003|SEV_batch2_c024|SEV_batch2_c011|SEV_batch3_c036|SEV_batch2_c023|SEV_batch2_c043|SEV_batch1_c039|SEV_batch3_c037|SEV_batch2_c025,377|494|673|1341|247|244|819|309|441|248|621|585|248|247|248|863|246|249|504|598|249,563.82|513.27|636.91|590.36|400.80|494.80|918.64|495.42|1043.43|494.42|501.88|879.47|494.80|337.87|377.94|450.47|473.99|357.95|479.06|494.80|420.28,212.496,277.447,53.4171,171.2822,0.1429,0.2381,74.7324,3
GaussianProcess,150,2,65,22,21,0,0.08,SEV_batch3_c013|SEV_batch1_c008|SEV_batch3_c026|SEV_batch3_c042|SEV_batch2_c020|SEV_batch2_c013|SEV_batch3_c000|SEV_batch2_c009|SEV_batch3_c004|SEV_batch2_c028|SEV_batch3_c041|SEV_batch3_c001|SEV_batch2_c003|SEV_batch2_c024|SEV_batch2_c011|SEV_batch3_c036|SEV_batch2_c023|SEV_batch2_c043|SEV_batch1_c039|SEV_batch3_c037|SEV_batch2_c025,377|494|673|1341|247|244|819|309|441|248|621|585|248|247|248|863|246|249|504|598|249,563.82|513.27|636.91|590.36|400.80|494.80|918.64|495.42|1043.43|494.42|501.88|879.47|494.80|337.87|377.94|450.47|473.99|357.95|479.06|494.80|420.28,212.496,277.447,53.4171,171.2822,0.1429,0.2381,74.7324,3
GaussianProcess,150,0,66,22,20,0,0.13,SEV_batch2_c030|SEV_batch3_c020|SEV_batch1_c045|SEV_batch1_c035|SEV_batch3_c029|SEV_batch1_c003|SEV_batch2_c018|SEV_batch1_c024|SEV_batch1_c004|SEV_batch1_c026|SEV_batch3_c025|SEV_batch2_c042|SEV_batch3_c009|SEV_batch3_c045|SEV_batch1_c023|SEV_batch2_c026|SEV_batch2_c039|SEV_batch3_c033|SEV_batch1_c016|SEV_batch3_c015,246|660|506|495|734|876|246|208|877|431|391|245|371|636|891|249|246|352|525|519,293.80|770.57|543.64|537.23|569.97|585.91|339.71|547.50|570.40|514.07|580.75|331.25|744.05|662.03|629.10|278.42|368.50|758.42|593.03|639.79,159.9695,200.7318,39.7121,115.6802,0.25,0.45,57.7071,4
GaussianProcess,150,1,66,22,20,0,0.13,SEV_batch2_c030|SEV_batch3_c020|SEV_batch1_c045|SEV_batch1_c035|SEV_batch3_c029|SEV_batch1_c003|SEV_batch2_c018|SEV_batch1_c024|SEV_batch1_c004|SEV_batch1_c026|SEV_batch3_c025|SEV_batch2_c042|SEV_batch3_c009|SEV_batch3_c045|SEV_batch1_c023|SEV_batch2_c026|SEV_batch2_c039|SEV_batch3_c033|SEV_batch1_c016|SEV_batch3_c015,246|660|506|495|734|876|246|208|877|431|391|245|371|636|891|249|246|352|525|519,293.80|770.57|543.64|537.23|569.97|585.91|339.71|547.50|570.40|514.07|580.75|331.25|744.05|662.03|629.10|278.42|368.50|758.42|593.03|639.79,159.9695,200.7318,39.7121,115.6802,0.25,0.45,57.7071,4
GaussianProcess,150,2,66,22,20,0,0.13,SEV_batch2_c030|SEV_batch3_c020|SEV_batch1_c045|SEV_batch1_c035|SEV_batch3_c029|SEV_batch1_c003|SEV_batch2_c018|SEV_batch1_c024|SEV_batch1_c004|SEV_batch1_c026|SEV_batch3_c025|SEV_batch2_c042|SEV_batch3_c009|SEV_batch3_c045|SEV_batch1_c023|SEV_batch2_c026|SEV_batch2_c039|SEV_batch3_c033|SEV_batch1_c016|SEV_batch3_c015,246|660|506|495|734|876|246|208|877|431|391|245|371|636|891|249|246|352|525|519,293.80|770.57|543.64|537.23|569.97|585.91|339.71|547.50|570.40|514.07|580.75|331.25|744.05|662.03|629.10|278.42|368.50|758.42|593.03|639.79,159.9695,200.7318,39.7121,115.6802,0.25,0.45,57.7071,4
Pure_NN,150,0,63,23,22,36353,0.94,SEV_batch2_c006|SEV_batch1_c006|SEV_batch2_c019|SEV_batch2_c004|SEV_batch1_c012|SEV_batch3_c008|SEV_batch2_c040|SEV_batch1_c044|SEV_batch1_c013|SEV_batch2_c002|SEV_batch1_c030|SEV_batch3_c018|SEV_batch3_c030|SEV_batch1_c021|SEV_batch1_c000|SEV_batch2_c029|SEV_batch3_c040|SEV_batch2_c044|SEV_batch3_c027|SEV_batch2_c036|SEV_batch3_c012|SEV_batch3_c043,256|518|247|245|504|426|361|500|500|246|432|591|753|462|701|245|237|246|773|249|463|706,341.20|525.55|389.77|166.12|560.37|577.80|314.53|556.99|589.83|178.97|514.72|640.53|626.48|394.43|297.67|307.02|528.07|206.69|575.26|207.96|668.47|641.64,109.7076,142.6874,28.0545,73.2288,0.2273,0.6818,6.7758,0
Pure_NN,150,1,63,23,22,36353,0.95,SEV_batch2_c006|SEV_batch1_c006|SEV_batch2_c019|SEV_batch2_c004|SEV_batch1_c012|SEV_batch3_c008|SEV_batch2_c040|SEV_batch1_c044|SEV_batch1_c013|SEV_batch2_c002|SEV_batch1_c030|SEV_batch3_c018|SEV_batch3_c030|SEV_batch1_c021|SEV_batch1_c000|SEV_batch2_c029|SEV_batch3_c040|SEV_batch2_c044|SEV_batch3_c027|SEV_batch2_c036|SEV_batch3_c012|SEV_batch3_c043,256|518|247|245|504|426|361|500|500|246|432|591|753|462|701|245|237|246|773|249|463|706,258.16|555.90|330.82|147.04|528.64|577.09|304.62|561.82|587.06|244.85|587.07|700.18|595.68|214.98|269.52|334.30|530.58|279.62|568.10|261.68|651.06|595.55,119.8471,157.9685,28.2014,93.6321,0.2727,0.5455,1.0599,0
Pure_NN,150,2,63,23,22,36353,1.43,SEV_batch2_c006|SEV_batch1_c006|SEV_batch2_c019|SEV_batch2_c004|SEV_batch1_c012|SEV_batch3_c008|SEV_batch2_c040|SEV_batch1_c044|SEV_batch1_c013|SEV_batch2_c002|SEV_batch1_c030|SEV_batch3_c018|SEV_batch3_c030|SEV_batch1_c021|SEV_batch1_c000|SEV_batch2_c029|SEV_batch3_c040|SEV_batch2_c044|SEV_batch3_c027|SEV_batch2_c036|SEV_batch3_c012|SEV_batch3_c043,256|518|247|245|504|426|361|500|500|246|432|591|753|462|701|245|237|246|773|249|463|706,378.15|666.40|223.74|143.18|627.19|553.20|264.49|526.04|599.76|199.43|519.62|644.56|613.33|349.82|268.20|344.86|545.68|353.15|557.27|240.73|678.15|700.07,122.7953,156.8065,30.8855,104.4852,0.2273,0.4545,15.2735,0
Pure_NN,150,0,63,22,23,36353,0.97,SEV_batch1_c014|SEV_batch1_c017|SEV_batch2_c037|SEV_batch1_c037|SEV_batch1_c027|SEV_batch2_c022|SEV_batch1_c025|SEV_batch3_c039|SEV_batch2_c032|SEV_batch3_c003|SEV_batch1_c036|SEV_batch2_c041|SEV_batch2_c010|SEV_batch1_c011|SEV_batch1_c040|SEV_batch3_c038|SEV_batch2_c035|SEV_batch1_c034|SEV_batch2_c007|SEV_batch3_c006|SEV_batch1_c007|SEV_batch3_c007|SEV_batch2_c033,522|507|245|438|502|245|569|938|360|600|490|249|249|507|485|1681|246|541|530|549|569|389|246,645.71|566.40|316.80|482.71|494.94|230.42|678.40|442.87|255.26|612.57|490.91|164.33|211.25|570.72|537.70|694.38|217.81|442.72|490.99|266.49|484.29|477.08|293.62,127.7346,246.0425,20.1003,63.7162,0.3913,0.7391,-69.071,1
Pure_NN,150,1,63,22,23,36353,0.98,SEV_batch1_c014|SEV_batch1_c017|SEV_batch2_c037|SEV_batch1_c037|SEV_batch1_c027|SEV_batch2_c022|SEV_batch1_c025|SEV_batch3_c039|SEV_batch2_c032|SEV_batch3_c003|SEV_batch1_c036|SEV_batch2_c041|SEV_batch2_c010|SEV_batch1_c011|SEV_batch1_c040|SEV_batch3_c038|SEV_batch2_c035|SEV_batch1_c034|SEV_batch2_c007|SEV_batch3_c006|SEV_batch1_c007|SEV_batch3_c007|SEV_batch2_c033,522|507|245|438|502|245|569|938|360|600|490|249|249|507|485|1681|246|541|530|549|569|389|246,646.61|540.01|298.60|485.91|493.66|252.36|649.65|426.30|242.94|600.97|477.64|181.67|202.93|494.57|515.34|679.76|219.01|404.39|491.82|370.97|438.31|416.32|277.76,118.4593,245.4537,17.5809,46.0664,0.5652,0.6957,-80.413,1
Pure_NN,150,2,63,22,23,36353,0.88,SEV_batch1_c014|SEV_batch1_c017|SEV_batch2_c037|SEV_batch1_c037|SEV_batch1_c027|SEV_batch2_c022|SEV_batch1_c025|SEV_batch3_c039|SEV_batch2_c032|SEV_batch3_c003|SEV_batch1_c036|SEV_batch2_c041|SEV_batch2_c010|SEV_batch1_c011|SEV_batch1_c040|SEV_batch3_c038|SEV_batch2_c035|SEV_batch1_c034|SEV_batch2_c007|SEV_batch3_c006|SEV_batch1_c007|SEV_batch3_c007|SEV_batch2_c033,522|507|245|438|502|245|569|938|360|600|490|249|249|507|485|1681|246|541|530|549|569|389|246,801.70|429.92|285.09|437.78|457.19|260.33|558.43|422.08|221.19|477.47|442.65|110.62|130.57|674.16|481.26|578.88|205.50|388.23|292.19|383.04|434.50|547.73|235.26,161.8814,281.2334,26.8236,122.5276,0.3913,0.4348,-104.4023,1
Pure_NN,150,0,66,22,20,36353,1.08,SEV_batch1_c043|SEV_batch1_c019|SEV_batch2_c031|SEV_batch1_c042|SEV_batch2_c021|SEV_batch1_c009|SEV_batch2_c005|SEV_batch2_c038|SEV_batch2_c047|SEV_batch1_c031|SEV_batch1_c022|SEV_batch3_c016|SEV_batch3_c021|SEV_batch1_c029|SEV_batch1_c010|SEV_batch3_c019|SEV_batch2_c012|SEV_batch1_c015|SEV_batch1_c005|SEV_batch1_c020,498|507|252|500|250|887|390|251|259|629|793|568|409|505|506|904|252|517|906|421,593.51|441.10|293.87|522.08|273.85|504.87|265.94|288.74|179.66|341.45|512.48|515.71|399.61|610.24|633.90|548.78|250.75|497.78|624.48|199.36,130.7104,177.7598,22.462,87.4226,0.35,0.55,-85.2918,2
Pure_NN,150,1,66,22,20,36353,1.14,SEV_batch1_c043|SEV_batch1_c019|SEV_batch2_c031|SEV_batch1_c042|SEV_batch2_c021|SEV_batch1_c009|SEV_batch2_c005|SEV_batch2_c038|SEV_batch2_c047|SEV_batch1_c031|SEV_batch1_c022|SEV_batch3_c016|SEV_batch3_c021|SEV_batch1_c029|SEV_batch1_c010|SEV_batch3_c019|SEV_batch2_c012|SEV_batch1_c015|SEV_batch1_c005|SEV_batch1_c020,498|507|252|500|250|887|390|251|259|629|793|568|409|505|506|904|252|517|906|421,669.44|478.09|276.90|539.90|210.38|502.65|291.12|270.03|156.74|409.00|515.09|478.80|416.62|641.66|503.32|624.90|162.21|553.39|618.41|115.66,132.0773,175.767,24.1286,94.3312,0.4,0.55,-88.484,2
Pure_NN,150,2,66,22,20,36353,1.04,SEV_batch1_c043|SEV_batch1_c019|SEV_batch2_c031|SEV_batch1_c042|SEV_batch2_c021|SEV_batch1_c009|SEV_batch2_c005|SEV_batch2_c038|SEV_batch2_c047|SEV_batch1_c031|SEV_batch1_c022|SEV_batch3_c016|SEV_batch3_c021|SEV_batch1_c029|SEV_batch1_c010|SEV_batch3_c019|SEV_batch2_c012|SEV_batch1_c015|SEV_batch1_c005|SEV_batch1_c020,498|507|252|500|250|887|390|251|259|629|793|568|409|505|506|904|252|517|906|421,598.71|447.00|291.48|558.76|264.96|391.39|322.20|308.27|184.21|330.92|494.18|512.97|340.08|619.67|710.62|554.01|260.57|594.99|575.32|304.59,144.6579,196.2865,24.326,76.3898,0.15,0.55,-76.955,2
Pure_NN,150,0,65,22,21,36353,1.61,SEV_batch3_c013|SEV_batch1_c008|SEV_batch3_c026|SEV_batch3_c042|SEV_batch2_c020|SEV_batch2_c013|SEV_batch3_c000|SEV_batch2_c009|SEV_batch3_c004|SEV_batch2_c028|SEV_batch3_c041|SEV_batch3_c001|SEV_batch2_c003|SEV_batch2_c024|SEV_batch2_c011|SEV_batch3_c036|SEV_batch2_c023|SEV_batch2_c043|SEV_batch1_c039|SEV_batch3_c037|SEV_batch2_c025,377|494|673|1341|247|244|819|309|441|248|621|585|248|247|248|863|246|249|504|598|249,602.70|439.28|675.40|623.15|231.18|107.30|672.47|370.17|735.60|288.40|374.58|660.85|170.45|296.28|221.26|687.48|397.91|219.96|507.94|388.23|240.90,130.9515,204.2712,26.4548,75.8469,0.381,0.5714,-44.7385,3
Pure_NN,150,1,65,22,21,36353,1.04,SEV_batch3_c013|SEV_batch1_c008|SEV_batch3_c026|SEV_batch3_c042|SEV_batch2_c020|SEV_batch2_c013|SEV_batch3_c000|SEV_batch2_c009|SEV_batch3_c004|SEV_batch2_c028|SEV_batch3_c041|SEV_batch3_c001|SEV_batch2_c003|SEV_batch2_c024|SEV_batch2_c011|SEV_batch3_c036|SEV_batch2_c023|SEV_batch2_c043|SEV_batch1_c039|SEV_batch3_c037|SEV_batch2_c025,377|494|673|1341|247|244|819|309|441|248|621|585|248|247|248|863|246|249|504|598|249,616.91|361.18|640.01|520.36|221.53|63.52|610.82|266.04|691.39|224.49|297.48|644.80|552.12|323.68|264.84|666.90|326.52|203.77|517.52|266.22|292.59,164.2402,244.6991,34.2167,80.5172,0.381,0.5238,-60.873,3
Pure_NN,150,2,65,22,21,36353,1.06,SEV_batch3_c013|SEV_batch1_c008|SEV_batch3_c026|SEV_batch3_c042|SEV_batch2_c020|SEV_batch2_c013|SEV_batch3_c000|SEV_batch2_c009|SEV_batch3_c004|SEV_batch2_c028|SEV_batch3_c041|SEV_batch3_c001|SEV_batch2_c003|SEV_batch2_c024|SEV_batch2_c011|SEV_batch3_c036|SEV_batch2_c023|SEV_batch2_c043|SEV_batch1_c039|SEV_batch3_c037|SEV_batch2_c025,377|494|673|1341|247|244|819|309|441|248|621|585|248|247|248|863|246|249|504|598|249,593.12|390.83|615.38|574.14|247.19|48.15|561.94|305.58|621.19|90.53|417.66|582.49|174.03|278.53|266.71|586.45|349.93|206.74|561.32|28.08|280.74,159.5107,246.576,31.1975,103.1745,0.3333,0.4762,-98.5845,3
Pure_NN,150,0,66,22,20,36353,0.78,SEV_batch2_c030|SEV_batch3_c020|SEV_batch1_c045|SEV_batch1_c035|SEV_batch3_c029|SEV_batch1_c003|SEV_batch2_c018|SEV_batch1_c024|SEV_batch1_c004|SEV_batch1_c026|SEV_batch3_c025|SEV_batch2_c042|SEV_batch3_c009|SEV_batch3_c045|SEV_batch1_c023|SEV_batch2_c026|SEV_batch2_c039|SEV_batch3_c033|SEV_batch1_c016|SEV_batch3_c015,246|660|506|495|734|876|246|208|877|431|391|245|371|636|891|249|246|352|525|519,312.52|488.70|467.75|471.02|501.09|495.67|116.26|478.12|485.91|402.68|411.03|332.92|562.89|466.98|535.26|229.06|294.10|388.61|484.87|510.66,135.515,184.9407,29.0383,77.2204,0.45,0.55,-63.3951,4
Pure_NN,150,1,66,22,20,36353,1.05,SEV_batch2_c030|SEV_batch3_c020|SEV_batch1_c045|SEV_batch1_c035|SEV_batch3_c029|SEV_batch1_c003|SEV_batch2_c018|SEV_batch1_c024|SEV_batch1_c004|SEV_batch1_c026|SEV_batch3_c025|SEV_batch2_c042|SEV_batch3_c009|SEV_batch3_c045|SEV_batch1_c023|SEV_batch2_c026|SEV_batch2_c039|SEV_batch3_c033|SEV_batch1_c016|SEV_batch3_c015,246|660|506|495|734|876|246|208|877|431|391|245|371|636|891|249|246|352|525|519,306.75|701.83|601.82|474.22|574.30|583.06|137.89|469.73|601.55|412.45|469.31|284.45|630.30|549.93|633.54|185.81|193.72|731.98|608.44|668.35,139.2256,174.8971,33.1281,90.9468,0.2,0.55,5.7713,4
Pure_NN,150,2,66,22,20,36353,1.02,SEV_batch2_c030|SEV_batch3_c020|SEV_batch1_c045|SEV_batch1_c035|SEV_batch3_c029|SEV_batch1_c003|SEV_batch2_c018|SEV_batch1_c024|SEV_batch1_c004|SEV_batch1_c026|SEV_batch3_c025|SEV_batch2_c042|SEV_batch3_c009|SEV_batch3_c045|SEV_batch1_c023|SEV_batch2_c026|SEV_batch2_c039|SEV_batch3_c033|SEV_batch1_c016|SEV_batch3_c015,246|660|506|495|734|876|246|208|877|431|391|245|371|636|891|249|246|352|525|519,315.78|707.44|599.12|487.07|562.34|541.06|134.19|507.52|563.43|454.41|469.89|285.49|655.72|601.19|635.12|190.64|182.49|689.95|476.79|660.44,140.8721,181.409,33.8578,86.0061,0.3,0.55,0.8045,4
Ensemble_NN,150,0,63,23,22,36353,5.02,SEV_batch2_c006|SEV_batch1_c006|SEV_batch2_c019|SEV_batch2_c004|SEV_batch1_c012|SEV_batch3_c008|SEV_batch2_c040|SEV_batch1_c044|SEV_batch1_c013|SEV_batch2_c002|SEV_batch1_c030|SEV_batch3_c018|SEV_batch3_c030|SEV_batch1_c021|SEV_batch1_c000|SEV_batch2_c029|SEV_batch3_c040|SEV_batch2_c044|SEV_batch3_c027|SEV_batch2_c036|SEV_batch3_c012|SEV_batch3_c043,256|518|247|245|504|426|361|500|500|246|432|591|753|462|701|245|237|246|773|249|463|706,343.68|535.67|318.13|184.51|542.03|569.25|295.08|577.83|588.58|201.77|549.36|661.13|627.10|312.56|349.08|310.82|531.50|278.78|559.30|265.93|698.35|632.80,110.9923,141.1724,27.2836,75.5132,0.2273,0.6364,12.3752,0
Ensemble_NN,150,1,63,23,22,36353,6.7,SEV_batch2_c006|SEV_batch1_c006|SEV_batch2_c019|SEV_batch2_c004|SEV_batch1_c012|SEV_batch3_c008|SEV_batch2_c040|SEV_batch1_c044|SEV_batch1_c013|SEV_batch2_c002|SEV_batch1_c030|SEV_batch3_c018|SEV_batch3_c030|SEV_batch1_c021|SEV_batch1_c000|SEV_batch2_c029|SEV_batch3_c040|SEV_batch2_c044|SEV_batch3_c027|SEV_batch2_c036|SEV_batch3_c012|SEV_batch3_c043,256|518|247|245|504|426|361|500|500|246|432|591|753|462|701|245|237|246|773|249|463|706,295.95|599.46|263.32|186.22|577.12|577.70|311.14|586.81|592.56|235.97|551.25|677.92|615.38|292.62|310.78|331.27|547.49|282.19|575.62|241.71|686.51|660.06,112.3198,147.2331,26.4954,86.5361,0.3182,0.6364,15.3659,0
Ensemble_NN,150,2,63,23,22,36353,5.76,SEV_batch2_c006|SEV_batch1_c006|SEV_batch2_c019|SEV_batch2_c004|SEV_batch1_c012|SEV_batch3_c008|SEV_batch2_c040|SEV_batch1_c044|SEV_batch1_c013|SEV_batch2_c002|SEV_batch1_c030|SEV_batch3_c018|SEV_batch3_c030|SEV_batch1_c021|SEV_batch1_c000|SEV_batch2_c029|SEV_batch3_c040|SEV_batch2_c044|SEV_batch3_c027|SEV_batch2_c036|SEV_batch3_c012|SEV_batch3_c043,256|518|247|245|504|426|361|500|500|246|432|591|753|462|701|245|237|246|773|249|463|706,290.03|628.98|240.74|202.57|596.39|566.96|280.46|564.01|591.99|196.92|527.45|658.69|616.34|398.67|301.65|347.60|533.67|291.12|556.14|233.12|670.78|663.48,109.208,143.6331,26.0252,86.2623,0.3182,0.6364,13.4884,0
Ensemble_NN,150,0,63,22,23,36353,4.86,SEV_batch1_c014|SEV_batch1_c017|SEV_batch2_c037|SEV_batch1_c037|SEV_batch1_c027|SEV_batch2_c022|SEV_batch1_c025|SEV_batch3_c039|SEV_batch2_c032|SEV_batch3_c003|SEV_batch1_c036|SEV_batch2_c041|SEV_batch2_c010|SEV_batch1_c011|SEV_batch1_c040|SEV_batch3_c038|SEV_batch2_c035|SEV_batch1_c034|SEV_batch2_c007|SEV_batch3_c006|SEV_batch1_c007|SEV_batch3_c007|SEV_batch2_c033,522|507|245|438|502|245|569|938|360|600|490|249|249|507|485|1681|246|541|530|549|569|389|246,796.23|556.86|315.90|508.63|527.19|240.77|669.74|452.61|245.66|613.93|512.11|174.64|181.79|570.53|551.92|707.04|223.93|460.37|258.83|416.57|470.93|504.89|299.71,141.3691,250.1312,23.1029,70.9016,0.2609,0.6522,-60.7045,1
Ensemble_NN,150,1,63,22,23,36353,4.68,SEV_batch1_c014|SEV_batch1_c017|SEV_batch2_c037|SEV_batch1_c037|SEV_batch1_c027|SEV_batch2_c022|SEV_batch1_c025|SEV_batch3_c039|SEV_batch2_c032|SEV_batch3_c003|SEV_batch1_c036|SEV_batch2_c041|SEV_batch2_c010|SEV_batch1_c011|SEV_batch1_c040|SEV_batch3_c038|SEV_batch2_c035|SEV_batch1_c034|SEV_batch2_c007|SEV_batch3_c006|SEV_batch1_c007|SEV_batch3_c007|SEV_batch2_c033,522|507|245|438|502|245|569|938|360|600|490|249|249|507|485|1681|246|541|530|549|569|389|246,836.75|521.23|320.71|498.10|514.04|256.37|639.82|428.08|244.13|586.06|500.57|168.57|173.77|568.04|516.75|657.50|230.14|455.60|283.07|420.09|480.74|527.74|282.55,140.0839,260.9,22.5465,75.2274,0.3478,0.6957,-67.2428,1
Ensemble_NN,150,2,63,22,23,36353,4.42,SEV_batch1_c014|SEV_batch1_c017|SEV_batch2_c037|SEV_batch1_c037|SEV_batch1_c027|SEV_batch2_c022|SEV_batch1_c025|SEV_batch3_c039|SEV_batch2_c032|SEV_batch3_c003|SEV_batch1_c036|SEV_batch2_c041|SEV_batch2_c010|SEV_batch1_c011|SEV_batch1_c040|SEV_batch3_c038|SEV_batch2_c035|SEV_batch1_c034|SEV_batch2_c007|SEV_batch3_c006|SEV_batch1_c007|SEV_batch3_c007|SEV_batch2_c033,522|507|245|438|502|245|569|938|360|600|490|249|249|507|485|1681|246|541|530|549|569|389|246,815.59|544.17|358.59|507.58|529.53|250.95|635.03|422.96|277.26|586.35|517.39|176.80|162.69|584.46|484.69|646.69|240.33|485.28|228.57|385.52|514.85|593.15|310.46,146.6061,267.1496,24.3082,69.5833,0.3043,0.6957,-60.7883,1
Ensemble_NN,150,0,66,22,20,36353,4.81,SEV_batch1_c043|SEV_batch1_c019|SEV_batch2_c031|SEV_batch1_c042|SEV_batch2_c021|SEV_batch1_c009|SEV_batch2_c005|SEV_batch2_c038|SEV_batch2_c047|SEV_batch1_c031|SEV_batch1_c022|SEV_batch3_c016|SEV_batch3_c021|SEV_batch1_c029|SEV_batch1_c010|SEV_batch3_c019|SEV_batch2_c012|SEV_batch1_c015|SEV_batch1_c005|SEV_batch1_c020,498|507|252|500|250|887|390|251|259|629|793|568|409|505|506|904|252|517|906|421,628.48|455.88|295.98|532.55|251.25|417.88|307.07|304.08|129.82|380.94|523.06|503.03|436.45|618.85|673.61|625.11|208.55|618.31|648.81|256.52,136.5446,177.8552,24.4183,107.5792,0.25,0.45,-69.3885,2
Ensemble_NN,150,1,66,22,20,36353,5.54,SEV_batch1_c043|SEV_batch1_c019|SEV_batch2_c031|SEV_batch1_c042|SEV_batch2_c021|SEV_batch1_c009|SEV_batch2_c005|SEV_batch2_c038|SEV_batch2_c047|SEV_batch1_c031|SEV_batch1_c022|SEV_batch3_c016|SEV_batch3_c021|SEV_batch1_c029|SEV_batch1_c010|SEV_batch3_c019|SEV_batch2_c012|SEV_batch1_c015|SEV_batch1_c005|SEV_batch1_c020,498|507|252|500|250|887|390|251|259|629|793|568|409|505|506|904|252|517|906|421,623.20|451.23|290.93|536.51|249.92|439.15|296.51|304.31|163.54|348.53|509.47|539.07|412.66|616.56|658.02|594.92|230.13|568.17|605.58|252.68,132.881,181.0481,22.7926,94.4743,0.3,0.55,-75.6459,2
Ensemble_NN,150,2,66,22,20,36353,5.45,SEV_batch1_c043|SEV_batch1_c019|SEV_batch2_c031|SEV_batch1_c042|SEV_batch2_c021|SEV_batch1_c009|SEV_batch2_c005|SEV_batch2_c038|SEV_batch2_c047|SEV_batch1_c031|SEV_batch1_c022|SEV_batch3_c016|SEV_batch3_c021|SEV_batch1_c029|SEV_batch1_c010|SEV_batch3_c019|SEV_batch2_c012|SEV_batch1_c015|SEV_batch1_c005|SEV_batch1_c020,498|507|252|500|250|887|390|251|259|629|793|568|409|505|506|904|252|517|906|421,610.33|442.05|290.66|528.67|251.20|448.37|298.38|302.54|176.76|344.39|507.02|524.06|429.71|599.50|585.27|576.61|229.61|533.94|615.35|244.80,127.6215,177.9364,21.6477,80.754,0.35,0.65,-83.2399,2
Ensemble_NN,150,0,65,22,21,36353,6.46,SEV_batch3_c013|SEV_batch1_c008|SEV_batch3_c026|SEV_batch3_c042|SEV_batch2_c020|SEV_batch2_c013|SEV_batch3_c000|SEV_batch2_c009|SEV_batch3_c004|SEV_batch2_c028|SEV_batch3_c041|SEV_batch3_c001|SEV_batch2_c003|SEV_batch2_c024|SEV_batch2_c011|SEV_batch3_c036|SEV_batch2_c023|SEV_batch2_c043|SEV_batch1_c039|SEV_batch3_c037|SEV_batch2_c025,377|494|673|1341|247|244|819|309|441|248|621|585|248|247|248|863|246|249|504|598|249,596.89|375.43|652.00|575.18|229.88|166.06|629.00|349.67|699.53|182.11|372.73|638.66|208.06|309.00|253.71|672.90|333.55|214.50|515.49|186.19|278.99,140.4972,223.632,26.2049,65.8874,0.381,0.619,-67.2133,3
Ensemble_NN,150,1,65,22,21,36353,5.79,SEV_batch3_c013|SEV_batch1_c008|SEV_batch3_c026|SEV_batch3_c042|SEV_batch2_c020|SEV_batch2_c013|SEV_batch3_c000|SEV_batch2_c009|SEV_batch3_c004|SEV_batch2_c028|SEV_batch3_c041|SEV_batch3_c001|SEV_batch2_c003|SEV_batch2_c024|SEV_batch2_c011|SEV_batch3_c036|SEV_batch2_c023|SEV_batch2_c043|SEV_batch1_c039|SEV_batch3_c037|SEV_batch2_c025,377|494|673|1341|247|244|819|309|441|248|621|585|248|247|248|863|246|249|504|598|249,599.29|398.25|646.94|568.04|239.37|135.68|609.34|278.37|678.88|154.53|354.91|617.75|209.61|292.88|263.23|688.99|340.00|198.85|536.81|264.56|283.63,139.1441,219.2538,26.5626,93.4671,0.4286,0.619,-71.0037,3
Ensemble_NN,150,2,65,22,21,36353,5.47,SEV_batch3_c013|SEV_batch1_c008|SEV_batch3_c026|SEV_batch3_c042|SEV_batch2_c020|SEV_batch2_c013|SEV_batch3_c000|SEV_batch2_c009|SEV_batch3_c004|SEV_batch2_c028|SEV_batch3_c041|SEV_batch3_c001|SEV_batch2_c003|SEV_batch2_c024|SEV_batch2_c011|SEV_batch3_c036|SEV_batch2_c023|SEV_batch2_c043|SEV_batch1_c039|SEV_batch3_c037|SEV_batch2_c025,377|494|673|1341|247|244|819|309|441|248|621|585|248|247|248|863|246|249|504|598|249,600.11|360.84|648.57|575.06|236.60|97.83|608.56|310.40|672.82|129.08|372.17|611.58|273.05|313.32|271.55|628.58|355.89|207.11|532.34|203.10|293.40,148.0936,227.2123,28.8988,109.8921,0.4286,0.4762,-73.7647,3
Ensemble_NN,150,0,66,22,20,36353,5.11,SEV_batch2_c030|SEV_batch3_c020|SEV_batch1_c045|SEV_batch1_c035|SEV_batch3_c029|SEV_batch1_c003|SEV_batch2_c018|SEV_batch1_c024|SEV_batch1_c004|SEV_batch1_c026|SEV_batch3_c025|SEV_batch2_c042|SEV_batch3_c009|SEV_batch3_c045|SEV_batch1_c023|SEV_batch2_c026|SEV_batch2_c039|SEV_batch3_c033|SEV_batch1_c016|SEV_batch3_c015,246|660|506|495|734|876|246|208|877|431|391|245|371|636|891|249|246|352|525|519,319.11|704.32|590.83|509.13|590.44|573.88|153.01|515.38|594.97|426.71|513.72|294.34|660.14|573.88|634.23|187.79|194.14|695.35|569.95|667.44,138.9332,177.278,33.8626,88.9143,0.25,0.55,13.2374,4
Ensemble_NN,150,1,66,22,20,36353,4.87,SEV_batch2_c030|SEV_batch3_c020|SEV_batch1_c045|SEV_batch1_c035|SEV_batch3_c029|SEV_batch1_c003|SEV_batch2_c018|SEV_batch1_c024|SEV_batch1_c004|SEV_batch1_c026|SEV_batch3_c025|SEV_batch2_c042|SEV_batch3_c009|SEV_batch3_c045|SEV_batch1_c023|SEV_batch2_c026|SEV_batch2_c039|SEV_batch3_c033|SEV_batch1_c016|SEV_batch3_c015,246|660|506|495|734|876|246|208|877|431|391|245|371|636|891|249|246|352|525|519,320.46|690.20|586.88|510.56|586.05|568.94|132.11|519.43|583.58|433.26|505.56|295.57|651.78|573.53|619.26|179.46|188.51|682.93|548.76|666.90,139.3427,178.5829,34.1732,97.3819,0.2,0.5,6.9866,4
Ensemble_NN,150,2,66,22,20,36353,4.59,SEV_batch2_c030|SEV_batch3_c020|SEV_batch1_c045|SEV_batch1_c035|SEV_batch3_c029|SEV_batch1_c003|SEV_batch2_c018|SEV_batch1_c024|SEV_batch1_c004|SEV_batch1_c026|SEV_batch3_c025|SEV_batch2_c042|SEV_batch3_c009|SEV_batch3_c045|SEV_batch1_c023|SEV_batch2_c026|SEV_batch2_c039|SEV_batch3_c033|SEV_batch1_c016|SEV_batch3_c015,246|660|506|495|734|876|246|208|877|431|391|245|371|636|891|249|246|352|525|519,329.60|624.27|523.11|525.26|557.88|536.25|148.37|536.11|548.78|472.41|501.75|310.00|610.63|568.51|597.49|197.89|196.99|597.12|502.31|629.04,136.6146,176.761,32.7374,90.6146,0.3,0.55,-9.5115,4
Neural_ODE,150,0,63,23,22,36353,2.2,SEV_batch2_c006|SEV_batch1_c006|SEV_batch2_c019|SEV_batch2_c004|SEV_batch1_c012|SEV_batch3_c008|SEV_batch2_c040|SEV_batch1_c044|SEV_batch1_c013|SEV_batch2_c002|SEV_batch1_c030|SEV_batch3_c018|SEV_batch3_c030|SEV_batch1_c021|SEV_batch1_c000|SEV_batch2_c029|SEV_batch3_c040|SEV_batch2_c044|SEV_batch3_c027|SEV_batch2_c036|SEV_batch3_c012|SEV_batch3_c043,256|518|247|245|504|426|361|500|500|246|432|591|753|462|701|245|237|246|773|249|463|706,252.95|697.65|268.27|241.47|674.46|546.02|300.40|661.02|625.30|230.16|478.31|713.04|612.59|542.93|318.10|338.55|513.85|337.84|534.12|262.98|675.90|733.20,117.661,152.0816,26.7843,106.7855,0.3182,0.5,40.8232,0
Neural_ODE,150,1,63,23,22,36353,1.94,SEV_batch2_c006|SEV_batch1_c006|SEV_batch2_c019|SEV_batch2_c004|SEV_batch1_c012|SEV_batch3_c008|SEV_batch2_c040|SEV_batch1_c044|SEV_batch1_c013|SEV_batch2_c002|SEV_batch1_c030|SEV_batch3_c018|SEV_batch3_c030|SEV_batch1_c021|SEV_batch1_c000|SEV_batch2_c029|SEV_batch3_c040|SEV_batch2_c044|SEV_batch3_c027|SEV_batch2_c036|SEV_batch3_c012|SEV_batch3_c043,256|518|247|245|504|426|361|500|500|246|432|591|753|462|701|245|237|246|773|249|463|706,233.98|748.27|293.10|179.19|544.67|543.67|347.02|626.64|584.56|231.77|522.12|786.63|586.88|534.45|277.98|321.55|500.49|295.85|557.47|260.72|666.39|611.49,119.2875,155.4902,26.855,87.3423,0.3182,0.5909,26.9946,0
Neural_ODE,150,2,63,23,22,36353,2.59,SEV_batch2_c006|SEV_batch1_c006|SEV_batch2_c019|SEV_batch2_c004|SEV_batch1_c012|SEV_batch3_c008|SEV_batch2_c040|SEV_batch1_c044|SEV_batch1_c013|SEV_batch2_c002|SEV_batch1_c030|SEV_batch3_c018|SEV_batch3_c030|SEV_batch1_c021|SEV_batch1_c000|SEV_batch2_c029|SEV_batch3_c040|SEV_batch2_c044|SEV_batch3_c027|SEV_batch2_c036|SEV_batch3_c012|SEV_batch3_c043,256|518|247|245|504|426|361|500|500|246|432|591|753|462|701|245|237|246|773|249|463|706,268.24|628.11|235.62|239.60|649.40|531.62|264.44|600.31|585.27|218.36|477.97|686.90|603.09|507.48|278.07|312.90|492.82|351.08|507.96|257.75|670.76|741.31,109.3539,148.124,24.7543,96.2302,0.3636,0.5455,20.3665,0
Neural_ODE,150,0,63,22,23,36353,1.83,SEV_batch1_c014|SEV_batch1_c017|SEV_batch2_c037|SEV_batch1_c037|SEV_batch1_c027|SEV_batch2_c022|SEV_batch1_c025|SEV_batch3_c039|SEV_batch2_c032|SEV_batch3_c003|SEV_batch1_c036|SEV_batch2_c041|SEV_batch2_c010|SEV_batch1_c011|SEV_batch1_c040|SEV_batch3_c038|SEV_batch2_c035|SEV_batch1_c034|SEV_batch2_c007|SEV_batch3_c006|SEV_batch1_c007|SEV_batch3_c007|SEV_batch2_c033,522|507|245|438|502|245|569|938|360|600|490|249|249|507|485|1681|246|541|530|549|569|389|246,494.13|529.23|229.16|426.45|437.30|202.54|589.19|466.65|212.39|607.31|439.09|203.14|169.02|844.94|488.37|621.89|246.97|396.46|202.74|300.64|496.25|544.97|280.06,147.488,273.428,23.3557,50.9093,0.4783,0.6522,-96.8749,1
Neural_ODE,150,1,63,22,23,36353,2.04,SEV_batch1_c014|SEV_batch1_c017|SEV_batch2_c037|SEV_batch1_c037|SEV_batch1_c027|SEV_batch2_c022|SEV_batch1_c025|SEV_batch3_c039|SEV_batch2_c032|SEV_batch3_c003|SEV_batch1_c036|SEV_batch2_c041|SEV_batch2_c010|SEV_batch1_c011|SEV_batch1_c040|SEV_batch3_c038|SEV_batch2_c035|SEV_batch1_c034|SEV_batch2_c007|SEV_batch3_c006|SEV_batch1_c007|SEV_batch3_c007|SEV_batch2_c033,522|507|245|438|502|245|569|938|360|600|490|249|249|507|485|1681|246|541|530|549|569|389|246,602.87|584.39|267.76|415.24|433.41|224.37|591.32|427.36|275.28|566.43|419.39|215.38|167.78|477.41|473.97|651.22|224.58|397.68|406.02|348.72|453.62|471.17|289.23,127.386,252.0192,19.0768,70.6132,0.4348,0.7391,-98.8,1
Neural_ODE,150,2,63,22,23,36353,1.84,SEV_batch1_c014|SEV_batch1_c017|SEV_batch2_c037|SEV_batch1_c037|SEV_batch1_c027|SEV_batch2_c022|SEV_batch1_c025|SEV_batch3_c039|SEV_batch2_c032|SEV_batch3_c003|SEV_batch1_c036|SEV_batch2_c041|SEV_batch2_c010|SEV_batch1_c011|SEV_batch1_c040|SEV_batch3_c038|SEV_batch2_c035|SEV_batch1_c034|SEV_batch2_c007|SEV_batch3_c006|SEV_batch1_c007|SEV_batch3_c007|SEV_batch2_c033,522|507|245|438|502|245|569|938|360|600|490|249|249|507|485|1681|246|541|530|549|569|389|246,524.83|642.35|248.26|438.83|469.62|208.52|628.73|475.05|280.17|593.00|462.94|246.87|134.34|805.78|501.22|638.57|269.42|466.76|292.37|510.32|517.76|712.65|347.79,137.9379,265.1384,22.5528,51.2416,0.4783,0.6522,-53.9501,1
Neural_ODE,150,0,66,22,20,36353,1.98,SEV_batch1_c043|SEV_batch1_c019|SEV_batch2_c031|SEV_batch1_c042|SEV_batch2_c021|SEV_batch1_c009|SEV_batch2_c005|SEV_batch2_c038|SEV_batch2_c047|SEV_batch1_c031|SEV_batch1_c022|SEV_batch3_c016|SEV_batch3_c021|SEV_batch1_c029|SEV_batch1_c010|SEV_batch3_c019|SEV_batch2_c012|SEV_batch1_c015|SEV_batch1_c005|SEV_batch1_c020,498|507|252|500|250|887|390|251|259|629|793|568|409|505|506|904|252|517|906|421,587.57|396.79|276.04|484.64|262.91|516.58|242.99|272.63|186.24|348.35|462.47|483.19|413.81|580.55|669.99|583.32|172.56|452.43|578.82|268.62,137.4257,181.2668,23.7619,87.1922,0.25,0.55,-98.1737,2
Neural_ODE,150,1,66,22,20,36353,2.01,SEV_batch1_c043|SEV_batch1_c019|SEV_batch2_c031|SEV_batch1_c042|SEV_batch2_c021|SEV_batch1_c009|SEV_batch2_c005|SEV_batch2_c038|SEV_batch2_c047|SEV_batch1_c031|SEV_batch1_c022|SEV_batch3_c016|SEV_batch3_c021|SEV_batch1_c029|SEV_batch1_c010|SEV_batch3_c019|SEV_batch2_c012|SEV_batch1_c015|SEV_batch1_c005|SEV_batch1_c020,498|507|252|500|250|887|390|251|259|629|793|568|409|505|506|904|252|517|906|421,638.92|417.71|255.54|503.68|208.15|542.96|282.72|272.69|174.32|339.06|443.64|461.40|426.26|605.79|445.09|566.67|152.50|529.62|691.87|249.99,129.8222,172.8758,23.0528,100.1455,0.3,0.5,-99.771,2
Neural_ODE,150,2,66,22,20,36353,1.95,SEV_batch1_c043|SEV_batch1_c019|SEV_batch2_c031|SEV_batch1_c042|SEV_batch2_c021|SEV_batch1_c009|SEV_batch2_c005|SEV_batch2_c038|SEV_batch2_c047|SEV_batch1_c031|SEV_batch1_c022|SEV_batch3_c016|SEV_batch3_c021|SEV_batch1_c029|SEV_batch1_c010|SEV_batch3_c019|SEV_batch2_c012|SEV_batch1_c015|SEV_batch1_c005|SEV_batch1_c020,498|507|252|500|250|887|390|251|259|629|793|568|409|505|506|904|252|517|906|421,584.17|445.31|314.62|522.41|264.54|520.23|291.16|329.86|225.77|340.53|476.51|507.58|369.31|607.42|701.52|516.93|174.88|650.16|661.63|325.10,138.2862,179.8899,24.4758,91.0314,0.2,0.6,-68.7173,2
Neural_ODE,150,0,65,22,21,36353,1.85,SEV_batch3_c013|SEV_batch1_c008|SEV_batch3_c026|SEV_batch3_c042|SEV_batch2_c020|SEV_batch2_c013|SEV_batch3_c000|SEV_batch2_c009|SEV_batch3_c004|SEV_batch2_c028|SEV_batch3_c041|SEV_batch3_c001|SEV_batch2_c003|SEV_batch2_c024|SEV_batch2_c011|SEV_batch3_c036|SEV_batch2_c023|SEV_batch2_c043|SEV_batch1_c039|SEV_batch3_c037|SEV_batch2_c025,377|494|673|1341|247|244|819|309|441|248|621|585|248|247|248|863|246|249|504|598|249,567.26|450.62|636.58|547.87|321.08|-0.77|576.51|143.26|617.17|188.57|340.74|523.06|220.90|266.85|249.52|498.72|321.22|211.22|511.64|208.64|233.91,157.4254,242.0055,30.3437,74.0836,0.381,0.5714,-105.5443,3
Neural_ODE,150,1,65,22,21,36353,1.67,SEV_batch3_c013|SEV_batch1_c008|SEV_batch3_c026|SEV_batch3_c042|SEV_batch2_c020|SEV_batch2_c013|SEV_batch3_c000|SEV_batch2_c009|SEV_batch3_c004|SEV_batch2_c028|SEV_batch3_c041|SEV_batch3_c001|SEV_batch2_c003|SEV_batch2_c024|SEV_batch2_c011|SEV_batch3_c036|SEV_batch2_c023|SEV_batch2_c043|SEV_batch1_c039|SEV_batch3_c037|SEV_batch2_c025,377|494|673|1341|247|244|819|309|441|248|621|585|248|247|248|863|246|249|504|598|249,555.57|360.59|604.73|354.09|271.14|1.55|547.09|114.14|723.61|225.31|185.53|504.28|372.56|243.80|176.99|741.95|174.18|198.85|467.04|434.08|196.46,172.248,271.6813,34.2869,121.0455,0.1905,0.4762,-114.1645,3
Neural_ODE,150,2,65,22,21,36353,2.11,SEV_batch3_c013|SEV_batch1_c008|SEV_batch3_c026|SEV_batch3_c042|SEV_batch2_c020|SEV_batch2_c013|SEV_batch3_c000|SEV_batch2_c009|SEV_batch3_c004|SEV_batch2_c028|SEV_batch3_c041|SEV_batch3_c001|SEV_batch2_c003|SEV_batch2_c024|SEV_batch2_c011|SEV_batch3_c036|SEV_batch2_c023|SEV_batch2_c043|SEV_batch1_c039|SEV_batch3_c037|SEV_batch2_c025,377|494|673|1341|247|244|819|309|441|248|621|585|248|247|248|863|246|249|504|598|249,595.83|470.49|673.35|650.64|273.51|104.40|688.18|254.80|802.66|295.97|486.62|678.94|152.64|310.61|271.19|755.81|357.19|232.95|552.33|402.69|294.97,125.159,195.868,26.3419,93.9371,0.381,0.5714,-25.9639,3
Neural_ODE,150,0,66,22,20,36353,1.99,SEV_batch2_c030|SEV_batch3_c020|SEV_batch1_c045|SEV_batch1_c035|SEV_batch3_c029|SEV_batch1_c003|SEV_batch2_c018|SEV_batch1_c024|SEV_batch1_c004|SEV_batch1_c026|SEV_batch3_c025|SEV_batch2_c042|SEV_batch3_c009|SEV_batch3_c045|SEV_batch1_c023|SEV_batch2_c026|SEV_batch2_c039|SEV_batch3_c033|SEV_batch1_c016|SEV_batch3_c015,246|660|506|495|734|876|246|208|877|431|391|245|371|636|891|249|246|352|525|519,284.12|665.22|586.77|540.43|592.42|539.45|200.98|544.01|567.15|443.33|560.26|288.52|739.23|693.55|623.62|233.80|209.43|692.38|517.92|638.11,138.7573,190.6646,32.9248,69.1601,0.45,0.55,22.8352,4
Neural_ODE,150,1,66,22,20,36353,1.99,SEV_batch2_c030|SEV_batch3_c020|SEV_batch1_c045|SEV_batch1_c035|SEV_batch3_c029|SEV_batch1_c003|SEV_batch2_c018|SEV_batch1_c024|SEV_batch1_c004|SEV_batch1_c026|SEV_batch3_c025|SEV_batch2_c042|SEV_batch3_c009|SEV_batch3_c045|SEV_batch1_c023|SEV_batch2_c026|SEV_batch2_c039|SEV_batch3_c033|SEV_batch1_c016|SEV_batch3_c015,246|660|506|495|734|876|246|208|877|431|391|245|371|636|891|249|246|352|525|519,261.75|617.53|549.13|451.13|492.30|531.89|168.65|454.38|568.87|412.10|450.02|270.64|613.62|562.88|572.90|192.30|181.16|694.07|550.96|596.43,133.3642,179.6236,29.8087,68.9807,0.35,0.65,-25.5656,4
Neural_ODE,150,2,66,22,20,36353,1.92,SEV_batch2_c030|SEV_batch3_c020|SEV_batch1_c045|SEV_batch1_c035|SEV_batch3_c029|SEV_batch1_c003|SEV_batch2_c018|SEV_batch1_c024|SEV_batch1_c004|SEV_batch1_c026|SEV_batch3_c025|SEV_batch2_c042|SEV_batch3_c009|SEV_batch3_c045|SEV_batch1_c023|SEV_batch2_c026|SEV_batch2_c039|SEV_batch3_c033|SEV_batch1_c016|SEV_batch3_c015,246|660|506|495|734|876|246|208|877|431|391|245|371|636|891|249|246|352|525|519,322.58|629.26|546.33|498.47|625.36|626.43|173.62|509.15|616.46|433.27|559.13|294.52|696.38|597.05|575.17|213.64|147.53|653.04|589.85|632.15,132.8164,173.6066,32.929,87.524,0.35,0.55,11.769,4
LSTM,150,0,63,23,22,331393,158.16,SEV_batch2_c006|SEV_batch1_c006|SEV_batch2_c019|SEV_batch2_c004|SEV_batch1_c012|SEV_batch3_c008|SEV_batch2_c040|SEV_batch1_c044|SEV_batch1_c013|SEV_batch2_c002|SEV_batch1_c030|SEV_batch3_c018|SEV_batch3_c030|SEV_batch1_c021|SEV_batch1_c000|SEV_batch2_c029|SEV_batch3_c040|SEV_batch2_c044|SEV_batch3_c027|SEV_batch2_c036|SEV_batch3_c012|SEV_batch3_c043,256|518|247|245|504|426|361|500|500|246|432|591|753|462|701|245|237|246|773|249|463|706,195.52|195.52|195.52|195.52|195.52|195.52|195.52|195.52|195.52|195.52|195.52|195.52|195.52|195.52|195.52|195.52|195.52|195.52|195.52|195.52|195.52|195.52,243.6182,301.6038,47.2886,251.4819,0.1364,0.3636,-243.6182,0
LSTM,150,1,63,23,22,331393,158.0,SEV_batch2_c006|SEV_batch1_c006|SEV_batch2_c019|SEV_batch2_c004|SEV_batch1_c012|SEV_batch3_c008|SEV_batch2_c040|SEV_batch1_c044|SEV_batch1_c013|SEV_batch2_c002|SEV_batch1_c030|SEV_batch3_c018|SEV_batch3_c030|SEV_batch1_c021|SEV_batch1_c000|SEV_batch2_c029|SEV_batch3_c040|SEV_batch2_c044|SEV_batch3_c027|SEV_batch2_c036|SEV_batch3_c012|SEV_batch3_c043,256|518|247|245|504|426|361|500|500|246|432|591|753|462|701|245|237|246|773|249|463|706,199.89|199.89|199.89|199.89|199.89|199.89|199.89|199.89|199.89|199.89|199.89|199.89|199.89|199.89|199.89|199.89|199.89|199.89|199.89|199.89|199.89|199.89,239.2509,298.0873,46.1112,247.1145,0.3182,0.3636,-239.2509,0
LSTM,150,2,63,23,22,331393,157.99,SEV_batch2_c006|SEV_batch1_c006|SEV_batch2_c019|SEV_batch2_c004|SEV_batch1_c012|SEV_batch3_c008|SEV_batch2_c040|SEV_batch1_c044|SEV_batch1_c013|SEV_batch2_c002|SEV_batch1_c030|SEV_batch3_c018|SEV_batch3_c030|SEV_batch1_c021|SEV_batch1_c000|SEV_batch2_c029|SEV_batch3_c040|SEV_batch2_c044|SEV_batch3_c027|SEV_batch2_c036|SEV_batch3_c012|SEV_batch3_c043,256|518|247|245|504|426|361|500|500|246|432|591|753|462|701|245|237|246|773|249|463|706,198.17|198.17|198.17|198.17|198.17|198.17|198.17|198.17|198.17|198.17|198.17|198.17|198.17|198.17|198.17|198.17|198.17|198.17|198.17|198.17|198.17|198.17,240.9621,299.4625,46.5726,248.8258,0.2727,0.3636,-240.9621,0
LSTM,150,0,63,22,23,331393,158.14,SEV_batch1_c014|SEV_batch1_c017|SEV_batch2_c037|SEV_batch1_c037|SEV_batch1_c027|SEV_batch2_c022|SEV_batch1_c025|SEV_batch3_c039|SEV_batch2_c032|SEV_batch3_c003|SEV_batch1_c036|SEV_batch2_c041|SEV_batch2_c010|SEV_batch1_c011|SEV_batch1_c040|SEV_batch3_c038|SEV_batch2_c035|SEV_batch1_c034|SEV_batch2_c007|SEV_batch3_c006|SEV_batch1_c007|SEV_batch3_c007|SEV_batch2_c033,522|507|245|438|502|245|569|938|360|600|490|249|249|507|485|1681|246|541|530|549|569|389|246,195.52|195.52|195.52|195.52|195.52|195.52|195.52|195.52|195.52|195.52|195.52|195.52|195.52|195.52|195.52|195.52|195.52|195.52|195.52|195.52|195.52|195.52|195.52,311.3079,430.4087,52.1307,306.4819,0.087,0.2609,-311.3079,1
LSTM,150,1,63,22,23,331393,158.16,SEV_batch1_c014|SEV_batch1_c017|SEV_batch2_c037|SEV_batch1_c037|SEV_batch1_c027|SEV_batch2_c022|SEV_batch1_c025|SEV_batch3_c039|SEV_batch2_c032|SEV_batch3_c003|SEV_batch1_c036|SEV_batch2_c041|SEV_batch2_c010|SEV_batch1_c011|SEV_batch1_c040|SEV_batch3_c038|SEV_batch2_c035|SEV_batch1_c034|SEV_batch2_c007|SEV_batch3_c006|SEV_batch1_c007|SEV_batch3_c007|SEV_batch2_c033,522|507|245|438|502|245|569|938|360|600|490|249|249|507|485|1681|246|541|530|549|569|389|246,199.89|199.89|199.89|199.89|199.89|199.89|199.89|199.89|199.89|199.89|199.89|199.89|199.89|199.89|199.89|199.89|199.89|199.89|199.89|199.89|199.89|199.89|199.89,306.9406,427.2605,51.0615,302.1145,0.2609,0.2609,-306.9406,1
LSTM,150,2,63,22,23,331393,158.01,SEV_batch1_c014|SEV_batch1_c017|SEV_batch2_c037|SEV_batch1_c037|SEV_batch1_c027|SEV_batch2_c022|SEV_batch1_c025|SEV_batch3_c039|SEV_batch2_c032|SEV_batch3_c003|SEV_batch1_c036|SEV_batch2_c041|SEV_batch2_c010|SEV_batch1_c011|SEV_batch1_c040|SEV_batch3_c038|SEV_batch2_c035|SEV_batch1_c034|SEV_batch2_c007|SEV_batch3_c006|SEV_batch1_c007|SEV_batch3_c007|SEV_batch2_c033,522|507|245|438|502|245|569|938|360|600|490|249|249|507|485|1681|246|541|530|549|569|389|246,198.17|198.17|198.17|198.17|198.17|198.17|198.17|198.17|198.17|198.17|198.17|198.17|198.17|198.17|198.17|198.17|198.17|198.17|198.17|198.17|198.17|198.17|198.17,308.6518,428.4915,51.4804,303.8258,0.1739,0.2609,-308.6518,1
LSTM,150,0,66,22,20,331393,161.86,SEV_batch1_c043|SEV_batch1_c019|SEV_batch2_c031|SEV_batch1_c042|SEV_batch2_c021|SEV_batch1_c009|SEV_batch2_c005|SEV_batch2_c038|SEV_batch2_c047|SEV_batch1_c031|SEV_batch1_c022|SEV_batch3_c016|SEV_batch3_c021|SEV_batch1_c029|SEV_batch1_c010|SEV_batch3_c019|SEV_batch2_c012|SEV_batch1_c015|SEV_batch1_c005|SEV_batch1_c020,498|507|252|500|250|887|390|251|259|629|793|568|409|505|506|904|252|517|906|421,195.51|195.51|195.51|195.51|195.51|195.51|195.51|195.51|195.51|195.51|195.51|195.51|195.51|195.51|195.51|195.51|195.51|195.51|195.51|195.51,314.6883,380.5288,54.0686,306.9883,0.0,0.25,-314.6883,2
LSTM,150,1,66,22,20,331393,162.14,SEV_batch1_c043|SEV_batch1_c019|SEV_batch2_c031|SEV_batch1_c042|SEV_batch2_c021|SEV_batch1_c009|SEV_batch2_c005|SEV_batch2_c038|SEV_batch2_c047|SEV_batch1_c031|SEV_batch1_c022|SEV_batch3_c016|SEV_batch3_c021|SEV_batch1_c029|SEV_batch1_c010|SEV_batch3_c019|SEV_batch2_c012|SEV_batch1_c015|SEV_batch1_c005|SEV_batch1_c020,498|507|252|500|250|887|390|251|259|629|793|568|409|505|506|904|252|517|906|421,199.89|199.89|199.89|199.89|199.89|199.89|199.89|199.89|199.89|199.89|199.89|199.89|199.89|199.89|199.89|199.89|199.89|199.89|199.89|199.89,310.3146,376.9199,53.041,302.6146,0.0,0.25,-310.3146,2
LSTM,150,2,66,22,20,331393,161.96,SEV_batch1_c043|SEV_batch1_c019|SEV_batch2_c031|SEV_batch1_c042|SEV_batch2_c021|SEV_batch1_c009|SEV_batch2_c005|SEV_batch2_c038|SEV_batch2_c047|SEV_batch1_c031|SEV_batch1_c022|SEV_batch3_c016|SEV_batch3_c021|SEV_batch1_c029|SEV_batch1_c010|SEV_batch3_c019|SEV_batch2_c012|SEV_batch1_c015|SEV_batch1_c005|SEV_batch1_c020,498|507|252|500|250|887|390|251|259|629|793|568|409|505|506|904|252|517|906|421,198.17|198.17|198.17|198.17|198.17|198.17|198.17|198.17|198.17|198.17|198.17|198.17|198.17|198.17|198.17|198.17|198.17|198.17|198.17|198.17,312.0257,378.3299,53.4431,304.3257,0.0,0.25,-312.0257,2
LSTM,150,0,65,22,21,331393,161.43,SEV_batch3_c013|SEV_batch1_c008|SEV_batch3_c026|SEV_batch3_c042|SEV_batch2_c020|SEV_batch2_c013|SEV_batch3_c000|SEV_batch2_c009|SEV_batch3_c004|SEV_batch2_c028|SEV_batch3_c041|SEV_batch3_c001|SEV_batch2_c003|SEV_batch2_c024|SEV_batch2_c011|SEV_batch3_c036|SEV_batch2_c023|SEV_batch2_c043|SEV_batch1_c039|SEV_batch3_c037|SEV_batch2_c025,377|494|673|1341|247|244|819|309|441|248|621|585|248|247|248|863|246|249|504|598|249,196.54|196.54|196.54|196.54|196.54|196.54|196.54|196.54|196.54|196.54|196.54|196.54|196.54|196.54|196.54|196.54|196.54|196.54|196.54|196.54|196.54,272.552,388.6397,45.5692,180.4568,0.0952,0.4286,-272.552,3
LSTM,150,1,65,22,21,331393,161.38,SEV_batch3_c013|SEV_batch1_c008|SEV_batch3_c026|SEV_batch3_c042|SEV_batch2_c020|SEV_batch2_c013|SEV_batch3_c000|SEV_batch2_c009|SEV_batch3_c004|SEV_batch2_c028|SEV_batch3_c041|SEV_batch3_c001|SEV_batch2_c003|SEV_batch2_c024|SEV_batch2_c011|SEV_batch3_c036|SEV_batch2_c023|SEV_batch2_c043|SEV_batch1_c039|SEV_batch3_c037|SEV_batch2_c025,377|494|673|1341|247|244|819|309|441|248|621|585|248|247|248|863|246|249|504|598|249,199.89|199.89|199.89|199.89|199.89|199.89|199.89|199.89|199.89|199.89|199.89|199.89|199.89|199.89|199.89|199.89|199.89|199.89|199.89|199.89|199.89,269.2094,386.3028,44.6435,177.1141,0.4286,0.4286,-269.2094,3
LSTM,150,2,65,22,21,331393,161.57,SEV_batch3_c013|SEV_batch1_c008|SEV_batch3_c026|SEV_batch3_c042|SEV_batch2_c020|SEV_batch2_c013|SEV_batch3_c000|SEV_batch2_c009|SEV_batch3_c004|SEV_batch2_c028|SEV_batch3_c041|SEV_batch3_c001|SEV_batch2_c003|SEV_batch2_c024|SEV_batch2_c011|SEV_batch3_c036|SEV_batch2_c023|SEV_batch2_c043|SEV_batch1_c039|SEV_batch3_c037|SEV_batch2_c025,377|494|673|1341|247|244|819|309|441|248|621|585|248|247|248|863|246|249|504|598|249,198.17|198.17|198.17|198.17|198.17|198.17|198.17|198.17|198.17|198.17|198.17|198.17|198.17|198.17|198.17|198.17|198.17|198.17|198.17|198.17|198.17,270.9206,387.4973,45.1174,178.8253,0.3333,0.4286,-270.9206,3
LSTM,150,0,66,22,20,331393,161.74,SEV_batch2_c030|SEV_batch3_c020|SEV_batch1_c045|SEV_batch1_c035|SEV_batch3_c029|SEV_batch1_c003|SEV_batch2_c018|SEV_batch1_c024|SEV_batch1_c004|SEV_batch1_c026|SEV_batch3_c025|SEV_batch2_c042|SEV_batch3_c009|SEV_batch3_c045|SEV_batch1_c023|SEV_batch2_c026|SEV_batch2_c039|SEV_batch3_c033|SEV_batch1_c016|SEV_batch3_c015,246|660|506|495|734|876|246|208|877|431|391|245|371|636|891|249|246|352|525|519,196.59|196.59|196.59|196.59|196.59|196.59|196.59|196.59|196.59|196.59|196.59|196.59|196.59|196.59|196.59|196.59|196.59|196.59|196.59|196.59,288.6101,364.681,49.6763,266.4101,0.25,0.3,-288.6101,4
LSTM,150,1,66,22,20,331393,162.01,SEV_batch2_c030|SEV_batch3_c020|SEV_batch1_c045|SEV_batch1_c035|SEV_batch3_c029|SEV_batch1_c003|SEV_batch2_c018|SEV_batch1_c024|SEV_batch1_c004|SEV_batch1_c026|SEV_batch3_c025|SEV_batch2_c042|SEV_batch3_c009|SEV_batch3_c045|SEV_batch1_c023|SEV_batch2_c026|SEV_batch2_c039|SEV_batch3_c033|SEV_batch1_c016|SEV_batch3_c015,246|660|506|495|734|876|246|208|877|431|391|245|371|636|891|249|246|352|525|519,199.89|199.89|199.89|199.89|199.89|199.89|199.89|199.89|199.89|199.89|199.89|199.89|199.89|199.89|199.89|199.89|199.89|199.89|199.89|199.89,285.3137,362.0778,48.8325,263.1137,0.3,0.3,-285.3137,4
LSTM,150,2,66,22,20,331393,161.94,SEV_batch2_c030|SEV_batch3_c020|SEV_batch1_c045|SEV_batch1_c035|SEV_batch3_c029|SEV_batch1_c003|SEV_batch2_c018|SEV_batch1_c024|SEV_batch1_c004|SEV_batch1_c026|SEV_batch3_c025|SEV_batch2_c042|SEV_batch3_c009|SEV_batch3_c045|SEV_batch1_c023|SEV_batch2_c026|SEV_batch2_c039|SEV_batch3_c033|SEV_batch1_c016|SEV_batch3_c015,246|660|506|495|734|876|246|208|877|431|391|245|371|636|891|249|246|352|525|519,198.18|198.18|198.18|198.18|198.18|198.18|198.18|198.18|198.18|198.18|198.18|198.18|198.18|198.18|198.18|198.18|198.18|198.18|198.18|198.18,287.0249,363.4278,49.2705,264.8249,0.25,0.3,-287.0249,4
GRU,150,0,63,23,22,248577,146.77,SEV_batch2_c006|SEV_batch1_c006|SEV_batch2_c019|SEV_batch2_c004|SEV_batch1_c012|SEV_batch3_c008|SEV_batch2_c040|SEV_batch1_c044|SEV_batch1_c013|SEV_batch2_c002|SEV_batch1_c030|SEV_batch3_c018|SEV_batch3_c030|SEV_batch1_c021|SEV_batch1_c000|SEV_batch2_c029|SEV_batch3_c040|SEV_batch2_c044|SEV_batch3_c027|SEV_batch2_c036|SEV_batch3_c012|SEV_batch3_c043,256|518|247|245|504|426|361|500|500|246|432|591|753|462|701|245|237|246|773|249|463|706,199.48|199.48|199.48|199.48|199.48|199.48|199.48|199.48|199.48|199.48|199.48|199.48|199.48|199.48|199.48|199.48|199.48|199.48|199.48|199.48|199.48|199.48,239.6564,298.4128,46.2205,247.52,0.3182,0.3636,-239.6564,0
GRU,150,1,63,23,22,248577,150.52,SEV_batch2_c006|SEV_batch1_c006|SEV_batch2_c019|SEV_batch2_c004|SEV_batch1_c012|SEV_batch3_c008|SEV_batch2_c040|SEV_batch1_c044|SEV_batch1_c013|SEV_batch2_c002|SEV_batch1_c030|SEV_batch3_c018|SEV_batch3_c030|SEV_batch1_c021|SEV_batch1_c000|SEV_batch2_c029|SEV_batch3_c040|SEV_batch2_c044|SEV_batch3_c027|SEV_batch2_c036|SEV_batch3_c012|SEV_batch3_c043,256|518|247|245|504|426|361|500|500|246|432|591|753|462|701|245|237|246|773|249|463|706,198.80|198.80|198.80|198.80|198.80|198.80|198.80|198.80|198.80|198.80|198.80|198.80|198.80|198.80|198.80|198.80|198.80|198.80|198.80|198.80|198.80|198.80,240.3397,298.9619,46.4048,248.2034,0.2727,0.3636,-240.3397,0
GRU,150,2,63,23,22,248577,147.03,SEV_batch2_c006|SEV_batch1_c006|SEV_batch2_c019|SEV_batch2_c004|SEV_batch1_c012|SEV_batch3_c008|SEV_batch2_c040|SEV_batch1_c044|SEV_batch1_c013|SEV_batch2_c002|SEV_batch1_c030|SEV_batch3_c018|SEV_batch3_c030|SEV_batch1_c021|SEV_batch1_c000|SEV_batch2_c029|SEV_batch3_c040|SEV_batch2_c044|SEV_batch3_c027|SEV_batch2_c036|SEV_batch3_c012|SEV_batch3_c043,256|518|247|245|504|426|361|500|500|246|432|591|753|462|701|245|237|246|773|249|463|706,200.01|200.01|200.01|200.01|200.01|200.01|200.01|200.01|200.01|200.01|200.01|200.01|200.01|200.01|200.01|200.01|200.01|200.01|200.01|200.01|200.01|200.01,239.1303,297.9904,46.0787,246.9939,0.3182,0.3636,-239.1303,0
GRU,150,0,63,22,23,248577,146.69,SEV_batch1_c014|SEV_batch1_c017|SEV_batch2_c037|SEV_batch1_c037|SEV_batch1_c027|SEV_batch2_c022|SEV_batch1_c025|SEV_batch3_c039|SEV_batch2_c032|SEV_batch3_c003|SEV_batch1_c036|SEV_batch2_c041|SEV_batch2_c010|SEV_batch1_c011|SEV_batch1_c040|SEV_batch3_c038|SEV_batch2_c035|SEV_batch1_c034|SEV_batch2_c007|SEV_batch3_c006|SEV_batch1_c007|SEV_batch3_c007|SEV_batch2_c033,522|507|245|438|502|245|569|938|360|600|490|249|249|507|485|1681|246|541|530|549|569|389|246,199.48|199.48|199.48|199.48|199.48|199.48|199.48|199.48|199.48|199.48|199.48|199.48|199.48|199.48|199.48|199.48|199.48|199.48|199.48|199.48|199.48|199.48|199.48,307.3461,427.5519,51.1608,302.52,0.2609,0.2609,-307.3461,1
GRU,150,1,63,22,23,248577,146.15,SEV_batch1_c014|SEV_batch1_c017|SEV_batch2_c037|SEV_batch1_c037|SEV_batch1_c027|SEV_batch2_c022|SEV_batch1_c025|SEV_batch3_c039|SEV_batch2_c032|SEV_batch3_c003|SEV_batch1_c036|SEV_batch2_c041|SEV_batch2_c010|SEV_batch1_c011|SEV_batch1_c040|SEV_batch3_c038|SEV_batch2_c035|SEV_batch1_c034|SEV_batch2_c007|SEV_batch3_c006|SEV_batch1_c007|SEV_batch3_c007|SEV_batch2_c033,522|507|245|438|502|245|569|938|360|600|490|249|249|507|485|1681|246|541|530|549|569|389|246,198.80|198.80|198.80|198.80|198.80|198.80|198.80|198.80|198.80|198.80|198.80|198.80|198.80|198.80|198.80|198.80|198.80|198.80|198.80|198.80|198.80|198.80|198.80,308.0295,428.0434,51.3281,303.2034,0.1739,0.2609,-308.0295,1
GRU,150,2,63,22,23,248577,146.16,SEV_batch1_c014|SEV_batch1_c017|SEV_batch2_c037|SEV_batch1_c037|SEV_batch1_c027|SEV_batch2_c022|SEV_batch1_c025|SEV_batch3_c039|SEV_batch2_c032|SEV_batch3_c003|SEV_batch1_c036|SEV_batch2_c041|SEV_batch2_c010|SEV_batch1_c011|SEV_batch1_c040|SEV_batch3_c038|SEV_batch2_c035|SEV_batch1_c034|SEV_batch2_c007|SEV_batch3_c006|SEV_batch1_c007|SEV_batch3_c007|SEV_batch2_c033,522|507|245|438|502|245|569|938|360|600|490|249|249|507|485|1681|246|541|530|549|569|389|246,200.01|200.01|200.01|200.01|200.01|200.01|200.01|200.01|200.01|200.01|200.01|200.01|200.01|200.01|200.01|200.01|200.01|200.01|200.01|200.01|200.01|200.01|200.01,306.82,427.1739,51.0319,301.9939,0.2609,0.2609,-306.82,1
GRU,150,0,66,22,20,248577,148.35,SEV_batch1_c043|SEV_batch1_c019|SEV_batch2_c031|SEV_batch1_c042|SEV_batch2_c021|SEV_batch1_c009|SEV_batch2_c005|SEV_batch2_c038|SEV_batch2_c047|SEV_batch1_c031|SEV_batch1_c022|SEV_batch3_c016|SEV_batch3_c021|SEV_batch1_c029|SEV_batch1_c010|SEV_batch3_c019|SEV_batch2_c012|SEV_batch1_c015|SEV_batch1_c005|SEV_batch1_c020,498|507|252|500|250|887|390|251|259|629|793|568|409|505|506|904|252|517|906|421,199.48|199.48|199.48|199.48|199.48|199.48|199.48|199.48|199.48|199.48|199.48|199.48|199.48|199.48|199.48|199.48|199.48|199.48|199.48|199.48,310.7194,377.2533,53.1362,303.0194,0.0,0.25,-310.7194,2
GRU,150,1,66,22,20,248577,147.8,SEV_batch1_c043|SEV_batch1_c019|SEV_batch2_c031|SEV_batch1_c042|SEV_batch2_c021|SEV_batch1_c009|SEV_batch2_c005|SEV_batch2_c038|SEV_batch2_c047|SEV_batch1_c031|SEV_batch1_c022|SEV_batch3_c016|SEV_batch3_c021|SEV_batch1_c029|SEV_batch1_c010|SEV_batch3_c019|SEV_batch2_c012|SEV_batch1_c015|SEV_batch1_c005|SEV_batch1_c020,498|507|252|500|250|887|390|251|259|629|793|568|409|505|506|904|252|517|906|421,198.80|198.80|198.80|198.80|198.80|198.80|198.80|198.80|198.80|198.80|198.80|198.80|198.80|198.80|198.80|198.80|198.80|198.80|198.80|198.80,311.4036,377.8169,53.2969,303.7036,0.0,0.25,-311.4036,2
GRU,150,2,66,22,20,248577,147.84,SEV_batch1_c043|SEV_batch1_c019|SEV_batch2_c031|SEV_batch1_c042|SEV_batch2_c021|SEV_batch1_c009|SEV_batch2_c005|SEV_batch2_c038|SEV_batch2_c047|SEV_batch1_c031|SEV_batch1_c022|SEV_batch3_c016|SEV_batch3_c021|SEV_batch1_c029|SEV_batch1_c010|SEV_batch3_c019|SEV_batch2_c012|SEV_batch1_c015|SEV_batch1_c005|SEV_batch1_c020,498|507|252|500|250|887|390|251|259|629|793|568|409|505|506|904|252|517|906|421,200.01|200.01|200.01|200.01|200.01|200.01|200.01|200.01|200.01|200.01|200.01|200.01|200.01|200.01|200.01|200.01|200.01|200.01|200.01|200.01,310.1939,376.8206,53.0127,302.4939,0.05,0.25,-310.1939,2
GRU,150,0,65,22,21,248577,147.47,SEV_batch3_c013|SEV_batch1_c008|SEV_batch3_c026|SEV_batch3_c042|SEV_batch2_c020|SEV_batch2_c013|SEV_batch3_c000|SEV_batch2_c009|SEV_batch3_c004|SEV_batch2_c028|SEV_batch3_c041|SEV_batch3_c001|SEV_batch2_c003|SEV_batch2_c024|SEV_batch2_c011|SEV_batch3_c036|SEV_batch2_c023|SEV_batch2_c043|SEV_batch1_c039|SEV_batch3_c037|SEV_batch2_c025,377|494|673|1341|247|244|819|309|441|248|621|585|248|247|248|863|246|249|504|598|249,199.48|199.48|199.48|199.48|199.48|199.48|199.48|199.48|199.48|199.48|199.48|199.48|199.48|199.48|199.48|199.48|199.48|199.48|199.48|199.48|199.48,269.6136,386.5846,44.7554,177.5184,0.4286,0.4286,-269.6136,3
GRU,150,1,65,22,21,248577,147.6,SEV_batch3_c013|SEV_batch1_c008|SEV_batch3_c026|SEV_batch3_c042|SEV_batch2_c020|SEV_batch2_c013|SEV_batch3_c000|SEV_batch2_c009|SEV_batch3_c004|SEV_batch2_c028|SEV_batch3_c041|SEV_batch3_c001|SEV_batch2_c003|SEV_batch2_c024|SEV_batch2_c011|SEV_batch3_c036|SEV_batch2_c023|SEV_batch2_c043|SEV_batch1_c039|SEV_batch3_c037|SEV_batch2_c025,377|494|673|1341|247|244|819|309|441|248|621|585|248|247|248|863|246|249|504|598|249,198.80|198.80|198.80|198.80|198.80|198.80|198.80|198.80|198.80|198.80|198.80|198.80|198.80|198.80|198.80|198.80|198.80|198.80|198.80|198.80|198.80,270.2972,387.0617,44.9448,178.202,0.3333,0.4286,-270.2972,3
GRU,150,2,65,22,21,248577,147.44,SEV_batch3_c013|SEV_batch1_c008|SEV_batch3_c026|SEV_batch3_c042|SEV_batch2_c020|SEV_batch2_c013|SEV_batch3_c000|SEV_batch2_c009|SEV_batch3_c004|SEV_batch2_c028|SEV_batch3_c041|SEV_batch3_c001|SEV_batch2_c003|SEV_batch2_c024|SEV_batch2_c011|SEV_batch3_c036|SEV_batch2_c023|SEV_batch2_c043|SEV_batch1_c039|SEV_batch3_c037|SEV_batch2_c025,377|494|673|1341|247|244|819|309|441|248|621|585|248|247|248|863|246|249|504|598|249,200.01|200.01|200.01|200.01|200.01|200.01|200.01|200.01|200.01|200.01|200.01|200.01|200.01|200.01|200.01|200.01|200.01|200.01|200.01|200.01|200.01,269.0889,386.2189,44.6101,176.9937,0.4286,0.4286,-269.0889,3
GRU,150,0,66,22,20,248577,148.06,SEV_batch2_c030|SEV_batch3_c020|SEV_batch1_c045|SEV_batch1_c035|SEV_batch3_c029|SEV_batch1_c003|SEV_batch2_c018|SEV_batch1_c024|SEV_batch1_c004|SEV_batch1_c026|SEV_batch3_c025|SEV_batch2_c042|SEV_batch3_c009|SEV_batch3_c045|SEV_batch1_c023|SEV_batch2_c026|SEV_batch2_c039|SEV_batch3_c033|SEV_batch1_c016|SEV_batch3_c015,246|660|506|495|734|876|246|208|877|431|391|245|371|636|891|249|246|352|525|519,199.46|199.46|199.46|199.46|199.46|199.46|199.46|199.46|199.46|199.46|199.46|199.46|199.46|199.46|199.46|199.46|199.46|199.46|199.46|199.46,285.7408,362.4145,48.9418,263.5408,0.3,0.3,-285.7408,4
GRU,150,1,66,22,20,248577,147.81,SEV_batch2_c030|SEV_batch3_c020|SEV_batch1_c045|SEV_batch1_c035|SEV_batch3_c029|SEV_batch1_c003|SEV_batch2_c018|SEV_batch1_c024|SEV_batch1_c004|SEV_batch1_c026|SEV_batch3_c025|SEV_batch2_c042|SEV_batch3_c009|SEV_batch3_c045|SEV_batch1_c023|SEV_batch2_c026|SEV_batch2_c039|SEV_batch3_c033|SEV_batch1_c016|SEV_batch3_c015,246|660|506|495|734|876|246|208|877|431|391|245|371|636|891|249|246|352|525|519,198.80|198.80|198.80|198.80|198.80|198.80|198.80|198.80|198.80|198.80|198.80|198.80|198.80|198.80|198.80|198.80|198.80|198.80|198.80|198.80,286.4012,362.9354,49.1109,264.2012,0.25,0.3,-286.4012,4
GRU,150,2,66,22,20,248577,147.73,SEV_batch2_c030|SEV_batch3_c020|SEV_batch1_c045|SEV_batch1_c035|SEV_batch3_c029|SEV_batch1_c003|SEV_batch2_c018|SEV_batch1_c024|SEV_batch1_c004|SEV_batch1_c026|SEV_batch3_c025|SEV_batch2_c042|SEV_batch3_c009|SEV_batch3_c045|SEV_batch1_c023|SEV_batch2_c026|SEV_batch2_c039|SEV_batch3_c033|SEV_batch1_c016|SEV_batch3_c015,246|660|506|495|734|876|246|208|877|431|391|245|371|636|891|249|246|352|525|519,200.01|200.01|200.01|200.01|200.01|200.01|200.01|200.01|200.01|200.01|200.01|200.01|200.01|200.01|200.01|200.01|200.01|200.01|200.01|200.01,285.1934,361.9831,48.8017,262.9934,0.3,0.3,-285.1934,4
Transformer,150,0,63,23,22,17185,114.6,SEV_batch2_c006|SEV_batch1_c006|SEV_batch2_c019|SEV_batch2_c004|SEV_batch1_c012|SEV_batch3_c008|SEV_batch2_c040|SEV_batch1_c044|SEV_batch1_c013|SEV_batch2_c002|SEV_batch1_c030|SEV_batch3_c018|SEV_batch3_c030|SEV_batch1_c021|SEV_batch1_c000|SEV_batch2_c029|SEV_batch3_c040|SEV_batch2_c044|SEV_batch3_c027|SEV_batch2_c036|SEV_batch3_c012|SEV_batch3_c043,256|518|247|245|504|426|361|500|500|246|432|591|753|462|701|245|237|246|773|249|463|706,224.54|224.54|224.54|224.54|224.54|224.54|224.54|224.54|224.54|224.54|224.54|224.54|224.54|224.54|224.54|224.54|224.54|224.54|224.54|224.54|224.54|224.54,214.5921,278.684,39.4632,222.4557,0.3636,0.3636,-214.5921,0
Transformer,150,1,63,23,22,17185,114.65,SEV_batch2_c006|SEV_batch1_c006|SEV_batch2_c019|SEV_batch2_c004|SEV_batch1_c012|SEV_batch3_c008|SEV_batch2_c040|SEV_batch1_c044|SEV_batch1_c013|SEV_batch2_c002|SEV_batch1_c030|SEV_batch3_c018|SEV_batch3_c030|SEV_batch1_c021|SEV_batch1_c000|SEV_batch2_c029|SEV_batch3_c040|SEV_batch2_c044|SEV_batch3_c027|SEV_batch2_c036|SEV_batch3_c012|SEV_batch3_c043,256|518|247|245|504|426|361|500|500|246|432|591|753|462|701|245|237|246|773|249|463|706,226.11|226.11|226.11|226.11|226.11|226.11|226.11|226.11|226.11|226.11|226.11|226.11|226.11|226.11|226.11|226.11|226.11|226.11|226.11|226.11|226.11|226.11,213.0237,277.4781,39.0404,220.8874,0.3636,0.3636,-213.0237,0
Transformer,150,2,63,23,22,17185,114.48,SEV_batch2_c006|SEV_batch1_c006|SEV_batch2_c019|SEV_batch2_c004|SEV_batch1_c012|SEV_batch3_c008|SEV_batch2_c040|SEV_batch1_c044|SEV_batch1_c013|SEV_batch2_c002|SEV_batch1_c030|SEV_batch3_c018|SEV_batch3_c030|SEV_batch1_c021|SEV_batch1_c000|SEV_batch2_c029|SEV_batch3_c040|SEV_batch2_c044|SEV_batch3_c027|SEV_batch2_c036|SEV_batch3_c012|SEV_batch3_c043,256|518|247|245|504|426|361|500|500|246|432|591|753|462|701|245|237|246|773|249|463|706,225.49|225.49|225.49|225.49|225.49|225.49|225.49|225.49|225.49|225.49|225.49|225.49|225.49|225.49|225.49|225.49|225.49|225.49|225.49|225.49|225.49|225.49,213.6511,277.9601,39.2096,221.5147,0.3636,0.3636,-213.6511,0
Transformer,150,0,63,22,23,17185,114.1,SEV_batch1_c014|SEV_batch1_c017|SEV_batch2_c037|SEV_batch1_c037|SEV_batch1_c027|SEV_batch2_c022|SEV_batch1_c025|SEV_batch3_c039|SEV_batch2_c032|SEV_batch3_c003|SEV_batch1_c036|SEV_batch2_c041|SEV_batch2_c010|SEV_batch1_c011|SEV_batch1_c040|SEV_batch3_c038|SEV_batch2_c035|SEV_batch1_c034|SEV_batch2_c007|SEV_batch3_c006|SEV_batch1_c007|SEV_batch3_c007|SEV_batch2_c033,522|507|245|438|502|245|569|938|360|600|490|249|249|507|485|1681|246|541|530|549|569|389|246,224.54|224.54|224.54|224.54|224.54|224.54|224.54|224.54|224.54|224.54|224.54|224.54|224.54|224.54|224.54|224.54|224.54|224.54|224.54|224.54|224.54|224.54|224.54,282.2818,409.9049,45.0242,277.4557,0.2609,0.2609,-282.2818,1
Transformer,150,1,63,22,23,17185,114.38,SEV_batch1_c014|SEV_batch1_c017|SEV_batch2_c037|SEV_batch1_c037|SEV_batch1_c027|SEV_batch2_c022|SEV_batch1_c025|SEV_batch3_c039|SEV_batch2_c032|SEV_batch3_c003|SEV_batch1_c036|SEV_batch2_c041|SEV_batch2_c010|SEV_batch1_c011|SEV_batch1_c040|SEV_batch3_c038|SEV_batch2_c035|SEV_batch1_c034|SEV_batch2_c007|SEV_batch3_c006|SEV_batch1_c007|SEV_batch3_c007|SEV_batch2_c033,522|507|245|438|502|245|569|938|360|600|490|249|249|507|485|1681|246|541|530|549|569|389|246,226.11|226.11|226.11|226.11|226.11|226.11|226.11|226.11|226.11|226.11|226.11|226.11|226.11|226.11|226.11|226.11|226.11|226.11|226.11|226.11|226.11|226.11|226.11,280.7134,408.8264,44.6402,275.8873,0.2609,0.2609,-280.7134,1
Transformer,150,2,63,22,23,17185,114.11,SEV_batch1_c014|SEV_batch1_c017|SEV_batch2_c037|SEV_batch1_c037|SEV_batch1_c027|SEV_batch2_c022|SEV_batch1_c025|SEV_batch3_c039|SEV_batch2_c032|SEV_batch3_c003|SEV_batch1_c036|SEV_batch2_c041|SEV_batch2_c010|SEV_batch1_c011|SEV_batch1_c040|SEV_batch3_c038|SEV_batch2_c035|SEV_batch1_c034|SEV_batch2_c007|SEV_batch3_c006|SEV_batch1_c007|SEV_batch3_c007|SEV_batch2_c033,522|507|245|438|502|245|569|938|360|600|490|249|249|507|485|1681|246|541|530|549|569|389|246,225.48|225.49|225.48|225.49|225.49|225.49|225.49|225.49|225.49|225.49|225.49|225.49|225.49|225.48|225.49|225.49|225.49|225.49|225.49|225.49|225.49|225.49|225.49,281.3409,409.2575,44.7938,276.5146,0.2609,0.2609,-281.3409,1
Transformer,150,0,66,22,20,17185,119.08,SEV_batch1_c043|SEV_batch1_c019|SEV_batch2_c031|SEV_batch1_c042|SEV_batch2_c021|SEV_batch1_c009|SEV_batch2_c005|SEV_batch2_c038|SEV_batch2_c047|SEV_batch1_c031|SEV_batch1_c022|SEV_batch3_c016|SEV_batch3_c021|SEV_batch1_c029|SEV_batch1_c010|SEV_batch3_c019|SEV_batch2_c012|SEV_batch1_c015|SEV_batch1_c005|SEV_batch1_c020,498|507|252|500|250|887|390|251|259|629|793|568|409|505|506|904|252|517|906|421,224.54|224.54|224.54|224.54|224.54|224.54|224.54|224.54|224.54|224.54|224.54|224.54|224.54|224.54|224.54|224.54|224.54|224.54|224.54|224.54,285.6556,356.893,47.2479,277.9556,0.25,0.25,-285.6556,2
Transformer,150,1,66,22,20,17185,119.11,SEV_batch1_c043|SEV_batch1_c019|SEV_batch2_c031|SEV_batch1_c042|SEV_batch2_c021|SEV_batch1_c009|SEV_batch2_c005|SEV_batch2_c038|SEV_batch2_c047|SEV_batch1_c031|SEV_batch1_c022|SEV_batch3_c016|SEV_batch3_c021|SEV_batch1_c029|SEV_batch1_c010|SEV_batch3_c019|SEV_batch2_c012|SEV_batch1_c015|SEV_batch1_c005|SEV_batch1_c020,498|507|252|500|250|887|390|251|259|629|793|568|409|505|506|904|252|517|906|421,226.11|226.11|226.11|226.11|226.11|226.11|226.11|226.11|226.11|226.11|226.11|226.11|226.11|226.11|226.11|226.11|226.11|226.11|226.11|226.11,284.0892,355.6405,46.8799,276.3891,0.25,0.25,-284.0892,2
Transformer,150,2,66,22,20,17185,119.07,SEV_batch1_c043|SEV_batch1_c019|SEV_batch2_c031|SEV_batch1_c042|SEV_batch2_c021|SEV_batch1_c009|SEV_batch2_c005|SEV_batch2_c038|SEV_batch2_c047|SEV_batch1_c031|SEV_batch1_c022|SEV_batch3_c016|SEV_batch3_c021|SEV_batch1_c029|SEV_batch1_c010|SEV_batch3_c019|SEV_batch2_c012|SEV_batch1_c015|SEV_batch1_c005|SEV_batch1_c020,498|507|252|500|250|887|390|251|259|629|793|568|409|505|506|904|252|517|906|421,225.49|225.49|225.49|225.49|225.49|225.49|225.49|225.49|225.49|225.49|225.49|225.49|225.49|225.49|225.49|225.49|225.49|225.49|225.49|225.49,284.7145,356.1402,47.0268,277.0145,0.25,0.25,-284.7145,2
Transformer,150,0,65,22,21,17185,115.88,SEV_batch3_c013|SEV_batch1_c008|SEV_batch3_c026|SEV_batch3_c042|SEV_batch2_c020|SEV_batch2_c013|SEV_batch3_c000|SEV_batch2_c009|SEV_batch3_c004|SEV_batch2_c028|SEV_batch3_c041|SEV_batch3_c001|SEV_batch2_c003|SEV_batch2_c024|SEV_batch2_c011|SEV_batch3_c036|SEV_batch2_c023|SEV_batch2_c043|SEV_batch1_c039|SEV_batch3_c037|SEV_batch2_c025,377|494|673|1341|247|244|819|309|441|248|621|585|248|247|248|863|246|249|504|598|249,224.55|224.55|224.55|224.55|224.55|224.55|224.55|224.55|224.55|224.55|224.55|224.55|224.55|224.55|224.55|224.55|224.55|224.55|224.55|224.55|224.55,244.5478,369.54,37.8137,152.4525,0.4286,0.4762,-244.5478,3
Transformer,150,1,65,22,21,17185,115.78,SEV_batch3_c013|SEV_batch1_c008|SEV_batch3_c026|SEV_batch3_c042|SEV_batch2_c020|SEV_batch2_c013|SEV_batch3_c000|SEV_batch2_c009|SEV_batch3_c004|SEV_batch2_c028|SEV_batch3_c041|SEV_batch3_c001|SEV_batch2_c003|SEV_batch2_c024|SEV_batch2_c011|SEV_batch3_c036|SEV_batch2_c023|SEV_batch2_c043|SEV_batch1_c039|SEV_batch3_c037|SEV_batch2_c025,377|494|673|1341|247|244|819|309|441|248|621|585|248|247|248|863|246|249|504|598|249,226.11|226.11|226.11|226.11|226.11|226.11|226.11|226.11|226.11|226.11|226.11|226.11|226.11|226.11|226.11|226.11|226.11|226.11|226.11|226.11|226.11,242.9814,368.5053,37.3799,150.8861,0.4286,0.4762,-242.9814,3
Transformer,150,2,65,22,21,17185,115.75,SEV_batch3_c013|SEV_batch1_c008|SEV_batch3_c026|SEV_batch3_c042|SEV_batch2_c020|SEV_batch2_c013|SEV_batch3_c000|SEV_batch2_c009|SEV_batch3_c004|SEV_batch2_c028|SEV_batch3_c041|SEV_batch3_c001|SEV_batch2_c003|SEV_batch2_c024|SEV_batch2_c011|SEV_batch3_c036|SEV_batch2_c023|SEV_batch2_c043|SEV_batch1_c039|SEV_batch3_c037|SEV_batch2_c025,377|494|673|1341|247|244|819|309|441|248|621|585|248|247|248|863|246|249|504|598|249,225.48|225.48|225.48|225.48|225.48|225.48|225.48|225.48|225.48|225.48|225.48|225.48|225.48|225.48|225.48|225.48|225.48|225.48|225.48|225.48|225.48,243.6113,368.9209,37.5543,151.5159,0.4286,0.4762,-243.6113,3
Transformer,150,0,66,22,20,17185,119.23,SEV_batch2_c030|SEV_batch3_c020|SEV_batch1_c045|SEV_batch1_c035|SEV_batch3_c029|SEV_batch1_c003|SEV_batch2_c018|SEV_batch1_c024|SEV_batch1_c004|SEV_batch1_c026|SEV_batch3_c025|SEV_batch2_c042|SEV_batch3_c009|SEV_batch3_c045|SEV_batch1_c023|SEV_batch2_c026|SEV_batch2_c039|SEV_batch3_c033|SEV_batch1_c016|SEV_batch3_c015,246|660|506|495|734|876|246|208|877|431|391|245|371|636|891|249|246|352|525|519,224.54|224.54|224.54|224.54|224.54|224.54|224.54|224.54|224.54|224.54|224.54|224.54|224.54|224.54|224.54|224.54|224.54|224.54|224.54|224.54,262.311,342.9845,43.3161,238.4566,0.3,0.3,-260.6566,4
Transformer,150,1,66,22,20,17185,119.19,SEV_batch2_c030|SEV_batch3_c020|SEV_batch1_c045|SEV_batch1_c035|SEV_batch3_c029|SEV_batch1_c003|SEV_batch2_c018|SEV_batch1_c024|SEV_batch1_c004|SEV_batch1_c026|SEV_batch3_c025|SEV_batch2_c042|SEV_batch3_c009|SEV_batch3_c045|SEV_batch1_c023|SEV_batch2_c026|SEV_batch2_c039|SEV_batch3_c033|SEV_batch1_c016|SEV_batch3_c015,246|660|506|495|734|876|246|208|877|431|391|245|371|636|891|249|246|352|525|519,226.11|226.11|226.11|226.11|226.11|226.11|226.11|226.11|226.11|226.11|226.11|226.11|226.11|226.11|226.11|226.11|226.11|226.11|226.11|226.11,260.8989,341.7936,42.9899,236.8876,0.3,0.3,-259.0877,4
Transformer,150,2,66,22,20,17185,119.6,SEV_batch2_c030|SEV_batch3_c020|SEV_batch1_c045|SEV_batch1_c035|SEV_batch3_c029|SEV_batch1_c003|SEV_batch2_c018|SEV_batch1_c024|SEV_batch1_c004|SEV_batch1_c026|SEV_batch3_c025|SEV_batch2_c042|SEV_batch3_c009|SEV_batch3_c045|SEV_batch1_c023|SEV_batch2_c026|SEV_batch2_c039|SEV_batch3_c033|SEV_batch1_c016|SEV_batch3_c015,246|660|506|495|734|876|246|208|877|431|391|245|371|636|891|249|246|352|525|519,225.48|225.48|225.48|225.48|225.48|225.48|225.48|225.48|225.48|225.48|225.48|225.48|225.48|225.48|225.48|225.48|225.48|225.48|225.48|225.48,261.4641,342.2699,43.1204,237.5156,0.3,0.3,-259.7157,4
Informer,150,0,63,23,22,17185,96.21,SEV_batch2_c006|SEV_batch1_c006|SEV_batch2_c019|SEV_batch2_c004|SEV_batch1_c012|SEV_batch3_c008|SEV_batch2_c040|SEV_batch1_c044|SEV_batch1_c013|SEV_batch2_c002|SEV_batch1_c030|SEV_batch3_c018|SEV_batch3_c030|SEV_batch1_c021|SEV_batch1_c000|SEV_batch2_c029|SEV_batch3_c040|SEV_batch2_c044|SEV_batch3_c027|SEV_batch2_c036|SEV_batch3_c012|SEV_batch3_c043,256|518|247|245|504|426|361|500|500|246|432|591|753|462|701|245|237|246|773|249|463|706,224.90|224.90|224.90|224.90|224.90|224.90|224.90|224.90|224.90|224.90|224.90|224.90|224.90|224.90|224.90|224.90|224.90|224.90|224.90|224.90|224.90|224.90,214.2329,278.4076,39.3664,222.0966,0.3636,0.3636,-214.2329,0
Informer,150,1,63,23,22,17185,96.18,SEV_batch2_c006|SEV_batch1_c006|SEV_batch2_c019|SEV_batch2_c004|SEV_batch1_c012|SEV_batch3_c008|SEV_batch2_c040|SEV_batch1_c044|SEV_batch1_c013|SEV_batch2_c002|SEV_batch1_c030|SEV_batch3_c018|SEV_batch3_c030|SEV_batch1_c021|SEV_batch1_c000|SEV_batch2_c029|SEV_batch3_c040|SEV_batch2_c044|SEV_batch3_c027|SEV_batch2_c036|SEV_batch3_c012|SEV_batch3_c043,256|518|247|245|504|426|361|500|500|246|432|591|753|462|701|245|237|246|773|249|463|706,227.48|227.48|227.48|227.48|227.48|227.48|227.48|227.48|227.48|227.48|227.48|227.48|227.48|227.48|227.48|227.48|227.48|227.48|227.48|227.48|227.48|227.48,211.6569,276.4302,38.6719,219.5205,0.3636,0.3636,-211.6569,0
Informer,150,2,63,23,22,17185,96.24,SEV_batch2_c006|SEV_batch1_c006|SEV_batch2_c019|SEV_batch2_c004|SEV_batch1_c012|SEV_batch3_c008|SEV_batch2_c040|SEV_batch1_c044|SEV_batch1_c013|SEV_batch2_c002|SEV_batch1_c030|SEV_batch3_c018|SEV_batch3_c030|SEV_batch1_c021|SEV_batch1_c000|SEV_batch2_c029|SEV_batch3_c040|SEV_batch2_c044|SEV_batch3_c027|SEV_batch2_c036|SEV_batch3_c012|SEV_batch3_c043,256|518|247|245|504|426|361|500|500|246|432|591|753|462|701|245|237|246|773|249|463|706,226.17|226.17|226.17|226.17|226.17|226.17|226.17|226.17|226.17|226.17|226.17|226.17|226.17|226.17|226.17|226.17|226.17|226.17|226.17|226.17|226.17|226.17,212.9687,277.4359,39.0256,220.8324,0.3636,0.3636,-212.9687,0
Informer,150,0,63,22,23,17185,95.88,SEV_batch1_c014|SEV_batch1_c017|SEV_batch2_c037|SEV_batch1_c037|SEV_batch1_c027|SEV_batch2_c022|SEV_batch1_c025|SEV_batch3_c039|SEV_batch2_c032|SEV_batch3_c003|SEV_batch1_c036|SEV_batch2_c041|SEV_batch2_c010|SEV_batch1_c011|SEV_batch1_c040|SEV_batch3_c038|SEV_batch2_c035|SEV_batch1_c034|SEV_batch2_c007|SEV_batch3_c006|SEV_batch1_c007|SEV_batch3_c007|SEV_batch2_c033,522|507|245|438|502|245|569|938|360|600|490|249|249|507|485|1681|246|541|530|549|569|389|246,224.90|224.90|224.90|224.90|224.90|224.90|224.90|224.90|224.90|224.90|224.90|224.90|224.90|224.90|224.90|224.90|224.90|224.90|224.90|224.90|224.90|224.90|224.90,281.9227,409.6577,44.9363,277.0966,0.2609,0.2609,-281.9227,1
Informer,150,1,63,22,23,17185,96.01,SEV_batch1_c014|SEV_batch1_c017|SEV_batch2_c037|SEV_batch1_c037|SEV_batch1_c027|SEV_batch2_c022|SEV_batch1_c025|SEV_batch3_c039|SEV_batch2_c032|SEV_batch3_c003|SEV_batch1_c036|SEV_batch2_c041|SEV_batch2_c010|SEV_batch1_c011|SEV_batch1_c040|SEV_batch3_c038|SEV_batch2_c035|SEV_batch1_c034|SEV_batch2_c007|SEV_batch3_c006|SEV_batch1_c007|SEV_batch3_c007|SEV_batch2_c033,522|507|245|438|502|245|569|938|360|600|490|249|249|507|485|1681|246|541|530|549|569|389|246,227.48|227.48|227.48|227.48|227.48|227.48|227.48|227.48|227.48|227.48|227.48|227.48|227.48|227.48|227.48|227.48|227.48|227.48|227.48|227.48|227.48|227.48|227.48,279.3466,407.8891,44.3056,274.5205,0.2609,0.2609,-279.3466,1
Informer,150,2,63,22,23,17185,96.21,SEV_batch1_c014|SEV_batch1_c017|SEV_batch2_c037|SEV_batch1_c037|SEV_batch1_c027|SEV_batch2_c022|SEV_batch1_c025|SEV_batch3_c039|SEV_batch2_c032|SEV_batch3_c003|SEV_batch1_c036|SEV_batch2_c041|SEV_batch2_c010|SEV_batch1_c011|SEV_batch1_c040|SEV_batch3_c038|SEV_batch2_c035|SEV_batch1_c034|SEV_batch2_c007|SEV_batch3_c006|SEV_batch1_c007|SEV_batch3_c007|SEV_batch2_c033,522|507|245|438|502|245|569|938|360|600|490|249|249|507|485|1681|246|541|530|549|569|389|246,226.17|226.17|226.17|226.17|226.17|226.17|226.17|226.17|226.17|226.17|226.17|226.17|226.17|226.17|226.17|226.17|226.17|226.17|226.17|226.17|226.17|226.17|226.17,280.6584,408.7887,44.6267,275.8324,0.2609,0.2609,-280.6584,1
Informer,150,0,66,22,20,17185,98.72,SEV_batch1_c043|SEV_batch1_c019|SEV_batch2_c031|SEV_batch1_c042|SEV_batch2_c021|SEV_batch1_c009|SEV_batch2_c005|SEV_batch2_c038|SEV_batch2_c047|SEV_batch1_c031|SEV_batch1_c022|SEV_batch3_c016|SEV_batch3_c021|SEV_batch1_c029|SEV_batch1_c010|SEV_batch3_c019|SEV_batch2_c012|SEV_batch1_c015|SEV_batch1_c005|SEV_batch1_c020,498|507|252|500|250|887|390|251|259|629|793|568|409|505|506|904|252|517|906|421,224.90|224.90|224.90|224.90|224.90|224.90|224.90|224.90|224.90|224.90|224.90|224.90|224.90|224.90|224.90|224.90|224.90|224.90|224.90|224.90,285.2966,356.6056,47.1636,277.5965,0.25,0.25,-285.2966,2
Informer,150,1,66,22,20,17185,98.86,SEV_batch1_c043|SEV_batch1_c019|SEV_batch2_c031|SEV_batch1_c042|SEV_batch2_c021|SEV_batch1_c009|SEV_batch2_c005|SEV_batch2_c038|SEV_batch2_c047|SEV_batch1_c031|SEV_batch1_c022|SEV_batch3_c016|SEV_batch3_c021|SEV_batch1_c029|SEV_batch1_c010|SEV_batch3_c019|SEV_batch2_c012|SEV_batch1_c015|SEV_batch1_c005|SEV_batch1_c020,498|507|252|500|250|887|390|251|259|629|793|568|409|505|506|904|252|517|906|421,227.48|227.48|227.48|227.48|227.48|227.48|227.48|227.48|227.48|227.48|227.48|227.48|227.48|227.48|227.48|227.48|227.48|227.48|227.48|227.48,282.7201,354.5478,46.5583,275.0201,0.25,0.25,-282.7201,2
Informer,150,2,66,22,20,17185,98.86,SEV_batch1_c043|SEV_batch1_c019|SEV_batch2_c031|SEV_batch1_c042|SEV_batch2_c021|SEV_batch1_c009|SEV_batch2_c005|SEV_batch2_c038|SEV_batch2_c047|SEV_batch1_c031|SEV_batch1_c022|SEV_batch3_c016|SEV_batch3_c021|SEV_batch1_c029|SEV_batch1_c010|SEV_batch3_c019|SEV_batch2_c012|SEV_batch1_c015|SEV_batch1_c005|SEV_batch1_c020,498|507|252|500|250|887|390|251|259|629|793|568|409|505|506|904|252|517|906|421,226.17|226.17|226.17|226.17|226.17|226.17|226.17|226.17|226.17|226.17|226.17|226.17|226.17|226.17|226.17|226.17|226.17|226.17|226.17|226.17,284.0325,355.5952,46.8666,276.3325,0.25,0.25,-284.0325,2
Informer,150,0,65,22,21,17185,97.76,SEV_batch3_c013|SEV_batch1_c008|SEV_batch3_c026|SEV_batch3_c042|SEV_batch2_c020|SEV_batch2_c013|SEV_batch3_c000|SEV_batch2_c009|SEV_batch3_c004|SEV_batch2_c028|SEV_batch3_c041|SEV_batch3_c001|SEV_batch2_c003|SEV_batch2_c024|SEV_batch2_c011|SEV_batch3_c036|SEV_batch2_c023|SEV_batch2_c043|SEV_batch1_c039|SEV_batch3_c037|SEV_batch2_c025,377|494|673|1341|247|244|819|309|441|248|621|585|248|247|248|863|246|249|504|598|249,224.90|224.90|224.90|224.90|224.90|224.90|224.90|224.90|224.90|224.90|224.90|224.90|224.90|224.90|224.90|224.90|224.90|224.90|224.90|224.90|224.90,244.1914,369.3042,37.715,152.0962,0.4286,0.4762,-244.1914,3
Informer,150,1,65,22,21,17185,97.8,SEV_batch3_c013|SEV_batch1_c008|SEV_batch3_c026|SEV_batch3_c042|SEV_batch2_c020|SEV_batch2_c013|SEV_batch3_c000|SEV_batch2_c009|SEV_batch3_c004|SEV_batch2_c028|SEV_batch3_c041|SEV_batch3_c001|SEV_batch2_c003|SEV_batch2_c024|SEV_batch2_c011|SEV_batch3_c036|SEV_batch2_c023|SEV_batch2_c043|SEV_batch1_c039|SEV_batch3_c037|SEV_batch2_c025,377|494|673|1341|247|244|819|309|441|248|621|585|248|247|248|863|246|249|504|598|249,227.48|227.48|227.48|227.48|227.48|227.48|227.48|227.48|227.48|227.48|227.48|227.48|227.48|227.48|227.48|227.48|227.48|227.48|227.48|227.48|227.48,241.6172,367.6072,37.0021,149.5219,0.4286,0.4762,-241.6172,3
Informer,150,2,65,22,21,17185,97.81,SEV_batch3_c013|SEV_batch1_c008|SEV_batch3_c026|SEV_batch3_c042|SEV_batch2_c020|SEV_batch2_c013|SEV_batch3_c000|SEV_batch2_c009|SEV_batch3_c004|SEV_batch2_c028|SEV_batch3_c041|SEV_batch3_c001|SEV_batch2_c003|SEV_batch2_c024|SEV_batch2_c011|SEV_batch3_c036|SEV_batch2_c023|SEV_batch2_c043|SEV_batch1_c039|SEV_batch3_c037|SEV_batch2_c025,377|494|673|1341|247|244|819|309|441|248|621|585|248|247|248|863|246|249|504|598|249,226.17|226.17|226.17|226.17|226.17|226.17|226.17|226.17|226.17|226.17|226.17|226.17|226.17|226.17|226.17|226.17|226.17|226.17|226.17|226.17|226.17,242.922,368.4661,37.3635,150.8268,0.4286,0.4762,-242.922,3
Informer,150,0,66,22,20,17185,98.77,SEV_batch2_c030|SEV_batch3_c020|SEV_batch1_c045|SEV_batch1_c035|SEV_batch3_c029|SEV_batch1_c003|SEV_batch2_c018|SEV_batch1_c024|SEV_batch1_c004|SEV_batch1_c026|SEV_batch3_c025|SEV_batch2_c042|SEV_batch3_c009|SEV_batch3_c045|SEV_batch1_c023|SEV_batch2_c026|SEV_batch2_c039|SEV_batch3_c033|SEV_batch1_c016|SEV_batch3_c015,246|660|506|495|734|876|246|208|877|431|391|245|371|636|891|249|246|352|525|519,224.90|224.90|224.90|224.90|224.90|224.90|224.90|224.90|224.90|224.90|224.90|224.90|224.90|224.90|224.90|224.90|224.90|224.90|224.90|224.90,261.9867,342.7107,43.2411,238.0963,0.3,0.3,-260.2963,4
Informer,150,1,66,22,20,17185,98.9,SEV_batch2_c030|SEV_batch3_c020|SEV_batch1_c045|SEV_batch1_c035|SEV_batch3_c029|SEV_batch1_c003|SEV_batch2_c018|SEV_batch1_c024|SEV_batch1_c004|SEV_batch1_c026|SEV_batch3_c025|SEV_batch2_c042|SEV_batch3_c009|SEV_batch3_c045|SEV_batch1_c023|SEV_batch2_c026|SEV_batch2_c039|SEV_batch3_c033|SEV_batch1_c016|SEV_batch3_c015,246|660|506|495|734|876|246|208|877|431|391|245|371|636|891|249|246|352|525|519,227.48|227.48|227.48|227.48|227.48|227.48|227.48|227.48|227.48|227.48|227.48|227.48|227.48|227.48|227.48|227.48|227.48|227.48|227.48|227.48,259.6701,340.7598,42.706,235.5223,0.3,0.3,-257.7223,4
Informer,150,2,66,22,20,17185,98.88,SEV_batch2_c030|SEV_batch3_c020|SEV_batch1_c045|SEV_batch1_c035|SEV_batch3_c029|SEV_batch1_c003|SEV_batch2_c018|SEV_batch1_c024|SEV_batch1_c004|SEV_batch1_c026|SEV_batch3_c025|SEV_batch2_c042|SEV_batch3_c009|SEV_batch3_c045|SEV_batch1_c023|SEV_batch2_c026|SEV_batch2_c039|SEV_batch3_c033|SEV_batch1_c016|SEV_batch3_c015,246|660|506|495|734|876|246|208|877|431|391|245|371|636|891|249|246|352|525|519,226.17|226.17|226.17|226.17|226.17|226.17|226.17|226.17|226.17|226.17|226.17|226.17|226.17|226.17|226.17|226.17|226.17|226.17|226.17|226.17,260.8432,341.7467,42.977,236.8258,0.3,0.3,-259.0258,4
PatchTST,150,0,63,23,22,17473,39.81,SEV_batch2_c006|SEV_batch1_c006|SEV_batch2_c019|SEV_batch2_c004|SEV_batch1_c012|SEV_batch3_c008|SEV_batch2_c040|SEV_batch1_c044|SEV_batch1_c013|SEV_batch2_c002|SEV_batch1_c030|SEV_batch3_c018|SEV_batch3_c030|SEV_batch1_c021|SEV_batch1_c000|SEV_batch2_c029|SEV_batch3_c040|SEV_batch2_c044|SEV_batch3_c027|SEV_batch2_c036|SEV_batch3_c012|SEV_batch3_c043,256|518|247|245|504|426|361|500|500|246|432|591|753|462|701|245|237|246|773|249|463|706,226.94|226.94|226.94|226.94|226.94|226.94|226.94|226.94|226.94|226.94|226.94|226.94|226.94|226.94|226.94|226.94|226.94|226.94|226.94|226.94|226.94|226.94,212.1919,276.8401,38.8162,220.0555,0.3636,0.3636,-212.1919,0
PatchTST,150,1,63,23,22,17473,39.6,SEV_batch2_c006|SEV_batch1_c006|SEV_batch2_c019|SEV_batch2_c004|SEV_batch1_c012|SEV_batch3_c008|SEV_batch2_c040|SEV_batch1_c044|SEV_batch1_c013|SEV_batch2_c002|SEV_batch1_c030|SEV_batch3_c018|SEV_batch3_c030|SEV_batch1_c021|SEV_batch1_c000|SEV_batch2_c029|SEV_batch3_c040|SEV_batch2_c044|SEV_batch3_c027|SEV_batch2_c036|SEV_batch3_c012|SEV_batch3_c043,256|518|247|245|504|426|361|500|500|246|432|591|753|462|701|245|237|246|773|249|463|706,225.90|225.90|225.90|225.90|225.90|225.90|225.90|225.90|225.90|225.90|225.90|225.90|225.90|225.90|225.90|225.90|225.90|225.90|225.90|225.90|225.90|225.90,213.2335,277.6393,39.097,221.0973,0.3636,0.3636,-213.2335,0
PatchTST,150,2,63,23,22,17473,39.66,SEV_batch2_c006|SEV_batch1_c006|SEV_batch2_c019|SEV_batch2_c004|SEV_batch1_c012|SEV_batch3_c008|SEV_batch2_c040|SEV_batch1_c044|SEV_batch1_c013|SEV_batch2_c002|SEV_batch1_c030|SEV_batch3_c018|SEV_batch3_c030|SEV_batch1_c021|SEV_batch1_c000|SEV_batch2_c029|SEV_batch3_c040|SEV_batch2_c044|SEV_batch3_c027|SEV_batch2_c036|SEV_batch3_c012|SEV_batch3_c043,256|518|247|245|504|426|361|500|500|246|432|591|753|462|701|245|237|246|773|249|463|706,225.99|225.99|225.99|225.99|225.99|225.99|225.98|225.99|225.99|225.99|225.98|225.98|225.99|225.99|225.98|225.99|225.99|225.99|225.99|225.99|225.99|225.99,213.1512,277.5763,39.0748,221.0148,0.3636,0.3636,-213.1512,0
PatchTST,150,0,63,22,23,17473,39.73,SEV_batch1_c014|SEV_batch1_c017|SEV_batch2_c037|SEV_batch1_c037|SEV_batch1_c027|SEV_batch2_c022|SEV_batch1_c025|SEV_batch3_c039|SEV_batch2_c032|SEV_batch3_c003|SEV_batch1_c036|SEV_batch2_c041|SEV_batch2_c010|SEV_batch1_c011|SEV_batch1_c040|SEV_batch3_c038|SEV_batch2_c035|SEV_batch1_c034|SEV_batch2_c007|SEV_batch3_c006|SEV_batch1_c007|SEV_batch3_c007|SEV_batch2_c033,522|507|245|438|502|245|569|938|360|600|490|249|249|507|485|1681|246|541|530|549|569|389|246,226.94|226.94|226.94|226.94|226.94|226.94|226.94|226.94|226.94|226.94|226.94|226.94|226.94|226.94|226.94|226.94|226.94|226.94|226.94|226.94|226.94|226.94|226.94,279.8816,408.2558,44.4366,275.0556,0.2609,0.2609,-279.8816,1
PatchTST,150,1,63,22,23,17473,39.72,SEV_batch1_c014|SEV_batch1_c017|SEV_batch2_c037|SEV_batch1_c037|SEV_batch1_c027|SEV_batch2_c022|SEV_batch1_c025|SEV_batch3_c039|SEV_batch2_c032|SEV_batch3_c003|SEV_batch1_c036|SEV_batch2_c041|SEV_batch2_c010|SEV_batch1_c011|SEV_batch1_c040|SEV_batch3_c038|SEV_batch2_c035|SEV_batch1_c034|SEV_batch2_c007|SEV_batch3_c006|SEV_batch1_c007|SEV_batch3_c007|SEV_batch2_c033,522|507|245|438|502|245|569|938|360|600|490|249|249|507|485|1681|246|541|530|549|569|389|246,225.90|225.90|225.90|225.90|225.90|225.90|225.90|225.90|225.90|225.90|225.90|225.90|225.90|225.90|225.90|225.90|225.90|225.90|225.90|225.90|225.90|225.90|225.90,280.9233,408.9705,44.6916,276.0977,0.2609,0.2609,-280.9233,1
PatchTST,150,2,63,22,23,17473,39.36,SEV_batch1_c014|SEV_batch1_c017|SEV_batch2_c037|SEV_batch1_c037|SEV_batch1_c027|SEV_batch2_c022|SEV_batch1_c025|SEV_batch3_c039|SEV_batch2_c032|SEV_batch3_c003|SEV_batch1_c036|SEV_batch2_c041|SEV_batch2_c010|SEV_batch1_c011|SEV_batch1_c040|SEV_batch3_c038|SEV_batch2_c035|SEV_batch1_c034|SEV_batch2_c007|SEV_batch3_c006|SEV_batch1_c007|SEV_batch3_c007|SEV_batch2_c033,522|507|245|438|502|245|569|938|360|600|490|249|249|507|485|1681|246|541|530|549|569|389|246,225.99|225.99|225.99|225.98|225.98|225.99|225.99|225.99|225.98|225.98|225.98|225.99|225.99|225.99|225.99|225.99|225.99|225.98|225.98|225.99|225.98|225.98|225.99,280.8409,408.9139,44.6714,276.0154,0.2609,0.2609,-280.8409,1
PatchTST,150,0,66,22,20,17473,39.53,SEV_batch1_c043|SEV_batch1_c019|SEV_batch2_c031|SEV_batch1_c042|SEV_batch2_c021|SEV_batch1_c009|SEV_batch2_c005|SEV_batch2_c038|SEV_batch2_c047|SEV_batch1_c031|SEV_batch1_c022|SEV_batch3_c016|SEV_batch3_c021|SEV_batch1_c029|SEV_batch1_c010|SEV_batch3_c019|SEV_batch2_c012|SEV_batch1_c015|SEV_batch1_c005|SEV_batch1_c020,498|507|252|500|250|887|390|251|259|629|793|568|409|505|506|904|252|517|906|421,226.94|226.94|226.94|226.94|226.94|226.94|226.94|226.94|226.94|226.94|226.94|226.94|226.94|226.94|226.94|226.94|226.94|226.94|226.94|226.94,283.2557,354.975,46.6841,275.5557,0.25,0.25,-283.2557,2
PatchTST,150,1,66,22,20,17473,40.26,SEV_batch1_c043|SEV_batch1_c019|SEV_batch2_c031|SEV_batch1_c042|SEV_batch2_c021|SEV_batch1_c009|SEV_batch2_c005|SEV_batch2_c038|SEV_batch2_c047|SEV_batch1_c031|SEV_batch1_c022|SEV_batch3_c016|SEV_batch3_c021|SEV_batch1_c029|SEV_batch1_c010|SEV_batch3_c019|SEV_batch2_c012|SEV_batch1_c015|SEV_batch1_c005|SEV_batch1_c020,498|507|252|500|250|887|390|251|259|629|793|568|409|505|506|904|252|517|906|421,225.90|225.90|225.90|225.90|225.90|225.90|225.90|225.90|225.90|225.90|225.90|225.90|225.90|225.90|225.90|225.90|225.90|225.90|225.90|225.90,284.2965,355.8062,46.9286,276.5963,0.25,0.25,-284.2965,2
PatchTST,150,2,66,22,20,17473,39.46,SEV_batch1_c043|SEV_batch1_c019|SEV_batch2_c031|SEV_batch1_c042|SEV_batch2_c021|SEV_batch1_c009|SEV_batch2_c005|SEV_batch2_c038|SEV_batch2_c047|SEV_batch1_c031|SEV_batch1_c022|SEV_batch3_c016|SEV_batch3_c021|SEV_batch1_c029|SEV_batch1_c010|SEV_batch3_c019|SEV_batch2_c012|SEV_batch1_c015|SEV_batch1_c005|SEV_batch1_c020,498|507|252|500|250|887|390|251|259|629|793|568|409|505|506|904|252|517|906|421,225.99|225.98|225.99|225.99|225.99|225.99|225.99|225.99|225.99|225.98|225.98|225.98|225.99|225.99|225.98|225.99|225.99|225.99|225.99|225.99,284.2148,355.7409,46.9094,276.5144,0.25,0.25,-284.2148,2
PatchTST,150,0,65,22,21,17473,39.29,SEV_batch3_c013|SEV_batch1_c008|SEV_batch3_c026|SEV_batch3_c042|SEV_batch2_c020|SEV_batch2_c013|SEV_batch3_c000|SEV_batch2_c009|SEV_batch3_c004|SEV_batch2_c028|SEV_batch3_c041|SEV_batch3_c001|SEV_batch2_c003|SEV_batch2_c024|SEV_batch2_c011|SEV_batch3_c036|SEV_batch2_c023|SEV_batch2_c043|SEV_batch1_c039|SEV_batch3_c037|SEV_batch2_c025,377|494|673|1341|247|244|819|309|441|248|621|585|248|247|248|863|246|249|504|598|249,226.95|226.95|226.95|226.95|226.95|226.95|226.95|226.95|226.95|226.95|226.95|226.95|226.95|226.95|226.95|226.95|226.95|226.95|226.95|226.94|226.95,242.1492,367.9571,37.1494,150.0539,0.4286,0.4762,-242.1492,3
PatchTST,150,1,65,22,21,17473,39.52,SEV_batch3_c013|SEV_batch1_c008|SEV_batch3_c026|SEV_batch3_c042|SEV_batch2_c020|SEV_batch2_c013|SEV_batch3_c000|SEV_batch2_c009|SEV_batch3_c004|SEV_batch2_c028|SEV_batch3_c041|SEV_batch3_c001|SEV_batch2_c003|SEV_batch2_c024|SEV_batch2_c011|SEV_batch3_c036|SEV_batch2_c023|SEV_batch2_c043|SEV_batch1_c039|SEV_batch3_c037|SEV_batch2_c025,377|494|673|1341|247|244|819|309|441|248|621|585|248|247|248|863|246|249|504|598|249,225.90|225.90|225.90|225.90|225.90|225.90|225.90|225.90|225.90|225.90|225.90|225.90|225.90|225.90|225.90|225.90|225.90|225.90|225.90|225.90|225.90,243.1955,368.6463,37.4392,151.0999,0.4286,0.4762,-243.1955,3
PatchTST,150,2,65,22,21,17473,39.5,SEV_batch3_c013|SEV_batch1_c008|SEV_batch3_c026|SEV_batch3_c042|SEV_batch2_c020|SEV_batch2_c013|SEV_batch3_c000|SEV_batch2_c009|SEV_batch3_c004|SEV_batch2_c028|SEV_batch3_c041|SEV_batch3_c001|SEV_batch2_c003|SEV_batch2_c024|SEV_batch2_c011|SEV_batch3_c036|SEV_batch2_c023|SEV_batch2_c043|SEV_batch1_c039|SEV_batch3_c037|SEV_batch2_c025,377|494|673|1341|247|244|819|309|441|248|621|585|248|247|248|863|246|249|504|598|249,225.99|225.99|225.99|225.99|225.99|225.99|225.99|225.99|225.99|225.98|225.99|225.99|225.99|225.99|225.99|225.99|225.99|225.99|225.99|225.98|225.99,243.1087,368.5891,37.4152,151.0129,0.4286,0.4762,-243.1087,3
PatchTST,150,0,66,22,20,17473,39.65,SEV_batch2_c030|SEV_batch3_c020|SEV_batch1_c045|SEV_batch1_c035|SEV_batch3_c029|SEV_batch1_c003|SEV_batch2_c018|SEV_batch1_c024|SEV_batch1_c004|SEV_batch1_c026|SEV_batch3_c025|SEV_batch2_c042|SEV_batch3_c009|SEV_batch3_c045|SEV_batch1_c023|SEV_batch2_c026|SEV_batch2_c039|SEV_batch3_c033|SEV_batch1_c016|SEV_batch3_c015,246|660|506|495|734|876|246|208|877|431|391|245|371|636|891|249|246|352|525|519,226.95|226.95|226.95|226.95|226.95|226.95|226.95|226.95|226.95|226.95|226.95|226.95|226.95|226.95|226.95|226.95|226.95|226.95|226.95|226.95,260.146,341.16,42.8159,236.0512,0.3,0.3,-258.2511,4
PatchTST,150,1,66,22,20,17473,39.41,SEV_batch2_c030|SEV_batch3_c020|SEV_batch1_c045|SEV_batch1_c035|SEV_batch3_c029|SEV_batch1_c003|SEV_batch2_c018|SEV_batch1_c024|SEV_batch1_c004|SEV_batch1_c026|SEV_batch3_c025|SEV_batch2_c042|SEV_batch3_c009|SEV_batch3_c045|SEV_batch1_c023|SEV_batch2_c026|SEV_batch2_c039|SEV_batch3_c033|SEV_batch1_c016|SEV_batch3_c015,246|660|506|495|734|876|246|208|877|431|391|245|371|636|891|249|246|352|525|519,225.90|225.90|225.90|225.90|225.90|225.90|225.90|225.90|225.90|225.90|225.90|225.90|225.90|225.90|225.90|225.90|225.90|225.90|225.90|225.90,261.0922,341.9565,43.0345,237.1032,0.3,0.3,-259.3025,4
PatchTST,150,2,66,22,20,17473,39.46,SEV_batch2_c030|SEV_batch3_c020|SEV_batch1_c045|SEV_batch1_c035|SEV_batch3_c029|SEV_batch1_c003|SEV_batch2_c018|SEV_batch1_c024|SEV_batch1_c004|SEV_batch1_c026|SEV_batch3_c025|SEV_batch2_c042|SEV_batch3_c009|SEV_batch3_c045|SEV_batch1_c023|SEV_batch2_c026|SEV_batch2_c039|SEV_batch3_c033|SEV_batch1_c016|SEV_batch3_c015,246|660|506|495|734|876|246|208|877|431|391|245|371|636|891|249|246|352|525|519,225.98|225.98|225.98|225.98|225.98|225.98|225.98|225.98|225.98|225.98|225.98|225.98|225.98|225.98|225.98|225.98|225.98|225.98|225.98|225.98,261.018,341.8941,43.0173,237.0213,0.3,0.3,-259.2201,4
Bayesian_LSTM,150,0,63,23,22,331393,162.61,SEV_batch2_c006|SEV_batch1_c006|SEV_batch2_c019|SEV_batch2_c004|SEV_batch1_c012|SEV_batch3_c008|SEV_batch2_c040|SEV_batch1_c044|SEV_batch1_c013|SEV_batch2_c002|SEV_batch1_c030|SEV_batch3_c018|SEV_batch3_c030|SEV_batch1_c021|SEV_batch1_c000|SEV_batch2_c029|SEV_batch3_c040|SEV_batch2_c044|SEV_batch3_c027|SEV_batch2_c036|SEV_batch3_c012|SEV_batch3_c043,256|518|247|245|504|426|361|500|500|246|432|591|753|462|701|245|237|246|773|249|463|706,195.57|195.57|195.57|195.57|195.57|195.57|195.57|195.57|195.57|195.57|195.57|195.57|195.57|195.57|195.57|195.57|195.57|195.57|195.57|195.57|195.57|195.57,243.5711,301.5658,47.276,251.4348,0.1364,0.3636,-243.5711,0
Bayesian_LSTM,150,1,63,23,22,331393,162.85,SEV_batch2_c006|SEV_batch1_c006|SEV_batch2_c019|SEV_batch2_c004|SEV_batch1_c012|SEV_batch3_c008|SEV_batch2_c040|SEV_batch1_c044|SEV_batch1_c013|SEV_batch2_c002|SEV_batch1_c030|SEV_batch3_c018|SEV_batch3_c030|SEV_batch1_c021|SEV_batch1_c000|SEV_batch2_c029|SEV_batch3_c040|SEV_batch2_c044|SEV_batch3_c027|SEV_batch2_c036|SEV_batch3_c012|SEV_batch3_c043,256|518|247|245|504|426|361|500|500|246|432|591|753|462|701|245|237|246|773|249|463|706,199.65|199.65|199.65|199.65|199.65|199.65|199.65|199.65|199.65|199.65|199.65|199.65|199.65|199.65|199.65|199.65|199.65|199.65|199.65|199.65|199.65|199.65,239.4884,298.2779,46.1752,247.352,0.3182,0.3636,-239.4884,0
Bayesian_LSTM,150,2,63,23,22,331393,162.81,SEV_batch2_c006|SEV_batch1_c006|SEV_batch2_c019|SEV_batch2_c004|SEV_batch1_c012|SEV_batch3_c008|SEV_batch2_c040|SEV_batch1_c044|SEV_batch1_c013|SEV_batch2_c002|SEV_batch1_c030|SEV_batch3_c018|SEV_batch3_c030|SEV_batch1_c021|SEV_batch1_c000|SEV_batch2_c029|SEV_batch3_c040|SEV_batch2_c044|SEV_batch3_c027|SEV_batch2_c036|SEV_batch3_c012|SEV_batch3_c043,256|518|247|245|504|426|361|500|500|246|432|591|753|462|701|245|237|246|773|249|463|706,197.92|197.92|197.92|197.92|197.92|197.92|197.92|197.92|197.92|197.92|197.92|197.92|197.92|197.92|197.92|197.92|197.92|197.92|197.92|197.92|197.92|197.92,241.2203,299.6702,46.6422,249.0839,0.2727,0.3636,-241.2203,0
Bayesian_LSTM,150,0,63,22,23,331393,162.53,SEV_batch1_c014|SEV_batch1_c017|SEV_batch2_c037|SEV_batch1_c037|SEV_batch1_c027|SEV_batch2_c022|SEV_batch1_c025|SEV_batch3_c039|SEV_batch2_c032|SEV_batch3_c003|SEV_batch1_c036|SEV_batch2_c041|SEV_batch2_c010|SEV_batch1_c011|SEV_batch1_c040|SEV_batch3_c038|SEV_batch2_c035|SEV_batch1_c034|SEV_batch2_c007|SEV_batch3_c006|SEV_batch1_c007|SEV_batch3_c007|SEV_batch2_c033,522|507|245|438|502|245|569|938|360|600|490|249|249|507|485|1681|246|541|530|549|569|389|246,195.57|195.57|195.57|195.57|195.57|195.57|195.57|195.57|195.57|195.57|195.57|195.57|195.57|195.57|195.57|195.57|195.57|195.57|195.57|195.57|195.57|195.57|195.57,311.2609,430.3746,52.1192,306.4348,0.087,0.2609,-311.2609,1
Bayesian_LSTM,150,1,63,22,23,331393,162.69,SEV_batch1_c014|SEV_batch1_c017|SEV_batch2_c037|SEV_batch1_c037|SEV_batch1_c027|SEV_batch2_c022|SEV_batch1_c025|SEV_batch3_c039|SEV_batch2_c032|SEV_batch3_c003|SEV_batch1_c036|SEV_batch2_c041|SEV_batch2_c010|SEV_batch1_c011|SEV_batch1_c040|SEV_batch3_c038|SEV_batch2_c035|SEV_batch1_c034|SEV_batch2_c007|SEV_batch3_c006|SEV_batch1_c007|SEV_batch3_c007|SEV_batch2_c033,522|507|245|438|502|245|569|938|360|600|490|249|249|507|485|1681|246|541|530|549|569|389|246,199.65|199.65|199.65|199.65|199.65|199.65|199.65|199.65|199.65|199.65|199.65|199.65|199.65|199.65|199.65|199.65|199.65|199.65|199.65|199.65|199.65|199.65|199.65,307.1781,427.4311,51.1196,302.352,0.2609,0.2609,-307.1781,1
Bayesian_LSTM,150,2,63,22,23,331393,162.71,SEV_batch1_c014|SEV_batch1_c017|SEV_batch2_c037|SEV_batch1_c037|SEV_batch1_c027|SEV_batch2_c022|SEV_batch1_c025|SEV_batch3_c039|SEV_batch2_c032|SEV_batch3_c003|SEV_batch1_c036|SEV_batch2_c041|SEV_batch2_c010|SEV_batch1_c011|SEV_batch1_c040|SEV_batch3_c038|SEV_batch2_c035|SEV_batch1_c034|SEV_batch2_c007|SEV_batch3_c006|SEV_batch1_c007|SEV_batch3_c007|SEV_batch2_c033,522|507|245|438|502|245|569|938|360|600|490|249|249|507|485|1681|246|541|530|549|569|389|246,197.92|197.92|197.92|197.92|197.92|197.92|197.92|197.92|197.92|197.92|197.92|197.92|197.92|197.92|197.92|197.92|197.92|197.92|197.92|197.92|197.92|197.92|197.92,308.91,428.6775,51.5437,304.0839,0.1739,0.2609,-308.91,1
Bayesian_LSTM,150,0,66,22,20,331393,165.29,SEV_batch1_c043|SEV_batch1_c019|SEV_batch2_c031|SEV_batch1_c042|SEV_batch2_c021|SEV_batch1_c009|SEV_batch2_c005|SEV_batch2_c038|SEV_batch2_c047|SEV_batch1_c031|SEV_batch1_c022|SEV_batch3_c016|SEV_batch3_c021|SEV_batch1_c029|SEV_batch1_c010|SEV_batch3_c019|SEV_batch2_c012|SEV_batch1_c015|SEV_batch1_c005|SEV_batch1_c020,498|507|252|500|250|887|390|251|259|629|793|568|409|505|506|904|252|517|906|421,195.89|195.89|195.89|195.89|195.89|195.89|195.89|195.89|195.89|195.89|195.89|195.89|195.89|195.89|195.89|195.89|195.89|195.89|195.89|195.89,314.31,380.216,53.9797,306.61,0.0,0.25,-314.31,2
Bayesian_LSTM,150,1,66,22,20,331393,165.55,SEV_batch1_c043|SEV_batch1_c019|SEV_batch2_c031|SEV_batch1_c042|SEV_batch2_c021|SEV_batch1_c009|SEV_batch2_c005|SEV_batch2_c038|SEV_batch2_c047|SEV_batch1_c031|SEV_batch1_c022|SEV_batch3_c016|SEV_batch3_c021|SEV_batch1_c029|SEV_batch1_c010|SEV_batch3_c019|SEV_batch2_c012|SEV_batch1_c015|SEV_batch1_c005|SEV_batch1_c020,498|507|252|500|250|887|390|251|259|629|793|568|409|505|506|904|252|517|906|421,199.64|199.64|199.64|199.64|199.64|199.64|199.64|199.64|199.64|199.64|199.64|199.64|199.64|199.64|199.64|199.64|199.64|199.64|199.64|199.64,310.5609,377.1227,53.0989,302.8609,0.0,0.25,-310.5609,2
Bayesian_LSTM,150,2,66,22,20,331393,165.57,SEV_batch1_c043|SEV_batch1_c019|SEV_batch2_c031|SEV_batch1_c042|SEV_batch2_c021|SEV_batch1_c009|SEV_batch2_c005|SEV_batch2_c038|SEV_batch2_c047|SEV_batch1_c031|SEV_batch1_c022|SEV_batch3_c016|SEV_batch3_c021|SEV_batch1_c029|SEV_batch1_c010|SEV_batch3_c019|SEV_batch2_c012|SEV_batch1_c015|SEV_batch1_c005|SEV_batch1_c020,498|507|252|500|250|887|390|251|259|629|793|568|409|505|506|904|252|517|906|421,197.94|197.94|197.94|197.94|197.94|197.94|197.94|197.94|197.94|197.94|197.94|197.94|197.94|197.94|197.94|197.94|197.94|197.94|197.94|197.94,312.2573,378.5209,53.4975,304.5573,0.0,0.25,-312.2573,2
Bayesian_LSTM,150,0,65,22,21,331393,164.97,SEV_batch3_c013|SEV_batch1_c008|SEV_batch3_c026|SEV_batch3_c042|SEV_batch2_c020|SEV_batch2_c013|SEV_batch3_c000|SEV_batch2_c009|SEV_batch3_c004|SEV_batch2_c028|SEV_batch3_c041|SEV_batch3_c001|SEV_batch2_c003|SEV_batch2_c024|SEV_batch2_c011|SEV_batch3_c036|SEV_batch2_c023|SEV_batch2_c043|SEV_batch1_c039|SEV_batch3_c037|SEV_batch2_c025,377|494|673|1341|247|244|819|309|441|248|621|585|248|247|248|863|246|249|504|598|249,196.10|196.10|196.10|196.10|196.10|196.10|196.10|196.10|196.10|196.10|196.10|196.10|196.10|196.10|196.10|196.10|196.10|196.10|196.10|196.10|196.10,272.994,388.9497,45.6916,180.8988,0.0952,0.4286,-272.994,3
Bayesian_LSTM,150,1,65,22,21,331393,164.87,SEV_batch3_c013|SEV_batch1_c008|SEV_batch3_c026|SEV_batch3_c042|SEV_batch2_c020|SEV_batch2_c013|SEV_batch3_c000|SEV_batch2_c009|SEV_batch3_c004|SEV_batch2_c028|SEV_batch3_c041|SEV_batch3_c001|SEV_batch2_c003|SEV_batch2_c024|SEV_batch2_c011|SEV_batch3_c036|SEV_batch2_c023|SEV_batch2_c043|SEV_batch1_c039|SEV_batch3_c037|SEV_batch2_c025,377|494|673|1341|247|244|819|309|441|248|621|585|248|247|248|863|246|249|504|598|249,199.65|199.65|199.65|199.65|199.65|199.65|199.65|199.65|199.65|199.65|199.65|199.65|199.65|199.65|199.65|199.65|199.65|199.65|199.65|199.65|199.65,269.4417,386.4647,44.7078,177.3464,0.4286,0.4286,-269.4417,3
Bayesian_LSTM,150,2,65,22,21,331393,164.99,SEV_batch3_c013|SEV_batch1_c008|SEV_batch3_c026|SEV_batch3_c042|SEV_batch2_c020|SEV_batch2_c013|SEV_batch3_c000|SEV_batch2_c009|SEV_batch3_c004|SEV_batch2_c028|SEV_batch3_c041|SEV_batch3_c001|SEV_batch2_c003|SEV_batch2_c024|SEV_batch2_c011|SEV_batch3_c036|SEV_batch2_c023|SEV_batch2_c043|SEV_batch1_c039|SEV_batch3_c037|SEV_batch2_c025,377|494|673|1341|247|244|819|309|441|248|621|585|248|247|248|863|246|249|504|598|249,197.95|197.95|197.95|197.95|197.95|197.95|197.95|197.95|197.95|197.95|197.95|197.95|197.95|197.95|197.95|197.95|197.95|197.95|197.95|197.95|197.95,271.143,387.6528,45.179,179.0478,0.1905,0.4286,-271.143,3
Bayesian_LSTM,150,0,66,22,20,331393,165.59,SEV_batch2_c030|SEV_batch3_c020|SEV_batch1_c045|SEV_batch1_c035|SEV_batch3_c029|SEV_batch1_c003|SEV_batch2_c018|SEV_batch1_c024|SEV_batch1_c004|SEV_batch1_c026|SEV_batch3_c025|SEV_batch2_c042|SEV_batch3_c009|SEV_batch3_c045|SEV_batch1_c023|SEV_batch2_c026|SEV_batch2_c039|SEV_batch3_c033|SEV_batch1_c016|SEV_batch3_c015,246|660|506|495|734|876|246|208|877|431|391|245|371|636|891|249|246|352|525|519,196.30|196.30|196.30|196.30|196.30|196.30|196.30|196.30|196.30|196.30|196.30|196.30|196.30|196.30|196.30|196.30|196.30|196.30|196.30|196.30,288.9033,364.9131,49.7514,266.7033,0.25,0.3,-288.9033,4
Bayesian_LSTM,150,1,66,22,20,331393,165.6,SEV_batch2_c030|SEV_batch3_c020|SEV_batch1_c045|SEV_batch1_c035|SEV_batch3_c029|SEV_batch1_c003|SEV_batch2_c018|SEV_batch1_c024|SEV_batch1_c004|SEV_batch1_c026|SEV_batch3_c025|SEV_batch2_c042|SEV_batch3_c009|SEV_batch3_c045|SEV_batch1_c023|SEV_batch2_c026|SEV_batch2_c039|SEV_batch3_c033|SEV_batch1_c016|SEV_batch3_c015,246|660|506|495|734|876|246|208|877|431|391|245|371|636|891|249|246|352|525|519,199.65|199.65|199.65|199.65|199.65|199.65|199.65|199.65|199.65|199.65|199.65|199.65|199.65|199.65|199.65|199.65|199.65|199.65|199.65|199.65,285.5524,362.2659,48.8936,263.3524,0.3,0.3,-285.5524,4
Bayesian_LSTM,150,2,66,22,20,331393,166.46,SEV_batch2_c030|SEV_batch3_c020|SEV_batch1_c045|SEV_batch1_c035|SEV_batch3_c029|SEV_batch1_c003|SEV_batch2_c018|SEV_batch1_c024|SEV_batch1_c004|SEV_batch1_c026|SEV_batch3_c025|SEV_batch2_c042|SEV_batch3_c009|SEV_batch3_c045|SEV_batch1_c023|SEV_batch2_c026|SEV_batch2_c039|SEV_batch3_c033|SEV_batch1_c016|SEV_batch3_c015,246|660|506|495|734|876|246|208|877|431|391|245|371|636|891|249|246|352|525|519,197.94|197.94|197.94|197.94|197.94|197.94|197.94|197.94|197.94|197.94|197.94|197.94|197.94|197.94|197.94|197.94|197.94|197.94|197.94|197.94,287.2562,363.6104,49.3297,265.0562,0.25,0.3,-287.2562,4
